Ofertas Iniciales para: 2025-09-09


AGENTE: 4E S.A.S E.S.P.
PARQUESOLARARENAL1 , D, 0, 0, 0, 0, 0, 0, 0.3, 0.7, 0.7, 1.2, 1.4, 1.6, 1.8, 1.6, 1.4, 1.2, 0.7, 0.3, 0, 0, 0, 0, 0, 0
PARQUESOLARARENAL1 , INVD, 9, 9, 9, 9, 9, 9, 9, 9, 9, 9, 9, 9, 9, 9, 9, 9, 9, 9, 9, 9, 9, 9, 9, 9


AGENTE: ABO WIND DIECISEIS
CONDOR1 , D, 0, 0, 0, 0, 0, 0, 2.85, 8.04, 9.08, 8.3, 9.31, 9.11, 9.31, 9.5, 8.37, 8.18, 5.7, 0.88, 0, 0, 0, 0, 0, 0
CONDOR1 , INVD, 35, 35, 35, 35, 35, 35, 35, 35, 35, 35, 35, 35, 35, 35, 35, 35, 35, 35, 35, 35, 35, 35, 35, 35


AGENTE: AES COLOMBIA
BIOENERGY1 , D, 0, 0, 0, 0, 0, 0, 0, 0, 0, 0, 0, 0, 0, 0, 0, 0, 0, 0, 0, 0, 0, 0, 0, 0
CHIVOR , P, 96056
CHIVOR1 , D, 125, 125, 125, 125, 125, 125, 125, 125, 125, 125, 125, 125, 125, 125, 125, 125, 125, 125, 125, 125, 125, 125, 125, 125
CHIVOR2 , D, 125, 125, 125, 125, 125, 125, 125, 125, 125, 125, 125, 125, 125, 125, 125, 125, 125, 125, 125, 125, 125, 125, 125, 125
CHIVOR3 , D, 125, 125, 125, 125, 125, 125, 125, 125, 125, 125, 125, 125, 125, 125, 125, 125, 125, 125, 125, 125, 125, 125, 125, 125
CHIVOR4 , D, 125, 125, 125, 125, 125, 125, 125, 125, 125, 125, 125, 125, 125, 125, 125, 125, 125, 125, 125, 125, 125, 125, 125, 125
CHIVOR5 , D, 0, 0, 0, 0, 0, 0, 0, 0, 0, 0, 0, 0, 0, 0, 0, 0, 0, 0, 0, 0, 0, 0, 0, 0
CHIVOR6 , D, 0, 0, 0, 0, 0, 0, 0, 0, 0, 0, 0, 0, 0, 0, 0, 0, 0, 0, 0, 0, 0, 0, 0, 0
CHIVOR7 , D, 0, 0, 0, 0, 0, 0, 0, 0, 0, 0, 0, 0, 0, 0, 0, 0, 0, 0, 0, 0, 0, 0, 0, 0
CHIVOR8 , D, 0, 0, 0, 0, 0, 0, 0, 0, 0, 0, 0, 0, 0, 0, 0, 0, 0, 0, 0, 0, 0, 0, 0, 0
CHIVOR1 , AGCU, 105, 105, 105, 105, 105, 105, 105, 105, 105, 105, 105, 105, 105, 105, 105, 105, 105, 105, 0, 0, 0, 105, 105, 105
CHIVOR2 , AGCU, 105, 105, 105, 105, 105, 105, 105, 105, 105, 105, 105, 105, 105, 105, 105, 105, 105, 105, 0, 0, 0, 105, 105, 105
CHIVOR3 , AGCU, 105, 105, 105, 105, 105, 105, 105, 105, 105, 105, 105, 105, 105, 105, 105, 105, 105, 105, 0, 0, 0, 105, 105, 105
CHIVOR4 , AGCU, 105, 105, 105, 105, 105, 105, 105, 105, 105, 105, 105, 105, 105, 105, 105, 105, 105, 105, 0, 0, 0, 105, 105, 105
CHIVOR5 , AGCU, 0, 0, 0, 0, 0, 0, 0, 0, 0, 0, 0, 0, 0, 0, 0, 0, 0, 0, 0, 0, 0, 0, 0, 0
CHIVOR7 , AGCU, 0, 0, 0, 0, 0, 0, 0, 0, 0, 0, 0, 0, 0, 0, 0, 0, 0, 0, 0, 0, 0, 0, 0, 0
CHIVOR , AGCP, 420, 420, 420, 420, 420, 420, 420, 420, 420, 420, 420, 420, 420, 420, 420, 420, 420, 420, 0, 0, 0, 420, 420, 420
CHIVOR1 , PRU, 0, 0, 0, 0, 0, 0, 0, 0, 0, 0, 0, 0, 0, 0, 0, 0, 0, 0, 0, 0, 0, 0, 0, 0
CHIVOR2 , PRU, 0, 0, 0, 0, 0, 0, 0, 0, 0, 0, 0, 0, 0, 0, 0, 0, 0, 0, 0, 0, 0, 0, 0, 0
CHIVOR3 , PRU, 0, 0, 0, 0, 0, 0, 0, 0, 0, 0, 0, 0, 0, 0, 0, 0, 0, 0, 0, 0, 0, 0, 0, 0
CHIVOR4 , PRU, 0, 0, 0, 0, 0, 0, 0, 0, 0, 0, 0, 0, 0, 0, 0, 0, 0, 0, 0, 0, 0, 0, 0, 0
CHIVOR5 , PRU, 0, 0, 0, 0, 0, 0, 0, 0, 0, 0, 0, 0, 0, 0, 0, 0, 0, 0, 0, 0, 0, 0, 0, 0
CHIVOR6 , PRU, 0, 0, 0, 0, 0, 0, 0, 0, 0, 0, 0, 0, 0, 0, 0, 0, 0, 0, 0, 0, 0, 0, 0, 0
CHIVOR7 , PRU, 0, 0, 0, 0, 0, 0, 0, 0, 0, 0, 0, 0, 0, 0, 0, 0, 0, 0, 0, 0, 0, 0, 0, 0
CHIVOR8 , PRU, 0, 0, 0, 0, 0, 0, 0, 0, 0, 0, 0, 0, 0, 0, 0, 0, 0, 0, 0, 0, 0, 0, 0, 0
TUNJITA1 , D, 19.6, 19.6, 19.6, 19.6, 19.6, 19.6, 19.6, 19.6, 19.6, 19.6, 19.6, 19.6, 19.6, 19.6, 19.6, 19.6, 19.6, 19.6, 19.6, 19.6, 19.6, 19.6, 19.6, 19.6


AGENTE: ATLÁNTICA COLOMBIA
LASIERPE1 , D, 0, 0, 0, 0, 0, 0, 2, 6, 8, 14, 19, 19, 19, 18, 16, 14, 4, 6, 1, 0, 0, 0, 0, 0
LASIERPE1 , INVD, 6, 6, 6, 6, 6, 6, 6, 6, 6, 6, 6, 6, 6, 6, 6, 6, 6, 6, 6, 6, 6, 6, 6, 6
LATOLUA1 , D, 0, 0, 0, 0, 0, 0, 2, 4, 8, 12, 19, 19, 19, 18, 16, 14, 8, 6, 1, 0, 0, 0, 0, 0
LATOLUA1 , INVD, 6, 6, 6, 6, 6, 6, 6, 6, 6, 6, 6, 6, 6, 6, 6, 6, 6, 6, 6, 6, 6, 6, 6, 6
PARQUESOLARHONDAI1 , D, 0, 0, 0, 0, 0, 0, 1, 2, 4, 6, 6, 8, 8, 8, 8, 6, 4, 2, 1, 0, 0, 0, 0, 0
PARQUESOLARHONDAI1 , INVD, 36, 36, 36, 36, 36, 36, 36, 36, 36, 36, 36, 36, 36, 36, 36, 36, 36, 36, 36, 36, 36, 36, 36, 36
PARQUESOLARHONDAII1 , D, 0, 0, 0, 0, 0, 0, 1, 2, 3, 4, 6, 9, 9, 9, 6, 7, 7, 2, 1, 0, 0, 0, 0, 0
PARQUESOLARHONDAII1 , INVD, 36, 36, 36, 36, 36, 36, 36, 36, 36, 36, 36, 36, 36, 36, 36, 36, 36, 36, 36, 36, 36, 36, 36, 36
TIERRALINDA1 , D, 0, 0, 0, 0, 0, 0, 1, 2, 3, 4, 9, 9, 9, 9, 7, 6, 6, 2, 1, 0, 0, 0, 0, 0
TIERRALINDA1 , INVD, 3, 3, 3, 3, 3, 3, 3, 3, 3, 3, 3, 3, 3, 3, 3, 3, 3, 3, 3, 3, 3, 3, 3, 3


AGENTE: AURES BAJO
AURESBAJO1 , D, 9, 9, 9, 9, 9, 9, 9, 9, 9, 9, 9, 9, 9, 9, 9, 9, 9, 9, 9, 9, 9, 9, 9, 9
AURESBAJO2 , D, 3.5, 3.5, 3.5, 3.5, 3.5, 3.5, 3.5, 3.5, 3, 3, 3, 3, 3, 3, 3, 3, 3, 3.5, 3.5, 3.5, 3.5, 3.5, 3.5, 3.5


AGENTE: BCCY CORDOBA 
AUTOGLOSPOCITOS1 , D, 1.8, 1.8, 1.8, 1.8, 1.8, 1.8, 1.8, 1.8, 1.8, 1.8, 1.8, 1.8, 1.8, 1.8, 1.8, 1.8, 1.8, 1.8, 1.8, 1.8, 1.8, 1.8, 1.8, 1.8
PETALODECORDOBAII1 , D, 0, 0, 0, 0, 0, 0, 0.19, 2.41, 5.37, 7.69, 8.08, 7.49, 6.88, 7.33, 6.22, 5.9, 4.43, 1.05, 0, 0, 0, 0, 0, 0
PETALODECORDOBAII1 , INVD, 54, 54, 54, 54, 54, 54, 54, 54, 54, 54, 54, 54, 54, 54, 54, 54, 54, 54, 54, 54, 54, 54, 54, 54


AGENTE: BIOGAS COLOMBIA
DOÑAJUANA1 , D, 0.25, 0.25, 0.25, 0.25, 0.25, 0.25, 0.25, 0.25, 0.25, 0.25, 0.25, 0.25, 0.25, 0.25, 0.25, 0.25, 0.25, 0.25, 0.25, 0.25, 0.25, 0.25, 0.25, 0.25


AGENTE: CEDENAR
RIOBOBO1 , D, 2.5, 2.5, 2.5, 2.5, 2.5, 2.5, 2.5, 2.5, 2.5, 2.5, 2.5, 2.5, 2.5, 2.5, 2.5, 2.5, 2.5, 2.5, 2.5, 2.5, 2.5, 2.5, 2.5, 2.5
RIOMAYO1 , D, 0, 0, 0, 0, 0, 0, 0, 0, 6.6, 6.6, 6.6, 6, 0, 0, 0, 0, 0, 0, 0, 6, 6.6, 6.6, 6.6, 0
RIOMAYO2 , D, 0, 0, 0, 0, 0, 0, 0, 0, 6.6, 6.6, 6.6, 6, 0, 0, 0, 0, 6, 6.6, 6.6, 6.6, 6.6, 6.6, 6.6, 0
RIOMAYO3 , D, 6.6, 6.6, 6.6, 6.6, 6.6, 6.6, 6.6, 6.6, 6.6, 6.6, 6.6, 6, 0, 0, 6, 6.6, 6.6, 6.6, 6.6, 6.6, 6.6, 6.6, 6.6, 6.6
RIOSAPUYES1 , D, 1.2, 1.2, 1.2, 1.2, 1.2, 1.2, 1.2, 1.2, 1.2, 1.2, 1.2, 1.2, 1.2, 1.2, 1.2, 1.2, 1.2, 1.2, 1.2, 1.2, 1.2, 1.2, 1.2, 1.2


AGENTE: CELSIA COLOMBIA
ALBAN , P, 96057
ALBAN , MO, 16, 16, 16, 16, 16, 16, 16, 16, 16, 14, 14, 14, 14, 14, 14, 14, 14, 14, 15, 15, 15, 15, 15, 15
ALTOANCHICAYA1 , D, 115, 115, 115, 115, 115, 115, 115, 115, 115, 115, 115, 115, 115, 115, 115, 115, 115, 115, 115, 115, 115, 115, 115, 115
ALTOANCHICAYA2 , D, 120, 120, 120, 120, 120, 120, 120, 120, 120, 120, 120, 120, 120, 120, 120, 120, 120, 120, 120, 120, 120, 120, 120, 120
ALTOANCHICAYA3 , D, 0, 0, 0, 0, 0, 0, 0, 0, 0, 0, 0, 0, 0, 0, 0, 0, 0, 0, 0, 0, 0, 0, 0, 0
BAJOANCHICAYA1 , D, 0, 0, 0, 0, 0, 0, 0, 0, 0, 0, 0, 0, 0, 0, 0, 0, 0, 0, 0, 0, 0, 0, 0, 0
BAJOANCHICAYA2 , D, 12, 12, 12, 12, 12, 12, 12, 12, 12, 12, 12, 12, 12, 12, 12, 12, 12, 12, 12, 12, 12, 12, 12, 12
BAJOANCHICAYA3 , D, 24, 24, 24, 24, 24, 24, 24, 24, 24, 24, 24, 24, 24, 24, 24, 24, 24, 24, 24, 24, 24, 24, 24, 24
BAJOANCHICAYA4 , D, 20, 20, 20, 20, 20, 20, 20, 20, 20, 18, 18, 18, 18, 18, 18, 18, 18, 18, 19, 19, 19, 19, 19, 19
ALTOANCHICAYA1 , AGCU, 0, 0, 0, 0, 0, 0, 0, 0, 0, 0, 0, 0, 0, 0, 0, 0, 0, 0, 0, 0, 0, 0, 0, 0
ALTOANCHICAYA2 , AGCU, 0, 0, 0, 0, 0, 0, 0, 0, 0, 0, 0, 0, 0, 0, 0, 0, 0, 0, 0, 0, 0, 0, 0, 0
ALTOANCHICAYA3 , AGCU, 0, 0, 0, 0, 0, 0, 0, 0, 0, 0, 0, 0, 0, 0, 0, 0, 0, 0, 0, 0, 0, 0, 0, 0
BAJOANCHICAYA1 , AGCU, 0, 0, 0, 0, 0, 0, 0, 0, 0, 0, 0, 0, 0, 0, 0, 0, 0, 0, 0, 0, 0, 0, 0, 0
ALBAN , AGCP, 0, 0, 0, 0, 0, 0, 0, 0, 0, 0, 0, 0, 0, 0, 0, 0, 0, 0, 0, 0, 0, 0, 0, 0
ALTOTULUA1 , D, 0, 0, 0, 0, 0, 0, 0, 0, 0, 0, 0, 0, 0, 0, 0, 0, 0, 0, 0, 0, 0, 0, 0, 0
ALTOTULUA2 , D, 4, 4, 4, 4, 3, 3, 3, 3, 1, 0, 0, 2, 3, 3, 3, 3, 2, 2, 3, 4, 4, 4, 4, 4
AMAIME1 , D, 9, 8, 8, 8, 8, 8, 8, 8, 7, 7, 7, 7, 7, 7, 7, 7, 6, 6, 6, 7, 8, 8, 8, 8
ARGOSCARTAGENA1 , D, 0, 0, 0, 0, 0, 0, 0, 0, 0, 0, 0, 0, 0, 0, 0, 0, 0, 0, 0, 0, 0, 0, 0, 0
AUTOGARGOSYUMBO1 , D, 0, 0, 0, 0, 0, 0, 0, 0, 0, 0, 0, 0, 0, 0, 0, 0, 0, 0, 0, 2, 4, 0, 0, 0
AUTOGBUGAIGRASAS1 , D, 0, 0, 0, 0, 0, 0, 0, 0, 0, 0, 0, 0, 0, 0, 0, 0, 0, 0, 0, 0, 0, 0, 0, 0
AUTOGBUGAIGRASAS1 , INVD, 20, 20, 20, 20, 20, 20, 20, 20, 20, 20, 20, 20, 20, 20, 20, 20, 20, 20, 20, 20, 20, 20, 20, 20
AUTOGBUGAISOLLA1 , D, 0, 0, 0, 0, 0, 0, 0, 0, 0, 0, 0, 0, 0, 0, 0, 0, 0, 0, 0, 0, 0, 0, 0, 0
AUTOGBUGAISOLLA1 , INVD, 30, 30, 30, 30, 30, 30, 30, 30, 30, 30, 30, 30, 30, 30, 30, 30, 30, 30, 30, 30, 30, 30, 30, 30
AUTOGCELSIASOLARESPINAL1 , D, 0, 0, 0, 0, 0, 0, 0, 0, 3, 5, 3, 0, 2, 7, 5, 1, 1, 0, 0, 0, 0, 0, 0, 0
AUTOGCELSIASOLARESPINAL1 , INVD, 56, 56, 56, 56, 56, 56, 56, 56, 56, 56, 56, 56, 56, 56, 56, 56, 56, 56, 56, 56, 56, 56, 56, 56
AUTOGCELSIASOLARHARINAS1 , D, 0, 0, 0, 0, 0, 0, 0, 0, 0, 0, 0, 0, 0, 1, 0, 0, 0, 0, 0, 0, 0, 0, 0, 0
AUTOGCELSIASOLARHARINAS1 , INVD, 14, 14, 14, 14, 14, 14, 14, 14, 14, 14, 14, 14, 14, 14, 14, 14, 14, 14, 14, 14, 14, 14, 14, 14
AUTOGCELSIASOLARLEVAPAN1 , D, 0, 0, 0, 0, 0, 0, 0, 1, 2, 2, 2, 3, 3, 4, 1, 1, 1, 0, 0, 0, 0, 0, 0, 0
AUTOGCELSIASOLARLEVAPAN1 , INVD, 43, 43, 43, 43, 43, 43, 43, 43, 43, 43, 43, 43, 43, 43, 43, 43, 43, 43, 43, 43, 43, 43, 43, 43
AUTOGCELSIASOLARPALMIRA31 , D, 0, 0, 0, 0, 0, 0, 0, 0, 0, 0, 0, 0, 1, 0, 0, 0, 0, 0, 0, 0, 0, 0, 0, 0
AUTOGCELSIASOLARPALMIRA31 , INVD, 35, 35, 35, 35, 35, 35, 35, 35, 35, 35, 35, 35, 35, 35, 35, 35, 35, 35, 35, 35, 35, 35, 35, 35
AUTOGCELSIASOLARPALMIRA3ZONAFRANCA1 , D, 0, 0, 0, 0, 0, 0, 0, 0, 0, 0, 0, 0, 0, 0, 0, 0, 0, 0, 0, 0, 0, 0, 0, 0
AUTOGCELSIASOLARPALMIRA3ZONAFRANCA1 , INVD, 15, 15, 15, 15, 15, 15, 15, 15, 15, 15, 15, 15, 15, 15, 15, 15, 15, 15, 15, 15, 15, 15, 15, 15
AUTOGCELSIASOLARTQJAMUNDI1 , D, 0, 0, 0, 0, 0, 0, 0, 0, 0, 0, 0, 0, 0, 0, 0, 0, 0, 0, 0, 0, 0, 0, 0, 0
AUTOGCELSIASOLARTQJAMUNDI1 , INVD, 17, 17, 17, 17, 17, 17, 17, 17, 17, 17, 17, 17, 17, 17, 17, 17, 17, 17, 17, 17, 17, 17, 17, 17
AUTOGCELSIASOLARYUMBO1 , D, 0, 0, 0, 0, 0, 0, 0, 0, 0, 1, 1, 1, 0, 0, 0, 0, 0, 0, 0, 0, 0, 0, 0, 0
AUTOGCELSIASOLARYUMBO1 , INVD, 9, 9, 9, 9, 9, 9, 9, 9, 9, 9, 9, 9, 9, 9, 9, 9, 9, 9, 9, 9, 9, 9, 9, 9
AUTOGCOMOLSA1 , D, 0, 0, 0, 0, 0, 0, 0, 1.2, 2.2, 2.2, 3.3, 3.3, 3.3, 3.3, 2.2, 1.2, 1.2, 1, 0, 0, 0, 0, 0, 0
AUTOGCOMOLSA1 , INVD, 17, 17, 17, 17, 17, 17, 17, 17, 17, 17, 17, 17, 17, 17, 17, 17, 17, 17, 17, 17, 17, 17, 17, 17
AUTOGMOLINOSSANTAMARTA1 , D, 0, 0, 0, 0, 0, 0, 0, 1.2, 2.2, 2.2, 3.3, 3.3, 3.3, 3.3, 2.2, 1.2, 1.2, 1, 0, 0, 0, 0, 0, 0
AUTOGMOLINOSSANTAMARTA1 , INVD, 17, 17, 17, 17, 17, 17, 17, 17, 17, 17, 17, 17, 17, 17, 17, 17, 17, 17, 17, 17, 17, 17, 17, 17
AUTOGQBCO1 , D, 0, 0, 0, 0, 0, 0, 0, 1.2, 2.2, 2.2, 3.3, 3.3, 3.3, 3.3, 2.2, 1.2, 1.2, 1, 0, 0, 0, 0, 0, 0
AUTOGQBCO1 , INVD, 17, 17, 17, 17, 17, 17, 17, 17, 17, 17, 17, 17, 17, 17, 17, 17, 17, 17, 17, 17, 17, 17, 17, 17
AUTOGSOLARPALMIRAIIBERRY1 , D, 0, 0, 0, 0, 0, 0, 0, 0, 0, 2, 0, 1, 2, 0, 0, 0, 0, 0, 0, 0, 0, 0, 0, 0
AUTOGSOLARPALMIRAIIBERRY1 , INVD, 49, 49, 49, 49, 49, 49, 49, 49, 49, 49, 49, 49, 49, 49, 49, 49, 49, 49, 49, 49, 49, 49, 49, 49
BAJOTULUA1 , D, 5, 5, 5, 5, 5, 5, 4, 4, 3, 0, 1, 3, 4, 4, 4, 4, 4, 4, 4, 4, 4, 5, 5, 5
BAJOTULUA2 , D, 5, 5, 5, 5, 5, 5, 4, 4, 3, 0, 1, 3, 4, 4, 4, 4, 4, 4, 4, 4, 4, 5, 5, 5
CALIMA , P, 865000
CALIMA1 , D, 33, 33, 33, 33, 33, 33, 33, 33, 33, 33, 33, 33, 33, 33, 33, 33, 33, 33, 33, 33, 33, 33, 33, 33
CALIMA2 , D, 33, 33, 33, 33, 33, 33, 33, 33, 33, 33, 33, 33, 33, 33, 33, 33, 33, 33, 33, 33, 33, 33, 33, 33
CALIMA3 , D, 33, 33, 33, 33, 33, 33, 33, 33, 33, 33, 33, 33, 33, 33, 33, 33, 33, 33, 33, 33, 33, 33, 33, 33
CALIMA4 , D, 33, 33, 33, 33, 33, 33, 33, 33, 33, 33, 33, 33, 33, 33, 33, 33, 33, 33, 33, 33, 33, 33, 33, 33
CALIMA1 , AGCU, 0, 0, 0, 0, 0, 0, 0, 0, 0, 0, 0, 0, 0, 0, 0, 0, 0, 0, 0, 0, 0, 0, 0, 0
CALIMA2 , AGCU, 0, 0, 0, 0, 0, 0, 0, 0, 0, 0, 0, 0, 0, 0, 0, 0, 0, 0, 0, 0, 0, 0, 0, 0
CALIMA3 , AGCU, 0, 0, 0, 0, 0, 0, 0, 0, 0, 0, 0, 0, 0, 0, 0, 0, 0, 0, 0, 0, 0, 0, 0, 0
CALIMA4 , AGCU, 0, 0, 0, 0, 0, 0, 0, 0, 0, 0, 0, 0, 0, 0, 0, 0, 0, 0, 0, 0, 0, 0, 0, 0
CALIMA , AGCP, 0, 0, 0, 0, 0, 0, 0, 0, 0, 0, 0, 0, 0, 0, 0, 0, 0, 0, 0, 0, 0, 0, 0, 0
CELSIASOLARALUMINA1 , D, 0, 0, 0, 0, 0, 0, 0, 0, 0, 0, 0, 0, 0, 0, 0, 0, 0, 0, 0, 0, 0, 0, 0, 0
CELSIASOLARALUMINA1 , INVD, 34, 34, 34, 34, 34, 34, 34, 34, 34, 34, 34, 34, 34, 34, 34, 34, 34, 34, 34, 34, 34, 34, 34, 34
CELSIASOLARBOLIVAR1 , D, 0, 0, 0, 0, 0, 0, 0, 1, 3, 3, 2, 1, 0, 0, 0, 1, 0, 0, 0, 0, 0, 0, 0, 0
CELSIASOLARBOLIVAR1 , INVD, 5, 5, 5, 5, 5, 5, 5, 5, 5, 5, 5, 5, 5, 5, 5, 5, 5, 5, 5, 5, 5, 5, 5, 5
CELSIASOLARBUGALAGRANDE1 , D, 0, 0, 0, 0, 0, 0, 0, 3, 7, 4, 4, 4, 6, 4, 3, 1, 3, 0, 0, 0, 0, 0, 0, 0
CELSIASOLARBUGALAGRANDE1 , INVD, 50, 50, 50, 50, 50, 50, 50, 50, 50, 50, 50, 50, 50, 50, 50, 50, 50, 50, 50, 50, 50, 50, 50, 50
CELSIASOLARCARMELO1 , D, 0, 0, 0, 0, 0, 0, 0, 0, 0, 0, 0, 0, 1, 0, 0, 0, 0, 0, 0, 0, 0, 0, 0, 0
CELSIASOLARCARMELO1 , INVD, 56, 56, 56, 56, 56, 56, 56, 56, 56, 56, 56, 56, 56, 56, 56, 56, 56, 56, 56, 56, 56, 56, 56, 56
CELSIASOLARDULIMA1 , D, 0, 0, 0, 0, 0, 0, 2, 11, 18, 16, 12, 2, 6, 17, 13, 8, 5, 2, 0, 0, 0, 0, 0, 0
CELSIASOLARDULIMA1 , INVD, 108, 108, 108, 108, 108, 108, 108, 108, 108, 108, 108, 108, 108, 108, 108, 108, 108, 108, 108, 108, 108, 108, 108, 108
CELSIASOLARLAPAILA1 , D, 0, 0, 0, 0, 0, 0, 0, 0, 0, 0, 0, 0, 1, 0, 0, 0, 0, 0, 0, 0, 0, 0, 0, 0
CELSIASOLARLAPAILA1 , INVD, 57, 57, 57, 57, 57, 57, 57, 57, 57, 57, 57, 57, 57, 57, 57, 57, 57, 57, 57, 57, 57, 57, 57, 57
CELSIASOLARLAVICTORIAI1 , D, 0, 0, 0, 0, 0, 0, 1, 10, 14, 18, 14, 12, 17, 9, 2, 4, 9, 1, 0, 0, 0, 0, 0, 0
CELSIASOLARLAVICTORIAI1 , INVD, 114, 114, 114, 114, 114, 114, 114, 114, 114, 114, 114, 114, 114, 114, 114, 114, 114, 114, 114, 114, 114, 114, 114, 114
CELSIASOLARLAVICTORIAII1 , D, 0, 0, 0, 0, 0, 0, 1, 10, 14, 18, 13, 12, 16, 8, 2, 4, 8, 1, 0, 0, 0, 0, 0, 0
CELSIASOLARLAVICTORIAII1 , INVD, 114, 114, 114, 114, 114, 114, 114, 114, 114, 114, 114, 114, 114, 114, 114, 114, 114, 114, 114, 114, 114, 114, 114, 114
CELSIASOLARPUERTOTEJADA1 , D, 0, 0, 0, 0, 0, 0, 0, 0, 6, 5, 2, 5, 8, 3, 12, 6, 0, 0, 0, 0, 0, 0, 0, 0
CELSIASOLARPUERTOTEJADA1 , INVD, 107, 107, 107, 107, 107, 107, 107, 107, 107, 107, 107, 107, 107, 107, 107, 107, 107, 107, 107, 107, 107, 107, 107, 107
CELSIASOLARYUMA1 , D, 0, 0, 0, 0, 0, 0, 1, 5, 7, 8, 5, 1, 2, 7, 6, 3, 1, 0, 0, 0, 0, 0, 0, 0
CELSIASOLARYUMA1 , INVD, 49, 49, 49, 49, 49, 49, 49, 49, 49, 49, 49, 49, 49, 49, 49, 49, 49, 49, 49, 49, 49, 49, 49, 49
CERRITOS1 , D, 0, 0, 0, 0, 0, 0, 0, 1, 2, 3, 2, 1, 2, 1, 1, 0, 0, 0, 0, 0, 0, 0, 0, 0
CERRITOS1 , INVD, 8, 8, 8, 8, 8, 8, 8, 8, 8, 8, 8, 8, 8, 8, 8, 8, 8, 8, 8, 8, 8, 8, 8, 8
CUCUANA , P, 96058
CUCUANA1 , D, 16, 16, 15, 15, 15, 15, 14, 14, 14, 13, 13, 13, 13, 13, 13, 13, 14, 14, 15, 16, 17, 17, 17, 17
CUCUANA2 , D, 16, 16, 15, 15, 15, 15, 14, 14, 14, 13, 13, 13, 13, 13, 13, 13, 14, 14, 15, 16, 17, 17, 17, 17
GDALFEREZ1 , D, 0, 0, 0, 0, 0, 0, 0.04, 0.19, 0.35, 0.43, 0.44, 0.39, 0.49, 0.33, 0.48, 0.32, 0.18, 0.03, 0, 0, 0, 0, 0, 0
GDALFEREZ1 , INVD, 3, 3, 3, 3, 3, 3, 3, 3, 3, 3, 3, 3, 3, 3, 3, 3, 3, 3, 3, 3, 3, 3, 3, 3
GDBASILICA1 , D, 0, 0, 0, 0, 0, 0, 0.02, 0.15, 0.33, 0.31, 0.34, 0.34, 0.45, 0.24, 0.22, 0.15, 0.26, 0.03, 0, 0, 0, 0, 0, 0
GDBASILICA1 , INVD, 5, 5, 5, 5, 5, 5, 5, 5, 5, 5, 5, 5, 5, 5, 5, 5, 5, 5, 5, 5, 5, 5, 5, 5
GDBOCASDELPALO1 , D, 0, 0, 0, 0, 0, 0, 0, 0.1, 0.1, 0.1, 0.1, 0.1, 0.1, 0.1, 0.1, 0.1, 0, 0, 0, 0, 0, 0, 0, 0
GDBOCASDELPALO1 , INVD, 1, 1, 1, 1, 1, 1, 1, 1, 1, 1, 1, 1, 1, 1, 1, 1, 1, 1, 1, 1, 1, 1, 1, 1
GDCHICORAL1 , D, 0, 0, 0, 0, 0, 0, 0.01, 0.14, 0.26, 0.32, 0.31, 0.37, 0.28, 0.25, 0.35, 0.23, 0.09, 0.01, 0, 0, 0, 0, 0, 0
GDCHICORAL1 , INVD, 5, 5, 5, 5, 5, 5, 5, 5, 5, 5, 5, 5, 5, 5, 5, 5, 5, 5, 5, 5, 5, 5, 5, 5
GDCHIMBI1 , D, 0, 0, 0, 0, 0, 0, 0.08, 0.23, 0.59, 0.85, 0.51, 0.1, 0.7, 0.82, 0.61, 0.28, 0.18, 0.03, 0, 0, 0, 0, 0, 0
GDCHIMBI1 , INVD, 5, 5, 5, 5, 5, 5, 5, 5, 5, 5, 5, 5, 5, 5, 5, 5, 5, 5, 5, 5, 5, 5, 5, 5
GDELBANCO1 , D, 0, 0, 0, 0, 0, 0, 0.04, 0.18, 0.37, 0.75, 0.61, 0.29, 0.42, 0.31, 0.55, 0.18, 0.06, 0.02, 0, 0, 0, 0, 0, 0
GDELBANCO1 , INVD, 5, 5, 5, 5, 5, 5, 5, 5, 5, 5, 5, 5, 5, 5, 5, 5, 5, 5, 5, 5, 5, 5, 5, 5
GDLAHONDA1 , D, 0, 0, 0, 0, 0, 0, 0.07, 0.34, 0.52, 0.79, 0.66, 0.59, 0.82, 0.41, 0.12, 0.3, 0.34, 0.05, 0, 0, 0, 0, 0, 0
GDLAHONDA1 , INVD, 5, 5, 5, 5, 5, 5, 5, 5, 5, 5, 5, 5, 5, 5, 5, 5, 5, 5, 5, 5, 5, 5, 5, 5
GDLAURIBE1 , D, 0, 0, 0, 0, 0, 0, 0.07, 0.24, 0.59, 0.6, 0.5, 0.12, 0.32, 0.6, 0.56, 0.4, 0.15, 0.04, 0, 0, 0, 0, 0, 0
GDLAURIBE1 , INVD, 3, 3, 3, 3, 3, 3, 3, 3, 3, 3, 3, 3, 3, 3, 3, 3, 3, 3, 3, 3, 3, 3, 3, 3
GDLOSCHORROS1 , D, 0, 0, 0, 0, 0, 0, 0.04, 0.16, 0.35, 0.5, 0.41, 0.08, 0.14, 0.48, 0.29, 0.22, 0.09, 0.02, 0, 0, 0, 0, 0, 0
GDLOSCHORROS1 , INVD, 3, 3, 3, 3, 3, 3, 3, 3, 3, 3, 3, 3, 3, 3, 3, 3, 3, 3, 3, 3, 3, 3, 3, 3
GDPALERMO1 , D, 0, 0, 0, 0, 0, 0, 0.06, 0.25, 0.5, 0.65, 0.58, 0.13, 0.3, 0.72, 0.58, 0.34, 0.13, 0.03, 0, 0, 0, 0, 0, 0
GDPALERMO1 , INVD, 5, 5, 5, 5, 5, 5, 5, 5, 5, 5, 5, 5, 5, 5, 5, 5, 5, 5, 5, 5, 5, 5, 5, 5
GRPARQUESOLARTUCANES1 , D, 0, 0, 0, 0, 0, 0, 0, 3, 7, 4, 7, 5, 2, 0, 1, 1, 0, 0, 0, 0, 0, 0, 0, 0
GRPARQUESOLARTUCANES1 , INVD, 8, 8, 8, 8, 8, 8, 8, 8, 8, 8, 8, 8, 8, 8, 8, 8, 8, 8, 8, 8, 8, 8, 8, 8
GRANJASOLARFLANDES1 , D, 0, 0, 0, 0, 0, 0, 2, 11, 14, 19, 15, 3, 5, 17, 11, 8, 5, 2, 0, 0, 0, 0, 0, 0
GRANJASOLARFLANDES1 , INVD, 108, 108, 108, 108, 108, 108, 108, 108, 108, 108, 108, 108, 108, 108, 108, 108, 108, 108, 108, 108, 108, 108, 108, 108
GRANJASOLARLANCEROS1 , D, 0, 0, 0, 0, 0, 0, 0, 2, 5, 8, 5, 1, 7, 8, 6, 3, 2, 0, 0, 0, 0, 0, 0, 0
GRANJASOLARLANCEROS1 , INVD, 49, 49, 49, 49, 49, 49, 49, 49, 49, 49, 49, 49, 49, 49, 49, 49, 49, 49, 49, 49, 49, 49, 49, 49
GRANJASOLARSANFELIPE1 , D, 0, 0, 0, 0, 0, 0, 0, 3, 4, 8, 7, 3, 4, 3, 6, 2, 0, 0, 0, 0, 0, 0, 0, 0
GRANJASOLARSANFELIPE1 , INVD, 49, 49, 49, 49, 49, 49, 49, 49, 49, 49, 49, 49, 49, 49, 49, 49, 49, 49, 49, 49, 49, 49, 49, 49
HIDROMONTAÑITAS1 , D, 9, 9, 9, 8, 8, 7, 8, 9, 9, 9, 9, 9, 9, 9, 9, 9, 9, 9, 9, 5, 0, 0, 0, 0
HIDROMONTAÑITAS2 , D, 9, 9, 9, 8, 8, 7, 8, 9, 9, 9, 9, 9, 9, 9, 9, 9, 9, 9, 9, 5, 0, 0, 0, 0
INGENIOSANCARLOS1 , D, 1, 1, 1, 1, 1, 1, 1, 1, 1, 1, 0, 0, 1, 2, 0, 1, 1, 2, 1, 1, 1, 1, 1, 1
LAMEDINA1 , D, 0, 0, 0, 0, 0, 0, 0, 2, 3, 6, 6, 3, 4, 3, 0, 0, 0, 0, 0, 0, 0, 0, 0, 0
LAMEDINA1 , INVD, 8, 8, 8, 8, 8, 8, 8, 8, 8, 8, 8, 8, 8, 8, 8, 8, 8, 8, 8, 8, 8, 8, 8, 8
LOSCABALLEROS1 , D, 0, 0, 0, 0, 0, 0, 0, 2, 4, 7, 7, 3, 4, 3, 5, 2, 0, 0, 0, 0, 0, 0, 0, 0
LOSCABALLEROS1 , INVD, 8, 8, 8, 8, 8, 8, 8, 8, 8, 8, 8, 8, 8, 8, 8, 8, 8, 8, 8, 8, 8, 8, 8, 8
MAYAGUEZ1 , D, 19, 19, 19, 19, 19, 19, 19, 19, 19, 19, 19, 19, 19, 19, 19, 19, 19, 19, 19, 19, 19, 19, 18, 19
MERILECTRICA1 , P, 977628
MERILECTRICA1 , C, GAS
MERILECTRICA1 , PAPF02, 141896712
MERILECTRICA1 , PAPT02, 141896712
MERILECTRICA1 , PAPC02, 141896712
MERILECTRICA1 , PAPUSDF02, 35824
MERILECTRICA1 , PAPUSDT02, 35824
MERILECTRICA1 , PAPUSDC02, 35824
MERILECTRICA1 , CONF, 1
MERILECTRICA1 , D, 164, 164, 164, 164, 164, 164, 164, 164, 164, 164, 164, 164, 164, 164, 164, 164, 164, 164, 164, 164, 164, 164, 164, 164
MONTELIBANO1 , D, 0, 0, 0, 0, 0, 0, 0, 1, 4, 7, 8, 8, 8, 9, 7, 4, 2, 0, 0, 0, 0, 0, 0, 0
MONTELIBANO1 , INVD, 8, 8, 8, 8, 8, 8, 8, 8, 8, 8, 8, 8, 8, 8, 8, 8, 8, 8, 8, 8, 8, 8, 8, 8
NIMA1 , D, 3, 3, 3, 3, 3, 3, 3, 3, 3, 2, 1, 1, 1, 3, 3, 3, 3, 3, 3, 3, 3, 3, 3, 3
PARQUEEOLICOCARRETO1 , D, 0, 0, 0, 0, 0, 0, 0, 0, 0, 0, 0, 0, 0, 0, 0, 0, 0, 0, 0, 0, 0, 0, 0, 0
PARQUEEOLICOCARRETO1 , INVD, 1, 1, 1, 1, 1, 1, 1, 1, 1, 1, 1, 1, 1, 1, 1, 1, 1, 1, 1, 1, 1, 1, 1, 1
PETALODELMAGDALENA1 , D, 0, 0, 0, 0, 0, 0, 0, 1, 5, 7, 9, 8, 6, 4, 3, 1, 0, 0, 0, 0, 0, 0, 0, 0
PETALODELMAGDALENA1 , INVD, 8, 8, 8, 8, 8, 8, 8, 8, 8, 8, 8, 8, 8, 8, 8, 8, 8, 8, 8, 8, 8, 8, 8, 8
PRADO , P, 129000
PRADO1 , D, 15, 15, 15, 15, 15, 15, 15, 15, 15, 15, 15, 15, 15, 15, 15, 15, 15, 15, 15, 15, 15, 15, 15, 15
PRADO2 , D, 15, 15, 15, 15, 15, 15, 15, 15, 15, 15, 15, 15, 15, 15, 15, 15, 15, 15, 15, 15, 15, 15, 15, 15
PRADO3 , D, 15, 15, 15, 15, 15, 15, 15, 15, 15, 15, 15, 15, 15, 15, 15, 15, 15, 15, 15, 15, 15, 15, 15, 15
PRADO1 , PRU, 0, 0, 0, 0, 0, 0, 0, 6, 6, 6, 6, 6, 6, 6, 6, 6, 6, 0, 0, 0, 0, 0, 0, 0
PRADO4 , D, 5, 5, 5, 5, 5, 5, 5, 5, 5, 5, 5, 5, 5, 5, 5, 5, 5, 5, 5, 5, 5, 5, 5, 5
RIOCALI1 , D, 0, 0, 0, 0, 0, 0, 0, 0, 0, 0, 0, 0, 0, 0, 0, 0, 0, 0, 0, 0, 0, 0, 0, 0
RIOCALI2 , D, 0, 0, 0, 0, 0, 0, 0, 0, 0, 0, 0, 0, 0, 0, 0, 0, 0, 0, 0, 0, 0, 0, 0, 0
RIOPIEDRAS1 , D, 5, 5, 5, 5, 5, 5, 5, 5, 4, 5, 5, 5, 5, 5, 5, 5, 5, 4, 5, 5, 5, 5, 5, 5
RIOPIEDRAS2 , D, 5, 5, 5, 5, 5, 5, 5, 5, 4, 5, 5, 5, 5, 5, 5, 5, 5, 4, 5, 5, 5, 5, 5, 5
SALVAJINA , P, 299000
SALVAJINA , MO, 95, 95, 95, 95, 95, 95, 95, 95, 95, 95, 95, 95, 95, 95, 209, 209, 209, 209, 209, 209, 209, 209, 95, 95
SALVAJINA1 , D, 114, 114, 114, 114, 114, 114, 114, 114, 114, 114, 114, 114, 114, 114, 114, 114, 114, 114, 114, 114, 114, 114, 114, 114
SALVAJINA2 , D, 0, 0, 0, 0, 0, 0, 0, 0, 0, 0, 0, 0, 0, 0, 0, 0, 0, 0, 0, 0, 0, 0, 0, 0
SALVAJINA3 , D, 95, 95, 95, 95, 95, 95, 95, 95, 95, 95, 95, 95, 95, 95, 95, 95, 95, 95, 95, 95, 95, 95, 95, 95
SANANDRESDECUERQUIA1 , D, 7, 7, 7, 7, 7, 7, 7, 7, 7, 3, 2, 2, 4, 7, 7, 7, 7, 7, 7, 7, 9, 9, 9, 9
SANANDRESDECUERQUIA2 , D, 7, 7, 7, 7, 7, 7, 7, 7, 7, 3, 2, 2, 4, 7, 7, 7, 7, 7, 7, 7, 9, 9, 9, 9
SINCE1 , D, 0, 0, 0, 0, 0, 0, 1, 7, 6, 17, 14, 14, 12, 18, 12, 8, 4, 0, 0, 0, 0, 0, 0, 0
SINCE1 , INVD, 99, 99, 99, 99, 99, 99, 99, 99, 99, 99, 99, 99, 99, 99, 99, 99, 99, 99, 99, 99, 99, 99, 99, 99
SOLARPALMASECAI1 , D, 0, 0, 0, 0, 0, 0, 0, 0, 0, 0, 0, 0, 0, 0, 0, 0, 0, 0, 0, 0, 0, 0, 0, 0
SOLARPALMASECAI1 , INVD, 4, 4, 4, 4, 4, 4, 4, 4, 4, 4, 4, 4, 4, 4, 4, 4, 4, 4, 4, 4, 4, 4, 4, 4
SOLARPALMASECAII1 , D, 0, 0, 0, 0, 0, 0, 0, 0, 0, 0, 0, 0, 0, 0, 0, 0, 0, 0, 0, 0, 0, 0, 0, 0
SOLARPALMASECAII1 , INVD, 4, 4, 4, 4, 4, 4, 4, 4, 4, 4, 4, 4, 4, 4, 4, 4, 4, 4, 4, 4, 4, 4, 4, 4
SOLARPLANETARICA1 , D, 0, 0, 0, 0, 0, 0, 0, 3, 8, 12, 10, 12, 11, 13, 10, 15, 4, 0, 0, 0, 0, 0, 0, 0
SOLARPLANETARICA1 , INVD, 6, 6, 6, 6, 6, 6, 6, 6, 6, 6, 6, 6, 6, 6, 6, 6, 6, 6, 6, 6, 6, 6, 6, 6
TESORITO , P, 849161
TESORITO , C, GAS
TESORITO1 , PAPC02, 213891
TESORITO1 , PAPT02, 213891
TESORITO1 , PAPF02, 213891
TESORITO2 , PAPF02, 213891
TESORITO2 , PAPT02, 213891
TESORITO2 , PAPC02, 213891
TESORITO3 , PAPC02, 213891
TESORITO3 , PAPT02, 213891
TESORITO3 , PAPF02, 213891
TESORITO4 , PAPC02, 213891
TESORITO4 , PAPT02, 213891
TESORITO4 , PAPF02, 213891
TESORITO5 , PAPC02, 213891
TESORITO5 , PAPT02, 213891
TESORITO5 , PAPF02, 213891
TESORITO6 , PAPC02, 213891
TESORITO6 , PAPF02, 213891
TESORITO6 , PAPT02, 213891
TESORITO7 , PAPF02, 213891
TESORITO7 , PAPT02, 213891
TESORITO7 , PAPC02, 213891
TESORITO8 , PAPF02, 213891
TESORITO8 , PAPC02, 213891
TESORITO8 , PAPT02, 213891
TESORITO9 , PAPC02, 213891
TESORITO9 , PAPF02, 213891
TESORITO9 , PAPT02, 213891
TESORITO10 , PAPF02, 213891
TESORITO10 , PAPC02, 213891
TESORITO10 , PAPT02, 213891
TESORITO11 , PAPC02, 213891
TESORITO11 , PAPF02, 213891
TESORITO11 , PAPT02, 213891
TESORITO1 , PAPUSDC02, 54
TESORITO1 , PAPUSDT02, 54
TESORITO1 , PAPUSDF02, 54
TESORITO2 , PAPUSDF02, 54
TESORITO2 , PAPUSDT02, 54
TESORITO2 , PAPUSDC02, 54
TESORITO3 , PAPUSDC02, 54
TESORITO3 , PAPUSDT02, 54
TESORITO3 , PAPUSDF02, 54
TESORITO4 , PAPUSDC02, 54
TESORITO4 , PAPUSDT02, 54
TESORITO4 , PAPUSDF02, 54
TESORITO5 , PAPUSDC02, 54
TESORITO5 , PAPUSDT02, 54
TESORITO5 , PAPUSDF02, 54
TESORITO6 , PAPUSDC02, 54
TESORITO6 , PAPUSDF02, 54
TESORITO6 , PAPUSDT02, 54
TESORITO7 , PAPUSDF02, 54
TESORITO7 , PAPUSDT02, 54
TESORITO7 , PAPUSDC02, 54
TESORITO8 , PAPUSDF02, 54
TESORITO8 , PAPUSDC02, 54
TESORITO8 , PAPUSDT02, 54
TESORITO9 , PAPUSDC02, 54
TESORITO9 , PAPUSDF02, 54
TESORITO9 , PAPUSDT02, 54
TESORITO10 , PAPUSDF02, 54
TESORITO10 , PAPUSDC02, 54
TESORITO10 , PAPUSDT02, 54
TESORITO11 , PAPUSDC02, 54
TESORITO11 , PAPUSDF02, 54
TESORITO11 , PAPUSDT02, 54
TESORITO , CONF, 1
TESORITO1 , D, 18, 18, 18, 18, 18, 18, 18, 18, 18, 18, 18, 18, 18, 18, 18, 18, 18, 18, 18, 18, 18, 18, 18, 18
TESORITO2 , D, 18, 18, 18, 18, 18, 18, 18, 18, 18, 18, 18, 18, 18, 18, 18, 18, 18, 18, 18, 18, 18, 18, 18, 18
TESORITO3 , D, 18, 18, 18, 18, 18, 18, 18, 18, 18, 18, 18, 18, 18, 18, 18, 18, 18, 18, 18, 18, 18, 18, 18, 18
TESORITO4 , D, 18, 18, 18, 18, 18, 18, 18, 18, 18, 18, 18, 18, 18, 18, 18, 18, 18, 18, 18, 18, 18, 18, 18, 18
TESORITO5 , D, 18, 18, 18, 18, 18, 18, 18, 18, 18, 18, 18, 18, 18, 18, 18, 18, 18, 18, 18, 18, 18, 18, 18, 18
TESORITO6 , D, 18, 18, 18, 18, 18, 18, 18, 18, 18, 18, 18, 18, 18, 18, 18, 18, 18, 18, 18, 18, 18, 18, 18, 18
TESORITO7 , D, 18, 18, 18, 18, 18, 18, 18, 18, 18, 18, 18, 18, 18, 18, 18, 18, 18, 18, 18, 18, 18, 18, 18, 18
TESORITO8 , D, 18, 18, 18, 18, 18, 18, 18, 18, 18, 18, 18, 18, 18, 18, 18, 18, 18, 18, 18, 18, 18, 18, 18, 18
TESORITO9 , D, 18, 18, 18, 18, 18, 18, 18, 18, 18, 18, 18, 18, 18, 18, 18, 18, 18, 18, 18, 18, 18, 18, 18, 18
TESORITO10 , D, 19, 19, 19, 19, 19, 19, 19, 19, 19, 19, 19, 19, 19, 19, 19, 19, 19, 19, 19, 19, 19, 19, 19, 19
TESORITO11 , D, 19, 19, 19, 19, 19, 19, 19, 19, 19, 19, 19, 19, 19, 19, 19, 19, 19, 19, 19, 19, 19, 19, 19, 19


AGENTE: CEMEX ENERGY
SUEVA21 , D, 1.2, 1.2, 1.2, 1.2, 1.2, 1.2, 1.2, 1.2, 1.2, 1.2, 1.2, 1.2, 1.2, 1.2, 1.2, 1.2, 1.2, 1.2, 1.2, 1.2, 1.2, 1.2, 1.2, 6


AGENTE: CH TZ II
TZII1 , D, 6.5, 6.5, 6.5, 6.5, 6.5, 6.5, 6.5, 6.5, 6.5, 6.5, 6.5, 6.5, 6.5, 6.5, 6.5, 6.5, 6.5, 6.5, 6.5, 6.5, 6.5, 6.5, 6.5, 6.5
TZII2 , D, 3.3, 3.3, 3.3, 3.3, 3.3, 3.3, 3.3, 3.3, 3.3, 3.3, 3.3, 3.3, 3.3, 3.3, 3.3, 3.3, 3.3, 3.3, 3.3, 3.3, 3.3, 3.3, 3.5, 3.5


AGENTE: TERMOCARTAGENA
ROVIRA1 , D, 0, 0, 0, 0, 0, 0.32, 1.6, 2.24, 2.7, 3, 3.1, 3.1, 2.5, 2.17, 2, 1.26, 0.21, 0.14, 0, 0, 0, 0, 0, 0
ROVIRA1 , INVD, 9, 9, 9, 9, 9, 9, 9, 9, 9, 9, 9, 9, 9, 9, 9, 9, 9, 9, 9, 9, 9, 9, 9, 9


AGENTE: CES
PAIPA4 , P, 290501
PAIPA4 , C, CARBON
PAIPA4 , PAPF01, 85801881
PAIPA4 , PAPT01, 53084517
PAIPA4 , PAPC01, 36725835
PAIPA4 , PAPUSDF01, 21662
PAIPA4 , PAPUSDT01, 13402
PAIPA4 , PAPUSDC01, 9272
PAIPA4 , CONF, 1
PAIPA4 , D, 165, 165, 165, 165, 165, 165, 165, 165, 165, 165, 165, 165, 165, 165, 165, 165, 165, 165, 165, 165, 165, 165, 165, 165


AGENTE: CHC S.A.S. E.S.P.
MAGALLO1 , D, 4.5, 4.5, 4.5, 4.5, 4.5, 4.5, 4.5, 4.5, 4.5, 4.5, 4.5, 4.5, 4.5, 4.5, 4.5, 4.5, 4.5, 4.5, 4.5, 4.5, 4.5, 4.5, 4.5, 4.5


AGENTE: CHZ S.A.S. E.S.P. 
ZEUS1 , D, 4.7, 4.7, 4.7, 4.7, 4.7, 4.7, 4.7, 4.7, 4.7, 4.7, 4.7, 4.7, 4.7, 4.7, 4.7, 4.7, 4.7, 4.7, 4.7, 4.7, 4.7, 4.7, 4.7, 4.7
ZEUS2 , D, 4.7, 4.7, 4.7, 4.7, 4.7, 4.7, 4.7, 4.7, 4.7, 4.7, 4.7, 4.7, 4.7, 4.7, 4.7, 4.7, 4.7, 4.7, 4.7, 4.7, 4.7, 4.7, 4.7, 4.7


AGENTE: COENERGIA
GDBLANCAENERGYII1 , D, 0, 0, 0, 0, 0, 0, 0.02, 0.01, 0.02, 0.05, 0.09, 0.1, 0.1, 0.09, 0.08, 0.05, 0.02, 0.01, 0, 0, 0, 0, 0, 0
GDBLANCAENERGYII1 , INVD, 1, 1, 1, 1, 1, 1, 1, 1, 1, 1, 1, 1, 1, 1, 1, 1, 1, 1, 1, 1, 1, 1, 1, 1


AGENTE: COMERCIALIZADORA 4G
AUTOGUNIBOL1 , D, 0, 0, 0, 0, 0, 0, 0, 0, 0, 0, 0, 0, 0, 0, 0, 0, 0, 0, 0, 0, 0, 0, 0, 0


AGENTE: CETSA(TULUA)
RIOFRIOI1 , D, 1, 1, 1, 1, 1, 1, 1, 1, 1, 1, 1, 1, 1, 1, 1, 1, 1, 1, 1, 1, 1, 1, 1, 1
RIOFRIOII1 , D, 2, 2, 2, 2, 2, 2, 2, 2, 2, 2, 2, 2, 2, 2, 2, 2, 2, 2, 2, 2, 2, 2, 2, 2
RIOFRIOII2 , D, 5, 5, 5, 5, 5, 5, 5, 5, 5, 4, 4, 4, 4, 4, 4, 4, 4, 4, 4, 4, 4, 5, 5, 5
RUMOR1 , D, 1, 1, 1, 1, 1, 1, 1, 2, 2, 2, 1, 1, 1, 1, 1, 1, 1, 1, 1, 1, 1, 1, 1, 1


AGENTE: CINERGIC SAS ESP
REMEDIOS1 , D, 0.65, 0.65, 0.65, 0.66, 0.66, 0.66, 0.66, 0.65, 0.65, 0.65, 0.65, 0.66, 0.66, 0.66, 0.66, 0.66, 0.66, 0.66, 0.66, 0.66, 0.66, 0.66, 0.66, 0.65


AGENTE: DEPI ENERGY
AUTOGCOCA-COLAFEMSA1 , D, 0.4, 0.4, 0.4, 0.4, 0.4, 0.4, 0.4, 0.4, 0.4, 0.4, 0.4, 0.4, 0.4, 0.4, 0.4, 0.4, 0.4, 0.4, 0.4, 0.4, 0.4, 0.4, 0.4, 0.4
AUTOGINGENIOCARMELITA1 , D, 0.5, 0.5, 0.5, 0.5, 0.5, 0.5, 0.5, 0.5, 0.5, 0.5, 0.5, 0.5, 0.5, 0.5, 0.5, 0.5, 0.5, 0.5, 0.5, 0.5, 0.5, 0.5, 0.5, 0.5
AUTOGINGENIOMARIALUISA1 , D, 0.2, 0.2, 0.2, 0.2, 0.2, 0.2, 0.2, 0.2, 0.2, 0.2, 0.2, 0.2, 0.2, 0.2, 0.2, 0.2, 0.2, 0.2, 0.2, 0.2, 0.2, 0.2, 0.2, 0.2


AGENTE: DRUMMOND
POWERPLANTDRUMMOND1 , D, 5, 5, 5, 5, 5, 5, 5, 5, 5, 5, 5, 5, 5, 5, 5, 5, 5, 5, 5, 5, 5, 5, 5, 5


AGENTE: ECOARDOBELA
SOLARARDOBELAI1 , D, 0, 0, 0, 0, 0, 0, 1, 3, 5, 7, 8, 8, 7, 5, 4, 3, 2, 1, 0, 0, 0, 0, 0, 0
SOLARARDOBELAI1 , INVD, 36, 36, 36, 36, 36, 36, 36, 36, 36, 36, 36, 36, 36, 36, 36, 36, 36, 36, 36, 36, 36, 36, 36, 36
SOLARARDOBELAII1 , D, 0, 0, 0, 0, 0, 0, 1, 3, 5, 7, 8, 8, 7, 5, 4, 3, 2, 1, 0, 0, 0, 0, 0, 0
SOLARARDOBELAII1 , INVD, 36, 36, 36, 36, 36, 36, 36, 36, 36, 36, 36, 36, 36, 36, 36, 36, 36, 36, 36, 36, 36, 36, 36, 36


AGENTE: EEP
BELMONTE1 , D, 3, 3, 3, 3, 3, 3, 3, 3, 3, 3, 3, 3, 3, 3, 3, 3, 3, 3, 3, 3, 3, 3, 3, 3
COGENERADORMANUELITA2 , D, 8.6, 8.6, 8.6, 8.6, 8.6, 8.6, 8.6, 8.6, 8.6, 8.6, 8.6, 8.6, 8.6, 8.6, 8.6, 8.6, 8.6, 8.6, 8.6, 8.6, 8.6, 8.6, 8.6, 8.6
GRANJASOLARBELMONTE1 , D, 0, 0, 0, 0, 0, 0, 0.07, 0.51, 0.94, 1.66, 2.26, 2.41, 3.01, 2.23, 1.71, 0.79, 0.43, 0.09, 0, 0, 0, 0, 0, 0
GRANJASOLARBELMONTE1 , INVD, 37, 37, 37, 37, 37, 37, 37, 37, 37, 37, 37, 37, 37, 37, 37, 37, 37, 37, 37, 37, 37, 37, 37, 37
NUEVOLIBARE1 , D, 0, 0, 0, 0, 0, 0, 0, 0, 0, 0, 0, 0, 0, 0, 0, 0, 0, 0, 0, 0, 0, 0, 0, 0


AGENTE: EMSA(META)
AUTOGYAGUARITO1 , D, 0, 0, 0, 0, 0, 0, 0, 0, 0, 0, 0, 0, 0, 0, 0, 0, 0, 0, 0, 0, 0, 0, 0, 0
GDSANMARTIN1 , D, 0, 0, 0, 0, 0, 0, 0.03, 0.17, 0.3, 0.45, 0.5, 0.44, 0.5, 0.35, 0.25, 0.33, 0.17, 0.04, 0, 0, 0, 0, 0, 0
GDSANMARTIN1 , INVD, 3, 3, 3, 3, 3, 3, 3, 3, 3, 3, 3, 3, 3, 3, 3, 3, 3, 3, 3, 3, 3, 3, 3, 3
GDSANMARTINII1 , D, 0, 0, 0, 0, 0, 0, 0.02, 0.17, 0.3, 0.45, 0.5, 0.5, 0.5, 0.35, 0.25, 0.33, 0.17, 0.04, 0, 0, 0, 0, 0, 0
GDSANMARTINII1 , INVD, 3, 3, 3, 3, 3, 3, 3, 3, 3, 3, 3, 3, 3, 3, 3, 3, 3, 3, 3, 3, 3, 3, 3, 3
GDSANMARTINIII1 , D, 0, 0, 0, 0, 0, 0, 0.02, 0.17, 0.3, 0.45, 0.5, 0.5, 0.5, 0.35, 0.25, 0.2, 0.15, 0.04, 0, 0, 0, 0, 0, 0
GDSANMARTINIII1 , INVD, 3, 3, 3, 3, 3, 3, 3, 3, 3, 3, 3, 3, 3, 3, 3, 3, 3, 3, 3, 3, 3, 3, 3, 3


AGENTE: ELECTROHUILA
IQUIRAI1 , D, 0, 0, 0, 0, 0, 0, 0, 0, 0, 0, 0, 0, 0, 0, 0, 0, 0, 0, 0, 0, 0, 0, 0, 0
IQUIRAII1 , D, 0, 0, 0, 0, 0, 0, 0, 0, 0, 0, 0, 0, 0, 0, 0, 0, 0, 0, 0, 0, 0, 0, 0, 0
LAPITA1 , D, 1, 1, 1, 1, 1, 1, 1, 1, 1, 1, 1, 1, 1, 1, 1, 1, 1, 1, 1, 1, 1, 1, 1, 1


AGENTE: ELEFI SAS ESP
GDDIOCESISDERIOHACHA1 , D, 0, 0, 0, 0, 0, 0, 0.01, 0.03, 0.05, 0.08, 0.1, 0.11, 0.11, 0.1, 0.09, 0.07, 0.04, 0.01, 0, 0, 0, 0, 0, 0
GDDIOCESISDERIOHACHA1 , INVD, 2, 2, 2, 2, 2, 2, 2, 2, 2, 2, 2, 2, 2, 2, 2, 2, 2, 2, 2, 2, 2, 2, 2, 2


AGENTE: EBSA  (BOYACA)
HELIOSI1 , D, 0, 0, 0, 0, 0, 0.5, 2.2, 3.04, 6.5, 9, 12, 14, 10, 8, 4.3, 4.2, 1.1, 0, 0, 0, 0, 0, 0, 0
HELIOSI1 , INVD, 91, 91, 91, 91, 91, 91, 91, 91, 91, 91, 91, 91, 91, 91, 91, 91, 91, 91, 91, 91, 91, 91, 91, 91


AGENTE: PUTUMAYO
GDGRANJALARUBIELA1 , D, 0, 0, 0, 0, 0, 0, 0.05, 0.2, 0.42, 0.49, 0.61, 0.71, 0.64, 0.6, 0.47, 0.42, 0.25, 0.08, 0, 0, 0, 0, 0, 0
GDGRANJALARUBIELA1 , INVD, 3, 3, 3, 3, 3, 3, 3, 3, 3, 3, 3, 3, 3, 3, 3, 3, 3, 3, 3, 3, 3, 3, 3, 3


AGENTE: GENMAS S.A. E.S.P.
JUANGARCIA1 , D, 1.9, 1.9, 1.9, 1.9, 1.9, 1.9, 1.9, 1.9, 1.9, 1.9, 1.9, 1.9, 1.9, 1.9, 1.9, 1.9, 1.9, 1.9, 1.9, 1.9, 1.9, 1.9, 1.9, 1.9
JUANGARCIA2 , D, 1.9, 1.9, 1.9, 1.9, 1.9, 1.9, 1.9, 1.9, 1.9, 1.9, 1.9, 1.9, 1.9, 1.9, 1.9, 1.9, 1.9, 1.9, 1.9, 1.9, 1.9, 1.9, 1.9, 1.9
LACASCADA(ABEJORRAL)1 , D, 3, 3, 3, 3, 3, 3, 3, 3, 3, 3, 3, 3, 3, 3, 3, 3, 3, 3, 3, 3, 3, 3, 3, 3
SANJOSEDELAMONTAÑA1 , D, 0, 0, 0, 0, 0, 0, 0, 0, 0, 0, 0, 0, 0, 0, 0, 0, 0, 0, 0, 0, 0, 0, 0, 0
SANJOSEDELAMONTAÑAII1 , D, 0.9, 0.9, 0.9, 0.9, 0.9, 0.9, 0.9, 0.9, 0.9, 0.9, 0.9, 0.9, 0.9, 0.9, 0.9, 0.9, 0.9, 0.9, 0.9, 0.9, 0.9, 0.9, 0.9, 0.9
SANTARITA1 , D, 1.1, 1.1, 1.1, 1.1, 1.1, 1.1, 1.1, 1.1, 1.1, 1.1, 1.1, 1.1, 1.1, 1.1, 1.1, 1.1, 1.1, 1.1, 1.1, 1.1, 1.1, 1.1, 1.1, 1.1


AGENTE: EGECOL S.A. E.S.P.
PCHLALIBERTAD1 , D, 0.21, 0.21, 0.21, 0.21, 0.21, 0.21, 0.21, 0.21, 0.21, 0.21, 0.21, 0.21, 0.21, 0.21, 0.21, 0.21, 0.21, 0.21, 0.21, 0.21, 0.21, 0.21, 0.21, 0.21


AGENTE: EMEE(POPAYAN)
COCONUCO1 , D, 2.8, 2.8, 2.8, 2.8, 2.8, 2.8, 2.6, 2.6, 2.6, 2.6, 2.7, 2.7, 2.7, 2.7, 2.4, 2.4, 2.4, 2.4, 2.7, 2.8, 2.7, 2.7, 2.7, 2.7


AGENTE: EMCA
BAYONA1 , D, 0, 0, 0, 0, 0, 0, 0, 0, 0, 0, 0, 0, 0, 0, 0, 0, 0, 0, 0, 0, 0, 0, 0, 0
CAMPESTRE(CALARCA)1 , D, 0, 0, 0, 0, 0, 0, 0, 0, 0, 0, 0, 0, 0, 0, 0, 0, 0, 0, 0, 0, 0, 0, 0, 0
UNION1 , D, 0.6, 0.6, 0.6, 0.6, 0.6, 0.6, 0.6, 0.6, 0.6, 0.6, 0.6, 0.6, 0.6, 0.6, 0.6, 0.6, 0.6, 0.6, 0.6, 0.6, 0.6, 0.6, 0.6, 0


AGENTE: ENEL
AUTOGCORONASOPO1 , D, 0, 0, 0, 0, 0, 0, 0, 0.1, 0.4, 0.6, 1.4, 1.3, 1.2, 1.3, 0.9, 0.5, 0, 0, 0, 0, 0, 0, 0, 0
AUTOGCORONASOPO1 , INVD, 27, 27, 27, 27, 27, 27, 27, 27, 27, 27, 27, 27, 27, 27, 27, 27, 27, 27, 27, 27, 27, 27, 27, 27
AUTOGMILPASANCARLOS1 , D, 0, 0, 0, 0, 0, 0, 0, 0.1, 0.2, 0.2, 0.2, 0.2, 0.3, 0.2, 0.2, 0.2, 0.1, 0, 0, 0, 0, 0, 0, 0
AUTOGMILPASANCARLOS1 , INVD, 6, 6, 6, 6, 6, 6, 6, 6, 6, 6, 6, 6, 6, 6, 6, 6, 6, 6, 6, 6, 6, 6, 6, 6
AUTOGUNIMINAS1 , D, 0, 0, 0, 0, 0, 0, 0, 0, 0.1, 0.1, 0.2, 0.3, 0.1, 0, 0.1, 0, 0, 0, 0, 0, 0, 0, 0, 0
AUTOGUNIMINAS1 , INVD, 6, 6, 6, 6, 6, 6, 6, 6, 6, 6, 6, 6, 6, 6, 6, 6, 6, 6, 6, 6, 6, 6, 6, 6
BETANIA , P, 100500
BETANIA , MO, 60, 60, 60, 60, 60, 60, 60, 60, 60, 60, 60, 60, 60, 60, 60, 60, 60, 60, 60, 60, 60, 60, 60, 60
BETANIA1 , D, 170, 170, 170, 170, 170, 170, 170, 170, 170, 170, 170, 170, 170, 170, 170, 170, 170, 170, 170, 170, 170, 170, 170, 170
BETANIA2 , D, 170, 170, 170, 170, 170, 170, 170, 170, 170, 170, 170, 170, 170, 170, 170, 170, 170, 170, 170, 170, 170, 170, 170, 170
BETANIA3 , D, 170, 170, 170, 170, 170, 170, 170, 170, 170, 170, 170, 170, 170, 170, 170, 170, 170, 170, 170, 170, 170, 170, 170, 170
CHARQUITO1 , D, 19, 19, 19, 19, 19, 19, 19, 19, 19, 19, 19, 19, 19, 19, 19, 19, 19, 19, 19, 19, 19, 19, 19, 19
DARIOVALENCIASAMPER , P, 100600
DARIOVALENCIASAMPER1 , D, 50, 50, 50, 50, 50, 50, 50, 50, 50, 50, 50, 50, 50, 50, 50, 50, 50, 50, 50, 50, 50, 50, 50, 50
DARIOVALENCIASAMPER2 , D, 50, 50, 50, 50, 50, 50, 50, 50, 50, 50, 50, 50, 50, 50, 50, 50, 50, 50, 50, 50, 50, 50, 50, 50
DARIOVALENCIASAMPER5 , D, 50, 50, 50, 50, 50, 50, 50, 50, 50, 50, 50, 50, 50, 50, 50, 50, 50, 50, 50, 50, 50, 50, 50, 50
ELLIMONAR1 , D, 18, 18, 18, 18, 18, 18, 18, 18, 18, 18, 18, 18, 18, 18, 18, 18, 18, 18, 18, 18, 18, 18, 18, 18
ELPASO , P, 91025
ELPASO1 , INVD, 56, 56, 56, 56, 56, 56, 56, 56, 56, 56, 56, 56, 56, 56, 56, 56, 56, 56, 56, 56, 56, 56, 56, 56
ELPASO1 , D, 0, 0, 0, 0, 0, 0, 7, 19, 41, 48, 57, 62, 65, 66, 60, 58, 39, 7, 0, 0, 0, 0, 0, 0
ELQUIMBO , P, 96056
ELQUIMBO , MO, 100, 100, 100, 100, 100, 100, 100, 100, 100, 100, 100, 100, 100, 100, 100, 100, 100, 100, 100, 100, 100, 100, 100, 100
ELQUIMBO1 , D, 200, 200, 200, 200, 200, 200, 200, 200, 200, 200, 200, 200, 200, 200, 200, 200, 200, 200, 200, 200, 200, 200, 200, 200
ELQUIMBO2 , D, 200, 200, 200, 200, 200, 200, 200, 200, 200, 200, 200, 200, 200, 200, 200, 200, 200, 200, 200, 200, 200, 200, 200, 200
ELQUIMBO1 , AGCU, 75, 75, 75, 75, 75, 75, 75, 75, 75, 75, 75, 75, 75, 75, 75, 75, 75, 75, 75, 75, 75, 75, 75, 75
ELQUIMBO2 , AGCU, 75, 75, 75, 75, 75, 75, 75, 75, 75, 75, 75, 75, 75, 75, 75, 75, 75, 75, 75, 75, 75, 75, 75, 75
ELQUIMBO , AGCP, 150, 150, 150, 150, 150, 150, 150, 150, 150, 150, 150, 150, 150, 150, 150, 150, 150, 150, 0, 0, 0, 150, 150, 150
FUNDACION , P, 91026
FUNDACION1 , INVD, 563, 563, 563, 563, 563, 563, 563, 563, 563, 563, 563, 563, 563, 563, 563, 563, 563, 563, 563, 563, 563, 563, 563, 563
FUNDACION1 , D, 0, 0, 0, 0, 0, 0, 7, 32, 68, 81, 86, 80, 90, 81, 59, 45, 18, 7, 0, 0, 0, 0, 0, 0
GUAVIO , P, 96056
GUAVIO1 , D, 250, 250, 250, 250, 250, 250, 250, 250, 250, 250, 250, 250, 250, 250, 250, 250, 250, 250, 250, 250, 250, 250, 250, 250
GUAVIO2 , D, 250, 250, 250, 250, 250, 250, 250, 250, 250, 250, 250, 250, 250, 250, 250, 250, 250, 250, 250, 250, 250, 250, 250, 250
GUAVIO3 , D, 250, 250, 250, 250, 250, 250, 250, 250, 250, 250, 250, 250, 250, 250, 250, 250, 250, 250, 250, 250, 250, 250, 250, 250
GUAVIO4 , D, 250, 250, 250, 250, 250, 250, 250, 250, 250, 250, 250, 250, 250, 250, 250, 250, 250, 250, 250, 250, 250, 250, 250, 250
GUAVIO5 , D, 250, 250, 250, 250, 250, 250, 250, 250, 250, 250, 250, 250, 250, 250, 250, 250, 250, 250, 250, 250, 250, 250, 250, 250
GUAVIO1 , AGCU, 190, 0, 0, 0, 0, 0, 190, 190, 190, 190, 190, 190, 190, 190, 190, 190, 190, 190, 190, 190, 190, 190, 190, 190
GUAVIO2 , AGCU, 190, 0, 0, 0, 0, 0, 0, 0, 0, 190, 190, 190, 190, 190, 190, 190, 190, 190, 190, 190, 190, 190, 190, 190
GUAVIO3 , AGCU, 190, 190, 190, 190, 190, 190, 0, 0, 0, 190, 190, 190, 190, 190, 190, 190, 190, 190, 190, 190, 190, 190, 190, 190
GUAVIO4 , AGCU, 190, 190, 190, 190, 190, 190, 190, 190, 190, 190, 190, 190, 190, 190, 190, 190, 190, 190, 190, 190, 190, 190, 190, 190
GUAVIO5 , AGCU, 190, 190, 190, 190, 190, 190, 190, 190, 190, 190, 190, 190, 190, 190, 190, 190, 190, 190, 190, 190, 190, 190, 190, 190
GUAVIO , AGCP, 950, 570, 570, 570, 570, 570, 570, 570, 570, 950, 950, 950, 950, 950, 950, 950, 950, 950, 0, 0, 0, 950, 950, 950
GUAVIO1 , PRU, 0, 2, 2, 2, 2, 2, 0, 0, 0, 0, 0, 0, 0, 0, 0, 0, 0, 0, 0, 0, 0, 0, 0, 0
GUAVIO2 , PRU, 0, 2, 2, 2, 2, 2, 2, 2, 2, 0, 0, 0, 0, 0, 0, 0, 0, 0, 0, 0, 0, 0, 0, 0
GUAVIO3 , PRU, 0, 0, 0, 0, 0, 0, 2, 2, 2, 0, 0, 0, 0, 0, 0, 0, 0, 0, 0, 0, 0, 0, 0, 0
GUAVIOMENOR1 , D, 0, 0, 0, 0, 0, 0, 0, 0, 0, 0, 0, 0, 0, 0, 0, 0, 0, 0, 0, 0, 0, 0, 0, 0
GUAYEPO , P, 91024
GUAYEPO1 , INVD, 131, 131, 131, 131, 131, 131, 131, 131, 131, 131, 131, 131, 131, 131, 131, 131, 131, 131, 131, 131, 131, 131, 131, 131
GUAYEPO1 , D, 0, 0, 0, 0, 0, 0, 22, 140, 210, 240, 273, 280, 276, 264, 211, 146, 60, 25, 0, 0, 0, 0, 0, 0
GUAYEPOIII1 , INVD, 234, 234, 234, 234, 234, 234, 234, 234, 234, 234, 234, 234, 234, 234, 234, 234, 234, 234, 234, 234, 234, 234, 234, 234
GUAYEPOIII1 , D, 0, 0, 0, 0, 0, 0, 4, 22, 46, 57, 57, 57, 39, 39, 35, 27, 8, 8, 0, 0, 0, 0, 0, 0
GUAYEPOIII1 , PRU, 100, 100, 100, 100, 100, 100, 100, 100, 100, 100, 100, 100, 100, 100, 100, 100, 100, 100, 100, 100, 100, 100, 100, 100
LAGUNETA1 , D, 18, 18, 18, 18, 18, 18, 18, 18, 18, 18, 18, 18, 18, 18, 18, 18, 18, 18, 18, 18, 18, 18, 18, 18
LATAMSOLARLALOMA , P, 91023
LATAMSOLARLALOMA1 , INVD, 172, 172, 172, 172, 172, 172, 172, 172, 172, 172, 172, 172, 172, 172, 172, 172, 172, 172, 172, 172, 172, 172, 172, 172
LATAMSOLARLALOMA1 , D, 0, 0, 0, 0, 0, 0, 8, 50, 73, 90, 105, 117, 117, 104, 91, 82, 56, 8, 0, 0, 0, 0, 0, 0
PAGUA , P, 100499
LAGUACA1 , D, 108, 108, 108, 108, 108, 108, 108, 108, 108, 108, 108, 108, 108, 108, 108, 108, 108, 108, 108, 108, 108, 108, 108, 108
LAGUACA2 , D, 108, 108, 108, 108, 108, 108, 108, 108, 108, 108, 108, 108, 108, 108, 108, 108, 108, 108, 108, 108, 108, 108, 108, 108
LAGUACA3 , D, 108, 108, 108, 108, 108, 108, 108, 108, 108, 108, 108, 108, 108, 108, 108, 108, 108, 108, 108, 108, 108, 108, 108, 108
PARAISO1 , D, 92, 92, 92, 92, 92, 92, 92, 92, 92, 92, 92, 92, 92, 92, 92, 92, 92, 92, 92, 92, 92, 92, 92, 92
PARAISO2 , D, 92, 92, 92, 92, 92, 92, 92, 92, 92, 92, 92, 92, 92, 92, 92, 92, 92, 92, 92, 92, 92, 92, 92, 92
PARAISO3 , D, 92, 92, 92, 92, 92, 92, 92, 92, 92, 92, 92, 92, 92, 92, 92, 92, 92, 92, 92, 92, 92, 92, 92, 92
LAGUACA1 , AGCU, 0, 0, 0, 0, 0, 0, 0, 0, 0, 0, 0, 0, 0, 0, 0, 0, 0, 0, 0, 0, 0, 0, 0, 0
LAGUACA2 , AGCU, 68, 68, 68, 68, 68, 68, 68, 68, 68, 68, 68, 68, 68, 68, 68, 68, 68, 68, 68, 68, 68, 68, 68, 68
LAGUACA3 , AGCU, 0, 0, 0, 0, 0, 0, 0, 0, 0, 0, 0, 0, 0, 0, 0, 0, 0, 0, 0, 0, 0, 0, 0, 0
PARAISO1 , AGCU, 0, 0, 0, 0, 0, 0, 0, 0, 0, 0, 0, 0, 0, 0, 0, 0, 0, 0, 0, 0, 0, 0, 0, 0
PARAISO2 , AGCU, 58, 58, 58, 58, 58, 58, 58, 58, 58, 58, 58, 58, 58, 58, 58, 58, 58, 58, 58, 58, 58, 58, 58, 58
PARAISO3 , AGCU, 0, 0, 0, 0, 0, 0, 0, 0, 0, 0, 0, 0, 0, 0, 0, 0, 0, 0, 0, 0, 0, 0, 0, 0
PAGUA , AGCP, 0, 0, 0, 0, 0, 0, 0, 0, 0, 0, 0, 0, 0, 0, 0, 0, 0, 0, 0, 0, 0, 0, 0, 0
LAGUACA3 , PRU, 90, 90, 90, 90, 90, 90, 90, 90, 90, 90, 90, 90, 90, 90, 90, 90, 90, 90, 90, 90, 90, 90, 90, 90
PARAISO1 , PRU, 90, 90, 90, 90, 90, 90, 90, 90, 90, 90, 90, 90, 90, 90, 90, 90, 90, 90, 90, 90, 90, 90, 90, 90
SALTOII , P, 100700
SALTOII2 , D, 35, 35, 35, 35, 35, 35, 35, 35, 35, 35, 35, 35, 35, 35, 35, 35, 35, 35, 35, 35, 35, 35, 35, 35
SANTAANA1 , D, 4.3, 4.3, 4.3, 4.3, 4.3, 4.3, 4.3, 4.3, 4.3, 4.3, 4.3, 4.3, 4.3, 4.3, 4.3, 4.3, 4.3, 4.3, 4.3, 4.3, 4.3, 4.3, 4.3, 4.3
SUBA1 , D, 1.6, 1.6, 1.6, 1.6, 1.6, 1.6, 1.6, 1.6, 1.6, 1.6, 1.6, 1.6, 1.6, 1.6, 1.6, 1.6, 1.6, 1.6, 1.6, 1.6, 1.6, 1.6, 1.6, 1.6
TEQUENDAMA11 , D, 14.2, 14.2, 14.2, 14.2, 14.2, 14.2, 14.2, 14.2, 14.2, 14.2, 14.2, 14.2, 14.2, 14.2, 14.2, 14.2, 14.2, 14.2, 14.2, 14.2, 14.2, 14.2, 14.2, 14.2
TEQUENDAMA21 , D, 14.2, 14.2, 14.2, 14.2, 14.2, 14.2, 14.2, 14.2, 14.2, 14.2, 14.2, 14.2, 14.2, 14.2, 14.2, 14.2, 14.2, 14.2, 14.2, 14.2, 14.2, 14.2, 14.2, 14.2
TEQUENDAMA31 , D, 14.2, 14.2, 14.2, 14.2, 14.2, 14.2, 14.2, 14.2, 14.2, 14.2, 14.2, 14.2, 14.2, 14.2, 14.2, 14.2, 14.2, 14.2, 14.2, 14.2, 14.2, 14.2, 14.2, 14.2
TEQUENDAMA41 , D, 14.2, 14.2, 14.2, 14.2, 14.2, 14.2, 14.2, 14.2, 14.2, 14.2, 14.2, 14.2, 14.2, 14.2, 14.2, 14.2, 14.2, 14.2, 14.2, 14.2, 14.2, 14.2, 14.2, 14.2
USAQUEN1 , D, 1.1, 1.1, 1.1, 1.1, 1.1, 1.1, 1.1, 1.1, 1.1, 1.1, 1.1, 1.1, 1.1, 1.1, 1.1, 1.1, 1.1, 1.1, 1.1, 1.1, 1.1, 1.1, 1.1, 1.1
ZIPAEMG2 , P, 374000
ZIPAEMG2 , C, CARBON
ZIPAEMG2 , PAPF01, 54082674
ZIPAEMG2 , PAPC01, 25524297
ZIPAEMG2 , PAPT01, 36329741
ZIPAEMG2 , PAPUSDF01, 13654
ZIPAEMG2 , PAPUSDC01, 6444
ZIPAEMG2 , PAPUSDT01, 9172
ZIPAEMG2 , CONF, 1
ZIPAEMG2 , D, 36, 36, 36, 36, 36, 36, 36, 36, 36, 36, 36, 36, 36, 36, 36, 36, 36, 36, 36, 36, 36, 36, 36, 36
ZIPAEMG3 , P, 348000
ZIPAEMG3 , C, CARBON
ZIPAEMG3 , PAPC01, 35232561
ZIPAEMG3 , PAPF01, 75428179
ZIPAEMG3 , PAPT01, 54518377
ZIPAEMG3 , PAPUSDC01, 8895
ZIPAEMG3 , PAPUSDF01, 19043
ZIPAEMG3 , PAPUSDT01, 13764
ZIPAEMG3 , CONF, 1
ZIPAEMG3 , D, 63, 63, 63, 63, 63, 63, 63, 63, 63, 63, 63, 63, 63, 63, 63, 63, 63, 63, 63, 63, 63, 63, 63, 63
ZIPAEMG4 , P, 362000
ZIPAEMG4 , C, CARBON
ZIPAEMG4 , PAPT01, 54518377
ZIPAEMG4 , PAPC01, 35232561
ZIPAEMG4 , PAPF01, 75428179
ZIPAEMG4 , PAPUSDT01, 13764
ZIPAEMG4 , PAPUSDC01, 8895
ZIPAEMG4 , PAPUSDF01, 19043
ZIPAEMG4 , CONF, 1
ZIPAEMG4 , D, 64, 64, 64, 64, 64, 64, 64, 64, 64, 64, 64, 64, 64, 64, 64, 64, 64, 64, 64, 64, 64, 64, 64, 64
ZIPAEMG5 , P, 340000
ZIPAEMG5 , C, CARBON
ZIPAEMG5 , PAPT01, 54518377
ZIPAEMG5 , PAPF01, 75428179
ZIPAEMG5 , PAPC01, 35232561
ZIPAEMG5 , PAPUSDT01, 13764
ZIPAEMG5 , PAPUSDF01, 19043
ZIPAEMG5 , PAPUSDC01, 8895
ZIPAEMG5 , CONF, 1
ZIPAEMG5 , D, 63, 63, 63, 63, 63, 63, 63, 63, 63, 63, 63, 63, 63, 63, 63, 63, 63, 63, 63, 63, 63, 63, 63, 63


AGENTE: ENERCO
CURRUCUCUES1 , D, 0, 0, 0, 0, 0, 0, 0, 0, 0, 0, 0, 0, 0, 0, 0, 0, 0, 0, 0, 0, 0, 0, 0, 0
PUENTEGUILLERMO1 , D, 0.3, 0.3, 0.3, 0.3, 0.3, 0.3, 0.3, 0.3, 0.3, 0.3, 0.3, 0.3, 0.3, 0.3, 0.3, 0.3, 0.3, 0.3, 0.3, 0.3, 0.3, 0.3, 0.3, 0.3
PUENTEGUILLERMO3 , D, 0, 0, 0, 0, 0, 0, 0, 0, 0, 0, 0, 0, 0, 0, 0, 0, 0, 0, 0, 0, 0, 0, 0, 0


AGENTE: ENERGETICA
COELLO1 , D, 1.1, 1.1, 1.1, 1.1, 1.1, 1.1, 1.1, 1.1, 1.1, 1.1, 1.1, 1.1, 1.1, 1.1, 1.1, 1.1, 1.1, 1.1, 1.1, 1.1, 1.1, 1.1, 1.1, 1.1


AGENTE: ENERGIA DEL SUROESTE
MULATOSII1 , D, 0, 0, 0, 0, 0, 0, 0, 0, 0, 0, 0, 0, 0, 0, 0, 0, 0, 0, 2.1, 2.1, 2.1, 2.1, 2.1, 2.1


AGENTE: ENERGIA Y GAS
SOLYCIELOI1 , D, 0, 0, 0, 0, 0, 0.68, 2.81, 4.73, 6.05, 7.09, 6.49, 6.44, 6.07, 5, 3.89, 2.4, 0.75, 0, 0, 0, 0, 0, 0, 0
SOLYCIELOI1 , INVD, 38, 38, 38, 38, 38, 38, 38, 38, 38, 38, 38, 38, 38, 38, 38, 38, 38, 38, 38, 38, 38, 38, 38, 38
SOLYCIELOII1 , D, 0, 0, 0, 0, 0, 0, 0, 0.16, 0.28, 0.43, 0.55, 0.71, 0.71, 0.45, 0.42, 0.38, 0.19, 0.06, 0, 0, 0, 0, 0, 0
SOLYCIELOII1 , INVD, 3, 3, 3, 3, 3, 3, 3, 3, 3, 3, 3, 3, 3, 3, 3, 3, 3, 3, 3, 3, 3, 3, 3, 3
SOLYCIELOIII1 , D, 0, 0, 0, 0, 0, 0, 0, 0.16, 0.28, 0.43, 0.55, 0.71, 0.71, 0.45, 0.42, 0.38, 0.19, 0.06, 0, 0, 0, 0, 0, 0
SOLYCIELOIII1 , INVD, 3, 3, 3, 3, 3, 3, 3, 3, 3, 3, 3, 3, 3, 3, 3, 3, 3, 3, 3, 3, 3, 3, 3, 3
SOLYCIELOIV1 , D, 0, 0, 0, 0, 0, 0, 0, 0.16, 0.28, 0.43, 0.55, 0.71, 0.71, 0.45, 0.42, 0.38, 0.19, 0.06, 0, 0, 0, 0, 0, 0
SOLYCIELOIV1 , INVD, 3, 3, 3, 3, 3, 3, 3, 3, 3, 3, 3, 3, 3, 3, 3, 3, 3, 3, 3, 3, 3, 3, 3, 3
SOLYCIELOV1 , D, 0, 0, 0, 0, 0, 0, 0, 0.16, 0.28, 0.43, 0.55, 0.71, 0.71, 0.45, 0.42, 0.38, 0.19, 0.06, 0, 0, 0, 0, 0, 0
SOLYCIELOV1 , INVD, 3, 3, 3, 3, 3, 3, 3, 3, 3, 3, 3, 3, 3, 3, 3, 3, 3, 3, 3, 3, 3, 3, 3, 3
SOLYCIELOVI1 , D, 0, 0, 0, 0, 0, 0, 0, 0.16, 0.28, 0.43, 0.55, 0.71, 0.71, 0.45, 0.42, 0.38, 0.19, 0.06, 0, 0, 0, 0, 0, 0
SOLYCIELOVI1 , INVD, 3, 3, 3, 3, 3, 3, 3, 3, 3, 3, 3, 3, 3, 3, 3, 3, 3, 3, 3, 3, 3, 3, 3, 3


AGENTE: ENERXIA
AUTOGGOLOSINASTRULULU1 , D, 3.3, 3.3, 3.3, 3.3, 3.3, 3.3, 3.3, 3.3, 3.3, 3.3, 3.3, 3.3, 3.3, 3.3, 3.3, 3.3, 3.3, 3.3, 3.3, 3.3, 3.3, 3.3, 3.3, 3.3


AGENTE: TERMOFLORES
FLORES2 , PAPC02, 86962436
FLORES2 , PAPF02, 86962436
FLORES2 , PAPT02, 86962436
FLORES3 , PAPC02, 92246330
FLORES3 , PAPF02, 92246330
FLORES3 , PAPT02, 92246330
FLORES4 , PAPT02, 6602887
FLORES4 , PAPF02, 6919762
FLORES4 , PAPC02, 6602887
FLORES4CC , P1, 1003348
FLORES4CC , P2, 969719
FLORES4CC , P3, 1095695
FLORES4CC , P4, 1534687
FLORES2 , PAPUSDC02, 21955
FLORES2 , PAPUSDF02, 21955
FLORES2 , PAPUSDT02, 21955
FLORES3 , PAPUSDC02, 23289
FLORES3 , PAPUSDF02, 23289
FLORES3 , PAPUSDT02, 23289
FLORES4 , PAPUSDT02, 1667
FLORES4 , PAPUSDF02, 1747
FLORES4 , PAPUSDC02, 1667
FLORES4CC , DISCONF1, 445, 445, 445, 445, 445, 445, 445, 445, 445, 445, 445, 445, 445, 445, 445, 445, 445, 445, 445, 445, 445, 445, 445, 445
FLORES4CC , DISCONF2, 190, 190, 190, 190, 190, 190, 190, 190, 190, 190, 190, 190, 190, 190, 190, 190, 190, 190, 190, 190, 190, 190, 190, 190
FLORES4CC , DISCONF3, 240, 240, 240, 240, 240, 240, 240, 240, 240, 240, 240, 240, 240, 240, 240, 240, 240, 240, 240, 240, 240, 240, 240, 240
FLORES4CC , DISCONF4, 120, 120, 120, 120, 120, 120, 120, 120, 120, 120, 120, 120, 120, 120, 120, 120, 120, 120, 120, 120, 120, 120, 120, 120
FLORES2 , D, 120, 120, 120, 120, 120, 120, 120, 120, 120, 120, 120, 120, 120, 120, 120, 120, 120, 120, 120, 120, 120, 120, 120, 120
FLORES3 , D, 169, 169, 169, 169, 169, 169, 169, 169, 169, 169, 169, 169, 169, 169, 169, 169, 169, 169, 169, 169, 169, 169, 169, 169
FLORES4 , D, 156, 156, 156, 156, 156, 156, 156, 156, 156, 156, 156, 156, 156, 156, 156, 156, 156, 156, 156, 156, 156, 156, 156, 156
FLORES1GAS , PAPF02, 89382571
FLORES1GAS , PAPT02, 89382571
FLORES1GAS , PAPC02, 89382571
FLORES1VAPOR , PAPC02, 3695557
FLORES1VAPOR , PAPT02, 3695557
FLORES1VAPOR , PAPF02, 4408526
FLORESICC , P1, 1120045
FLORES1GAS , PAPUSDF02, 22566
FLORES1GAS , PAPUSDT02, 22566
FLORES1GAS , PAPUSDC02, 22566
FLORES1VAPOR , PAPUSDC02, 933
FLORES1VAPOR , PAPUSDT02, 933
FLORES1VAPOR , PAPUSDF02, 1113
FLORESICC , DISCONF1, 0, 0, 0, 0, 0, 0, 0, 0, 0, 0, 0, 0, 0, 0, 0, 0, 0, 0, 0, 0, 0, 0, 0, 0
FLORES1GAS , D, 0, 0, 0, 0, 0, 0, 0, 0, 0, 0, 0, 0, 0, 0, 0, 0, 0, 0, 0, 0, 0, 0, 0, 0
FLORES1VAPOR , D, 0, 0, 0, 0, 0, 0, 0, 0, 0, 0, 0, 0, 0, 0, 0, 0, 0, 0, 0, 0, 0, 0, 0, 0


AGENTE: TERMOVALLE
TERMOVALLE1GAS , PAPC02, 94828863
TERMOVALLE1GAS , PAPF02, 94828863
TERMOVALLE1GAS , PAPC07, 137008913
TERMOVALLE1GAS , PAPT02, 94828863
TERMOVALLE1GAS , PAPT07, 137008913
TERMOVALLE1GAS , PAPF07, 137008913
TERMOVALLE1VAPOR , PAPC07, 4673909
TERMOVALLE1VAPOR , PAPT07, 4673909
TERMOVALLE1VAPOR , PAPT02, 4673909
TERMOVALLE1VAPOR , PAPF02, 4990784
TERMOVALLE1VAPOR , PAPF07, 4990784
TERMOVALLE1VAPOR , PAPC02, 4673909
TERMOVALLECC , P1, 1225790
TERMOVALLECC , P3, 1400000
TERMOVALLECC , P4, 1500000
TERMOVALLECC , P2, 1184535
TERMOVALLE1GAS , PAPUSDC02, 23941
TERMOVALLE1GAS , PAPUSDF02, 23941
TERMOVALLE1GAS , PAPUSDC07, 34590
TERMOVALLE1GAS , PAPUSDT02, 23941
TERMOVALLE1GAS , PAPUSDT07, 34590
TERMOVALLE1GAS , PAPUSDF07, 34590
TERMOVALLE1VAPOR , PAPUSDC07, 1180
TERMOVALLE1VAPOR , PAPUSDT07, 1180
TERMOVALLE1VAPOR , PAPUSDT02, 1180
TERMOVALLE1VAPOR , PAPUSDF02, 1260
TERMOVALLE1VAPOR , PAPUSDF07, 1260
TERMOVALLE1VAPOR , PAPUSDC02, 1180
TERMOVALLECC , DISCONF1, 239, 239, 239, 239, 239, 239, 239, 239, 239, 239, 239, 239, 239, 239, 239, 239, 239, 239, 239, 239, 239, 239, 239, 239
TERMOVALLECC , DISCONF3, 163, 163, 163, 163, 163, 163, 163, 163, 163, 163, 163, 163, 163, 163, 163, 163, 163, 163, 163, 163, 163, 163, 163, 163
TERMOVALLECC , DISCONF4, 165, 165, 165, 165, 165, 165, 165, 165, 165, 165, 165, 165, 165, 165, 165, 165, 165, 165, 165, 165, 165, 165, 165, 165
TERMOVALLECC , DISCONF2, 241, 241, 241, 241, 241, 241, 241, 241, 241, 241, 241, 241, 241, 241, 241, 241, 241, 241, 241, 241, 241, 241, 241, 241
TERMOVALLE1GAS , D, 165, 165, 165, 165, 165, 165, 165, 165, 165, 165, 165, 165, 165, 165, 165, 165, 165, 165, 165, 165, 165, 165, 165, 165
TERMOVALLE1VAPOR , D, 76, 76, 76, 76, 76, 76, 76, 76, 76, 76, 76, 76, 76, 76, 76, 76, 76, 76, 76, 76, 76, 76, 76, 76


AGENTE: ENREVSA SAS
ELBOSQUE1 , D, 1.2, 1.2, 1.2, 1.2, 1.2, 1.2, 1.2, 1.2, 1.2, 1.2, 1.2, 1.2, 1.2, 1.2, 1.2, 1.2, 1.2, 1.2, 1.2, 1.2, 1.2, 1.2, 1.2, 1.2


AGENTE: EPM
AMERICA1 , D, 0, 0, 0, 0, 0, 0, 0, 0, 0, 0, 0, 0, 0, 0, 0, 0, 0, 0, 0, 0, 0, 0, 0, 0
AUTOGARGOSELCAIRO1 , D, 6.5, 6.5, 6.5, 6.5, 6.5, 6.5, 6.5, 6.5, 6.5, 6.5, 6.5, 6.5, 6.5, 6.5, 6.5, 6.5, 6.5, 6.5, 6.5, 6.5, 6.5, 6.5, 6.5, 6.5
AUTOGARGOSSOGAMOSO1 , D, 6.9, 6.9, 6.9, 6.9, 6.9, 6.9, 13.7, 13.7, 13.7, 13.7, 13.7, 13.7, 13.7, 13.7, 13.7, 13.7, 13.7, 13.7, 13.7, 13.7, 13.7, 13.7, 13.7, 13.7
AUTOGAYURA1 , D, 10.7, 10.7, 10.7, 10.7, 10.7, 10.7, 10.7, 10.7, 10.7, 10.7, 10.7, 10.7, 10.7, 10.7, 10.7, 10.7, 10.7, 10.7, 10.7, 10.7, 10.7, 10.7, 10.7, 10.7
AUTOGBIOSCIENAGAORO1 , D, 0, 0, 0, 0, 0, 0, 0, 0, 0, 0, 0, 0, 0, 0, 0, 0, 0, 0, 0, 0, 0, 0, 0, 0
AUTOGBIOSCIENAGAORO1 , INVD, 11, 11, 11, 11, 11, 11, 11, 11, 11, 11, 11, 11, 11, 11, 11, 11, 11, 11, 11, 11, 11, 11, 11, 11
AUTOGBIOSCONTEGRALCARTAGO1 , D, 0, 0, 0, 0, 0, 0, 0, 0, 0, 0, 0, 0, 0, 0, 0, 0, 0, 0, 0, 0, 0, 0, 0, 0
AUTOGBIOSCONTEGRALCARTAGO1 , INVD, 15, 15, 15, 15, 15, 15, 15, 15, 15, 15, 15, 15, 15, 15, 15, 15, 15, 15, 15, 15, 15, 15, 15, 15
AUTOGBIOSCONTEGRALNEIVA1 , D, 0, 0, 0, 0, 0, 0, 0, 0, 0, 0, 0, 0, 0, 0, 0, 0, 0, 0, 0, 0, 0, 0, 0, 0
AUTOGBIOSCONTEGRALNEIVA1 , INVD, 16, 16, 16, 16, 16, 16, 16, 16, 16, 16, 16, 16, 16, 16, 16, 16, 16, 16, 16, 16, 16, 16, 16, 16
AUTOGBIOSFINCABUGA1 , D, 0, 0, 0, 0, 0, 0, 0, 0, 0, 0, 0, 0, 0, 0, 0, 0, 0, 0, 0, 0, 0, 0, 0, 0
AUTOGBIOSFINCABUGA1 , INVD, 11, 11, 11, 11, 11, 11, 11, 11, 11, 11, 11, 11, 11, 11, 11, 11, 11, 11, 11, 11, 11, 11, 11, 11
AUTOGCEMENTOSDELNARE1 , D, 7.8, 7.8, 7.8, 7.8, 7.8, 7.8, 6.3, 6.3, 6.3, 6.3, 6.3, 6.3, 6.3, 6.3, 6.5, 6.5, 6.5, 6.5, 6.5, 6.5, 6.5, 6.5, 7.8, 7.8
AUTOGPTARBELLO1 , D, 0, 0, 0, 0, 0, 0, 0, 0, 0, 0, 0, 0, 0, 0, 0, 0, 0, 0, 0, 0, 0, 0, 0, 0
AUTOGPTARBELLO2 , D, 0, 0, 0, 0, 0, 0, 0, 0, 0, 0, 0, 0, 0, 0, 0, 0, 0, 0, 0, 0, 0, 0, 0, 0
AUTOGPTARBELLO3 , D, 0, 0, 0, 0, 0, 0, 0, 0, 0, 0, 0, 0, 0, 0, 0, 0, 0, 0, 0, 0, 0, 0, 0, 0
AUTOGPTARBELLO4 , D, 0, 0, 0, 0, 0, 0, 0, 0, 0, 0, 0, 0, 0, 0, 0, 0, 0, 0, 0, 0, 0, 0, 0, 0
AUTOGPTARBELLO5 , D, 0, 0, 0, 0, 0, 0, 0, 0, 0, 0, 0, 0, 0, 0, 0, 0, 0, 0, 0, 0, 0, 0, 0, 0
AUTOGPTARBELLO6 , D, 0, 0, 0.38, 0.38, 0.38, 0.38, 0.38, 0.38, 0.38, 0.38, 0.38, 0.38, 0.38, 0.38, 0, 0, 0, 0, 0, 0, 0, 0, 0, 0
AUTOGPTARBELLO7 , D, 0, 0, 0, 0, 0, 0, 0, 0, 0, 0, 0, 0, 0, 0, 0, 0, 0, 0, 0, 0, 0, 0, 0, 0
BELLO1 , D, 0, 0, 0, 0, 0, 0, 0, 0, 0, 0, 0, 0, 0, 0, 0, 0, 0, 0, 0, 0, 0, 0, 0, 0
CAMPESTRE(EPM)1 , D, 0, 0, 0, 0, 0, 0, 0, 0, 0, 0, 0, 0, 0, 0, 0, 0, 0, 0, 0, 0, 0, 0, 0, 0
CARACOLI1 , D, 3.6, 3.6, 3.6, 3.6, 3.6, 3.6, 3.6, 3.6, 3.6, 3.6, 3.6, 3.6, 3.6, 3.6, 3.6, 3.6, 3.6, 3.6, 3.6, 3.6, 3.6, 3.6, 3.6, 3.6
CASCADA1 , D, 1.7, 1.7, 1.7, 1.7, 1.7, 1.7, 1.7, 1.7, 1.7, 1.7, 1.7, 1.7, 1.7, 1.7, 1.7, 1.7, 1.7, 1.7, 1.7, 1.7, 1.7, 1.7, 1.7, 1.7
ESMERALDA , P, 103078
ESMERALDA1 , D, 15, 15, 15, 15, 15, 15, 15, 15, 15, 15, 15, 15, 15, 15, 15, 15, 15, 15, 15, 15, 15, 15, 15, 15
ESMERALDA2 , D, 0, 0, 0, 0, 0, 0, 0, 0, 0, 0, 0, 0, 0, 0, 0, 0, 0, 0, 0, 0, 0, 0, 0, 0
GUACAICA1 , D, 0, 0, 0, 0, 0, 0, 0, 0, 0, 0, 0, 0, 0, 0, 0, 0, 0, 0, 0, 0, 0, 0, 0, 0
GUATAPE , P, 96056
GUATAPE1 , D, 70, 70, 70, 70, 70, 70, 70, 70, 70, 70, 70, 70, 70, 70, 70, 70, 70, 70, 70, 70, 70, 70, 70, 70
GUATAPE2 , D, 70, 70, 70, 70, 70, 70, 70, 70, 70, 70, 70, 70, 70, 70, 70, 70, 70, 70, 70, 70, 70, 70, 70, 70
GUATAPE3 , D, 70, 70, 70, 70, 70, 70, 70, 70, 70, 70, 70, 70, 70, 70, 70, 70, 70, 70, 70, 70, 70, 70, 70, 70
GUATAPE4 , D, 70, 70, 70, 70, 70, 70, 70, 70, 70, 70, 70, 70, 70, 70, 70, 70, 70, 70, 70, 70, 70, 70, 70, 70
GUATAPE5 , D, 0, 0, 0, 0, 0, 0, 0, 0, 0, 0, 0, 0, 0, 0, 0, 0, 0, 0, 0, 0, 0, 0, 0, 0
GUATAPE6 , D, 0, 0, 0, 0, 0, 0, 0, 0, 0, 0, 0, 0, 0, 0, 0, 0, 0, 0, 0, 0, 0, 0, 0, 0
GUATAPE7 , D, 0, 0, 0, 0, 0, 0, 0, 0, 0, 0, 0, 0, 0, 0, 0, 0, 0, 0, 0, 0, 0, 0, 0, 0
GUATAPE8 , D, 0, 0, 0, 0, 0, 0, 0, 0, 0, 0, 0, 0, 0, 0, 0, 0, 0, 0, 0, 0, 0, 0, 0, 0
GUATAPE1 , AGCU, 70, 70, 70, 70, 70, 70, 70, 70, 70, 70, 70, 70, 70, 70, 70, 70, 70, 70, 70, 70, 70, 70, 70, 70
GUATAPE2 , AGCU, 70, 70, 70, 70, 70, 70, 70, 70, 70, 70, 70, 70, 70, 70, 70, 70, 70, 70, 70, 70, 70, 70, 70, 70
GUATAPE3 , AGCU, 70, 70, 70, 70, 70, 70, 70, 70, 70, 70, 70, 70, 70, 70, 70, 70, 70, 70, 70, 70, 70, 70, 70, 70
GUATAPE6 , AGCU, 0, 0, 0, 0, 0, 0, 0, 0, 0, 0, 0, 0, 0, 0, 0, 0, 0, 0, 0, 0, 0, 0, 0, 0
GUATAPE7 , AGCU, 0, 0, 0, 0, 0, 0, 0, 0, 0, 0, 0, 0, 0, 0, 0, 0, 0, 0, 0, 0, 0, 0, 0, 0
GUATAPE8 , AGCU, 0, 0, 0, 0, 0, 0, 0, 0, 0, 0, 0, 0, 0, 0, 0, 0, 0, 0, 0, 0, 0, 0, 0, 0
GUATAPE , AGCP, 210, 210, 210, 210, 210, 210, 210, 210, 210, 210, 210, 210, 210, 210, 210, 210, 210, 210, 0, 0, 0, 210, 210, 210
GUATRON , P, 96056
GUADALUPE31 , D, 45, 45, 45, 45, 45, 45, 45, 45, 45, 45, 45, 45, 45, 45, 45, 45, 45, 45, 45, 45, 45, 45, 45, 45
GUADALUPE32 , D, 45, 45, 45, 45, 45, 45, 45, 45, 45, 45, 45, 45, 45, 45, 45, 45, 45, 45, 45, 45, 45, 45, 45, 45
GUADALUPE33 , D, 45, 45, 45, 45, 45, 45, 45, 45, 45, 45, 45, 45, 45, 45, 45, 45, 45, 45, 45, 45, 45, 45, 45, 45
GUADALUPE34 , D, 45, 45, 45, 45, 45, 45, 45, 45, 45, 45, 45, 45, 45, 45, 45, 45, 45, 45, 45, 45, 45, 45, 45, 45
GUADALUPE35 , D, 45, 45, 45, 45, 45, 45, 45, 45, 45, 45, 45, 45, 45, 45, 45, 45, 45, 45, 45, 45, 45, 45, 45, 45
GUADALUPE36 , D, 45, 45, 45, 45, 45, 45, 45, 45, 45, 45, 45, 45, 45, 45, 45, 45, 45, 45, 45, 45, 45, 45, 45, 45
GUADALUPE41 , D, 0, 0, 0, 0, 0, 0, 0, 0, 0, 0, 0, 0, 0, 0, 0, 0, 0, 0, 0, 0, 0, 0, 0, 0
GUADALUPE42 , D, 75, 75, 75, 75, 75, 75, 75, 75, 75, 75, 75, 75, 75, 75, 75, 75, 75, 75, 75, 75, 75, 75, 75, 75
GUADALUPE43 , D, 75, 75, 75, 75, 75, 75, 75, 75, 75, 75, 75, 75, 75, 75, 75, 75, 75, 75, 75, 75, 75, 75, 75, 75
TRONERAS1 , D, 20, 20, 20, 20, 20, 20, 20, 20, 20, 20, 20, 20, 20, 20, 20, 20, 20, 20, 20, 20, 20, 20, 20, 20
TRONERAS2 , D, 20, 20, 20, 20, 20, 20, 20, 20, 20, 20, 20, 20, 20, 20, 20, 20, 20, 20, 20, 20, 20, 20, 20, 20
INSULA1 , D, 0, 0, 0, 0, 0, 0, 0, 0, 0, 0, 0, 0, 0, 0, 0, 0, 0, 0, 0, 0, 0, 0, 0, 0
INSULA2 , D, 0, 0, 0, 0, 0, 0, 0, 0, 0, 0, 0, 0, 0, 0, 0, 0, 0, 0, 0, 0, 0, 0, 0, 0
INSULA3 , D, 7, 7, 7, 7, 7, 7, 7, 7, 7, 7, 7, 7, 7, 7, 7, 7, 7, 7, 7, 7, 7, 7, 7, 7
INTERMEDIA1 , D, 0, 0, 0, 0, 0, 0, 0, 0, 0, 0, 0, 0, 0, 0, 0, 0, 0, 0, 0, 0, 0, 0, 0, 0
ITUANGO , P, 96056
ITUANGO , ZNOINF, 876, 876, 876, 876, 876, 876, 876, 876, 876, 876, 876, 876, 876, 876, 876, 876, 876, 876, 876, 876, 876, 876, 876, 876
ITUANGO , ZNOSUP, 1138, 1138, 1138, 1138, 1138, 1138, 1138, 1138, 1138, 1138, 1138, 1138, 1138, 1138, 1138, 1138, 1138, 1138, 1138, 1138, 1138, 1138, 1138, 1138
ITUANGO , MO, 0, 0, 0, 0, 0, 0, 0, 0, 0, 0, 0, 0, 0, 0, 0, 0, 0, 0, 0, 0, 0, 0, 0, 0
ITUANGO1 , D, 285, 285, 285, 285, 285, 285, 285, 285, 285, 285, 285, 285, 285, 285, 285, 285, 285, 285, 285, 285, 285, 285, 285, 285
ITUANGO2 , D, 285, 285, 285, 285, 285, 285, 285, 285, 285, 285, 285, 285, 285, 285, 285, 285, 285, 285, 285, 285, 285, 285, 285, 285
ITUANGO3 , D, 285, 285, 285, 285, 285, 285, 285, 285, 285, 285, 285, 285, 285, 285, 285, 285, 285, 285, 285, 285, 285, 285, 285, 285
ITUANGO4 , D, 285, 285, 285, 285, 285, 285, 285, 285, 285, 285, 285, 285, 285, 285, 285, 285, 285, 285, 285, 285, 285, 285, 285, 285
LAHERRADURA2 , D, 9, 9, 9, 9, 9, 9, 9, 9, 9, 9, 9, 9, 9, 9, 9, 9, 9, 9, 9, 9, 9, 9, 9, 9
LAHERRADURA1 , D, 9, 9, 9, 9, 9, 9, 9, 9, 9, 9, 9, 9, 9, 9, 9, 9, 9, 9, 9, 9, 9, 9, 9, 9
LATASAJERA , P, 96056
LATASAJERA1 , D, 102, 102, 102, 102, 102, 102, 102, 102, 102, 102, 102, 102, 102, 102, 102, 102, 102, 102, 102, 102, 102, 102, 102, 102
LATASAJERA2 , D, 102, 102, 102, 102, 102, 102, 102, 102, 102, 102, 102, 102, 102, 102, 102, 102, 102, 102, 102, 102, 102, 102, 102, 102
LATASAJERA3 , D, 102, 102, 102, 102, 102, 102, 102, 102, 102, 102, 102, 102, 102, 102, 102, 102, 102, 102, 102, 102, 102, 102, 102, 102
LATASAJERA1 , AGCU, 102, 102, 102, 102, 102, 102, 102, 102, 102, 102, 102, 102, 102, 102, 102, 102, 102, 102, 102, 102, 102, 102, 102, 102
LATASAJERA2 , AGCU, 102, 102, 102, 102, 102, 102, 102, 102, 102, 102, 102, 102, 102, 102, 102, 102, 102, 102, 102, 102, 102, 102, 102, 102
LATASAJERA3 , AGCU, 102, 102, 102, 102, 102, 102, 102, 102, 102, 102, 102, 102, 102, 102, 102, 102, 102, 102, 102, 102, 102, 102, 102, 102
LATASAJERA , AGCP, 306, 306, 306, 306, 306, 306, 306, 306, 306, 306, 306, 306, 306, 306, 306, 306, 306, 306, 0, 0, 0, 306, 306, 306
LAVUELTA1 , D, 9.5, 9.5, 9.5, 9.5, 9.5, 9.5, 9.5, 9.5, 9.5, 9.5, 9.5, 9.5, 9.5, 9.5, 9.5, 9.5, 9.5, 9.5, 9.5, 9.5, 9.5, 9.5, 9.5, 9.5
MANANTIALES1 , D, 0, 0, 0, 0, 0, 0, 0, 0, 0, 0, 0, 0, 0, 0, 0, 0, 0, 0, 0, 0, 0, 0, 0, 0
MUNICIPAL1 , D, 0.6, 0.6, 0.6, 0.6, 0.6, 0.6, 0.6, 0.6, 0.6, 0.6, 0.6, 0.6, 0.6, 0.6, 0.6, 0.6, 0.6, 0.6, 0.6, 0.6, 0.6, 0.6, 0.6, 0.6
NIQUIA1 , D, 14, 14, 14, 14, 14, 15, 15, 15, 15, 15, 15, 15, 15, 15, 15, 15, 15, 15, 15, 14, 14, 14, 14, 14
NUTIBARA1 , D, 0, 0, 0, 0, 0, 0, 0, 0, 0, 0, 0, 0, 0, 0, 0, 0, 0, 0, 0, 0, 0, 0, 0, 0
PAJARITO1 , D, 4, 4, 4, 4, 4, 4, 4, 4, 4, 4, 4, 4, 4, 4, 4, 4, 4, 4, 4, 4, 4, 4, 4, 4
PAJARITO2 , D, 7, 7, 7, 7, 7, 7, 7, 7, 7, 7, 7, 7, 7, 7, 7, 7, 7, 7, 7, 7, 7, 7, 7, 7
PALMASSANGIL1 , D, 0, 0, 0, 0, 0, 0, 0, 0, 0, 0, 0, 0, 0, 0, 0, 0, 0, 0, 0, 0, 0, 0, 0, 0
PARQUESOLARTEPUY , P, 93627
PARQUESOLARTEPUY1 , INVD, 320, 320, 320, 320, 320, 320, 320, 320, 320, 320, 320, 320, 320, 320, 320, 320, 320, 320, 320, 320, 320, 320, 320, 320
PARQUESOLARTEPUY1 , D, 0, 0, 0, 0, 0, 0, 10, 32, 53, 65, 72, 74, 78, 75, 73, 68, 53, 13, 0, 0, 0, 0, 0, 0
PLAYAS , P, 103078
PLAYAS1 , D, 69, 69, 69, 69, 69, 69, 69, 69, 69, 69, 69, 69, 69, 69, 69, 69, 69, 69, 69, 69, 69, 69, 69, 69
PLAYAS2 , D, 0, 0, 0, 0, 0, 0, 0, 0, 0, 0, 0, 0, 0, 0, 0, 0, 0, 0, 0, 0, 0, 0, 0, 0
PLAYAS3 , D, 69, 69, 69, 69, 69, 69, 69, 69, 69, 69, 69, 69, 69, 69, 69, 69, 69, 69, 69, 69, 69, 69, 69, 69
PLAYAS1 , AGCU, 14, 14, 14, 14, 14, 14, 14, 14, 14, 14, 14, 14, 14, 14, 14, 14, 14, 14, 14, 14, 14, 14, 14, 14
PLAYAS2 , AGCU, 0, 0, 0, 0, 0, 0, 0, 0, 0, 0, 0, 0, 0, 0, 0, 0, 0, 0, 0, 0, 0, 0, 0, 0
PLAYAS3 , AGCU, 14, 14, 14, 14, 14, 14, 14, 14, 14, 14, 14, 14, 14, 14, 14, 14, 14, 14, 14, 14, 14, 14, 14, 14
PLAYAS , AGCP, 0, 0, 0, 0, 0, 0, 0, 0, 0, 0, 0, 0, 0, 0, 0, 0, 0, 0, 0, 0, 0, 0, 0, 0
PORCEII , P, 96056
PORCEII1 , D, 135, 135, 135, 135, 135, 135, 135, 135, 135, 135, 135, 135, 135, 135, 135, 135, 135, 135, 135, 135, 135, 135, 135, 135
PORCEII2 , D, 135, 135, 135, 135, 135, 135, 135, 135, 135, 135, 135, 135, 135, 135, 135, 135, 135, 135, 135, 135, 135, 135, 135, 135
PORCEII3 , D, 135, 135, 135, 135, 135, 135, 135, 135, 135, 135, 135, 135, 135, 135, 135, 135, 135, 135, 135, 135, 135, 135, 135, 135
PORCEII1 , AGCU, 60, 60, 60, 60, 60, 60, 60, 60, 60, 60, 60, 60, 60, 60, 60, 60, 60, 60, 60, 60, 60, 60, 60, 60
PORCEII2 , AGCU, 60, 60, 60, 60, 60, 60, 60, 60, 60, 60, 60, 60, 60, 60, 60, 60, 60, 60, 60, 60, 60, 60, 60, 60
PORCEII3 , AGCU, 60, 60, 60, 60, 60, 60, 60, 60, 60, 60, 60, 60, 60, 60, 60, 60, 60, 60, 60, 60, 60, 60, 60, 60
PORCEII , AGCP, 180, 180, 180, 180, 180, 180, 180, 180, 180, 180, 180, 180, 180, 180, 180, 180, 180, 180, 0, 0, 0, 180, 180, 180
PORCEIII , P, 96056
PORCEIII1 , D, 180, 180, 180, 180, 180, 180, 180, 180, 180, 180, 180, 180, 180, 180, 180, 180, 180, 180, 180, 180, 180, 180, 180, 180
PORCEIII2 , D, 180, 180, 180, 180, 180, 180, 180, 180, 180, 180, 180, 180, 180, 180, 180, 180, 180, 180, 180, 180, 180, 180, 180, 180
PORCEIII3 , D, 0, 0, 0, 0, 0, 0, 0, 0, 0, 0, 0, 0, 0, 0, 0, 0, 0, 0, 0, 0, 0, 0, 0, 0
PORCEIII4 , D, 0, 0, 0, 0, 0, 0, 0, 0, 0, 0, 0, 0, 0, 0, 0, 0, 0, 0, 0, 0, 0, 0, 0, 0
PORCEIII2 , AGCU, 55, 55, 55, 55, 55, 55, 55, 55, 55, 55, 55, 55, 55, 55, 55, 55, 55, 55, 55, 55, 55, 55, 55, 55
PORCEIII3 , AGCU, 0, 0, 0, 0, 0, 0, 0, 0, 0, 0, 0, 0, 0, 0, 0, 0, 0, 0, 0, 0, 0, 0, 0, 0
PORCEIII4 , AGCU, 0, 0, 0, 0, 0, 0, 0, 0, 0, 0, 0, 0, 0, 0, 0, 0, 0, 0, 0, 0, 0, 0, 0, 0
PORCEIII , AGCP, 55, 55, 55, 55, 55, 55, 55, 55, 55, 55, 55, 55, 55, 55, 55, 55, 55, 55, 0, 0, 0, 55, 55, 55
PORCEIIIMENOR1 , D, 1.5, 1.5, 1.5, 1.5, 1.5, 1.5, 1.5, 1.5, 1.5, 1.5, 1.5, 1.5, 1.5, 1.5, 1.5, 1.5, 1.5, 1.5, 1.5, 1.5, 1.5, 1.5, 1.5, 1.5
RIOGRANDE1 , D, 0.3, 0.3, 0.3, 0.3, 0.3, 0.3, 0.3, 0.3, 0.3, 0.3, 0.3, 0.3, 0.3, 0.3, 0.3, 0.3, 0.3, 0.3, 0.3, 0.3, 0.3, 0.3, 0.3, 0.3
RIOFRIO(TAMESIS)1 , D, 0.78, 0.78, 0.78, 0.78, 0.78, 0.78, 0.78, 0.78, 0.78, 0.78, 0.78, 0.78, 0.78, 0.78, 0.78, 0.78, 0.78, 0.78, 0.78, 0.78, 0.78, 0.78, 0.78, 0.78
RIOGRANDEI1 , D, 0, 0, 0, 0, 0, 0, 0, 0, 0, 0, 0, 0, 0, 0, 0, 0, 0, 0, 0, 0, 0, 0, 0, 0
SANCANCIO1 , D, 1.2, 1.2, 1.2, 1.2, 1.2, 1.2, 1.2, 1.2, 1.2, 1.2, 1.2, 1.2, 1.2, 1.2, 1.2, 1.2, 1.2, 1.2, 1.2, 1.2, 1.2, 1.2, 1.2, 1.2
SANFRANCISCO , P, 103078
SANFRANCISCO1 , D, 0, 0, 0, 0, 0, 0, 0, 0, 0, 0, 0, 0, 0, 0, 0, 0, 0, 0, 0, 0, 0, 0, 0, 0
SANFRANCISCO2 , D, 0, 0, 0, 0, 0, 0, 0, 0, 0, 0, 0, 0, 0, 0, 0, 0, 0, 0, 0, 0, 0, 0, 0, 0
SANFRANCISCO3 , D, 0, 0, 0, 0, 0, 0, 0, 0, 0, 0, 0, 0, 0, 0, 0, 0, 0, 0, 0, 0, 0, 0, 0, 0
SONSON1 , D, 0, 0, 0, 0, 0, 0, 0, 0, 0, 0, 0, 0, 0, 0, 0, 0, 0, 0, 0, 0, 0, 0, 0, 0
TERMODORADA1 , P, 2117361
TERMODORADA1 , C, ACPM
TERMODORADA1 , PAPT07, 143211745
TERMODORADA1 , PAPF12, 143211745
TERMODORADA1 , PAPC07, 143211745
TERMODORADA1 , PAPC12, 143211745
TERMODORADA1 , PAPT12, 143211745
TERMODORADA1 , PAPC02, 75947062
TERMODORADA1 , PAPF07, 143211745
TERMODORADA1 , PAPT02, 75947062
TERMODORADA1 , PAPF02, 75947062
TERMODORADA1 , PAPUSDT07, 36156
TERMODORADA1 , PAPUSDF12, 36156
TERMODORADA1 , PAPUSDC07, 36156
TERMODORADA1 , PAPUSDC12, 36156
TERMODORADA1 , PAPUSDT12, 36156
TERMODORADA1 , PAPUSDC02, 19174
TERMODORADA1 , PAPUSDF07, 36156
TERMODORADA1 , PAPUSDT02, 19174
TERMODORADA1 , PAPUSDF02, 19174
TERMODORADA1 , CONF, 3
TERMODORADA1 , D, 0, 0, 0, 0, 0, 0, 0, 0, 0, 0, 0, 0, 0, 0, 0, 0, 0, 0, 0, 0, 0, 0, 0, 0
TERMOSIERRA1 , PAPF07, 509131298
TERMOSIERRA1 , PAPT07, 509131298
TERMOSIERRA1 , PAPC07, 313833193
TERMOSIERRA2 , PAPT07, 509131298
TERMOSIERRA2 , PAPF07, 509131298
TERMOSIERRA2 , PAPC07, 313833193
TERMOSIERRA3 , PAPT07, 6115691
TERMOSIERRA3 , PAPC07, 6511785
TERMOSIERRA3 , PAPF07, 6115691
TERMOSIERRACC , P1, 1721212
TERMOSIERRACC , P2, 1721212
TERMOSIERRACC , P3, 939928
TERMOSIERRACC , P4, 908550
TERMOSIERRACC , P5, 1102033
TERMOSIERRA1 , PAPUSDF07, 128538
TERMOSIERRA1 , PAPUSDT07, 128538
TERMOSIERRA1 , PAPUSDC07, 79232
TERMOSIERRA2 , PAPUSDT07, 128538
TERMOSIERRA2 , PAPUSDF07, 128538
TERMOSIERRA2 , PAPUSDC07, 79232
TERMOSIERRA3 , PAPUSDT07, 1544
TERMOSIERRA3 , PAPUSDC07, 1644
TERMOSIERRA3 , PAPUSDF07, 1544
TERMOSIERRACC , DISCONF1, 110, 110, 110, 110, 110, 110, 110, 110, 110, 110, 110, 110, 110, 110, 110, 110, 110, 110, 110, 110, 110, 110, 110, 110
TERMOSIERRACC , DISCONF2, 0, 0, 0, 0, 0, 0, 0, 0, 0, 0, 0, 0, 0, 0, 0, 0, 0, 0, 0, 0, 0, 0, 0, 0
TERMOSIERRACC , DISCONF3, 161, 161, 161, 161, 161, 161, 161, 161, 161, 161, 161, 161, 161, 161, 161, 161, 161, 161, 161, 161, 161, 161, 161, 161
TERMOSIERRACC , DISCONF4, 0, 0, 0, 0, 0, 0, 0, 0, 0, 0, 0, 0, 0, 0, 0, 0, 0, 0, 0, 0, 0, 0, 0, 0
TERMOSIERRACC , DISCONF5, 0, 0, 0, 0, 0, 0, 0, 0, 0, 0, 0, 0, 0, 0, 0, 0, 0, 0, 0, 0, 0, 0, 0, 0
TERMOSIERRA1 , D, 0, 0, 0, 0, 0, 0, 0, 0, 0, 0, 0, 0, 0, 0, 0, 0, 0, 0, 0, 0, 0, 0, 0, 0
TERMOSIERRA2 , D, 110, 110, 110, 110, 110, 110, 110, 110, 110, 110, 110, 110, 110, 110, 110, 110, 110, 110, 110, 110, 110, 110, 110, 110
TERMOSIERRA3 , D, 51, 51, 51, 51, 51, 51, 51, 51, 51, 51, 51, 51, 51, 51, 51, 51, 51, 51, 51, 51, 51, 51, 51, 51


AGENTE: ERCO GENERADOR
AUTOGCIJEANS1 , D, 0, 0, 0, 0, 0, 0, 0.01, 0.03, 0.16, 0.35, 0.52, 0.51, 0.46, 0.42, 0.46, 0.35, 0.21, 0.07, 0.01, 0, 0, 0, 0, 0
AUTOGCIJEANS1 , INVD, 24, 24, 24, 24, 24, 24, 24, 24, 24, 24, 24, 24, 24, 24, 24, 24, 24, 24, 24, 24, 24, 24, 24, 24
AUTOGHIDROSOLARI1 , D, 0, 0, 0, 0, 0, 0, 0, 0.02, 0.72, 0.96, 1.44, 1.87, 1.89, 1.83, 1.82, 1.62, 0.91, 0.08, 0, 0, 0, 0, 0, 0
AUTOGHIDROSOLARI1 , INVD, 7, 7, 7, 7, 7, 7, 7, 7, 7, 7, 7, 7, 7, 7, 7, 7, 7, 7, 7, 7, 7, 7, 7, 7
AUTOGPINTUCO1 , D, 0, 0, 0, 0, 0, 0, 0, 0.01, 0.03, 0.05, 0.09, 0.1, 0.15, 0.16, 0.15, 0.1, 0.03, 0.01, 0, 0, 0, 0, 0, 0
AUTOGPINTUCO1 , INVD, 25, 25, 25, 25, 25, 25, 25, 25, 25, 25, 25, 25, 25, 25, 25, 25, 25, 25, 25, 25, 25, 25, 25, 25
COMUNIDADELSALVADORI1 , D, 0, 0, 0, 0, 0, 0, 0, 0, 0, 0.01, 0.01, 0.01, 0.01, 0.01, 0, 0, 0, 0, 0, 0, 0, 0, 0, 0.01
COMUNIDADELSALVADORI1 , INVD, 1, 1, 1, 1, 1, 1, 1, 1, 1, 1, 1, 1, 1, 1, 1, 1, 1, 1, 1, 1, 1, 1, 1, 1
COMUNIDADELSALVADORII1 , D, 0, 0, 0, 0, 0, 0, 0, 0, 0, 0, 0, 0, 0, 0, 0, 0, 0, 0, 0, 0, 0, 0, 0, 0
COMUNIDADELSALVADORII1 , INVD, 1, 1, 1, 1, 1, 1, 1, 1, 1, 1, 1, 1, 1, 1, 1, 1, 1, 1, 1, 1, 1, 1, 1, 1
GDERCOGUAMOI1 , D, 0, 0, 0, 0, 0, 0, 0.06, 0.23, 0.45, 0.67, 0.79, 0.85, 0.85, 0.77, 0.63, 0.43, 0.18, 0.02, 0, 0, 0, 0, 0, 0
GDERCOGUAMOI1 , INVD, 3, 3, 3, 3, 3, 3, 3, 3, 3, 3, 3, 3, 3, 3, 3, 3, 3, 3, 3, 3, 3, 3, 3, 3
GDERCOGUAMOII1 , D, 0, 0, 0, 0, 0, 0, 0.06, 0.23, 0.45, 0.67, 0.79, 0.85, 0.85, 0.77, 0.63, 0.43, 0.18, 0.02, 0, 0, 0, 0, 0, 0
GDERCOGUAMOII1 , INVD, 3, 3, 3, 3, 3, 3, 3, 3, 3, 3, 3, 3, 3, 3, 3, 3, 3, 3, 3, 3, 3, 3, 3, 3
GDERCOGUAMOIII1 , D, 0, 0, 0, 0, 0, 0, 0.06, 0.23, 0.45, 0.67, 0.79, 0.85, 0.85, 0.77, 0.63, 0.43, 0.18, 0.02, 0, 0, 0, 0, 0, 0
GDERCOGUAMOIII1 , INVD, 3, 3, 3, 3, 3, 3, 3, 3, 3, 3, 3, 3, 3, 3, 3, 3, 3, 3, 3, 3, 3, 3, 3, 3
GDERCOGUAMOIV1 , D, 0, 0, 0, 0, 0, 0, 0.06, 0.23, 0.45, 0.67, 0.79, 0.85, 0.85, 0.77, 0.63, 0.43, 0.18, 0.02, 0, 0, 0, 0, 0, 0
GDERCOGUAMOIV1 , INVD, 3, 3, 3, 3, 3, 3, 3, 3, 3, 3, 3, 3, 3, 3, 3, 3, 3, 3, 3, 3, 3, 3, 3, 3
GDERCOMARIANGOLA1 , D, 0, 0, 0, 0, 0, 0, 0.06, 0.23, 0.45, 0.67, 0.79, 0.85, 0.85, 0.77, 0.63, 0.43, 0.18, 0.02, 0, 0, 0, 0, 0, 0
GDERCOMARIANGOLA1 , INVD, 3, 3, 3, 3, 3, 3, 3, 3, 3, 3, 3, 3, 3, 3, 3, 3, 3, 3, 3, 3, 3, 3, 3, 3
GDERCOSALDANAI1 , D, 0, 0, 0, 0, 0, 0, 0.06, 0.22, 0.45, 0.67, 0.79, 0.85, 0.85, 0.77, 0.63, 0.43, 0.18, 0.02, 0, 0, 0, 0, 0, 0
GDERCOSALDANAI1 , INVD, 3, 3, 3, 3, 3, 3, 3, 3, 3, 3, 3, 3, 3, 3, 3, 3, 3, 3, 3, 3, 3, 3, 3, 3
GDERCOSALDANAII1 , D, 0, 0, 0, 0, 0, 0, 0.06, 0.22, 0.45, 0.67, 0.79, 0.85, 0.85, 0.77, 0.63, 0.43, 0.18, 0.02, 0, 0, 0, 0, 0, 0
GDERCOSALDANAII1 , INVD, 3, 3, 3, 3, 3, 3, 3, 3, 3, 3, 3, 3, 3, 3, 3, 3, 3, 3, 3, 3, 3, 3, 3, 3
GDERCOTOLDADO1 , D, 0, 0, 0, 0, 0, 0, 0.02, 0.06, 0.3, 0.66, 0.97, 0.96, 0.86, 0.79, 0.61, 0.47, 0.28, 0.09, 0, 0, 0, 0, 0, 0
GDERCOTOLDADO1 , INVD, 3, 3, 3, 3, 3, 3, 3, 3, 3, 3, 3, 3, 3, 3, 3, 3, 3, 3, 3, 3, 3, 3, 3, 3
GUAMO1 , D, 0, 0, 0, 0, 0, 0.42, 1.76, 3.31, 4.75, 6.21, 7.18, 7.28, 6.61, 5.55, 4.1, 2.31, 0.57, 0, 0, 0, 0, 0, 0, 0
GUAMO1 , INVD, 34, 34, 34, 34, 34, 34, 34, 34, 34, 34, 34, 34, 34, 34, 34, 34, 34, 34, 34, 34, 34, 34, 34, 34
INGENIORISARALDA1 , D, 13, 13, 13, 13, 13, 13, 13, 13, 13, 13, 13, 13, 13, 13, 13, 13, 13, 13, 13, 13, 13, 13, 13, 13
LANENERA1 , D, 0, 0, 0, 0, 0, 0, 0.02, 0.06, 0.3, 0.66, 0.97, 0.96, 0.86, 0.79, 0.61, 0.47, 0.28, 0.09, 0, 0, 0, 0, 0, 0
LANENERA1 , INVD, 4, 4, 4, 4, 4, 4, 4, 4, 4, 4, 4, 4, 4, 4, 4, 4, 4, 4, 4, 4, 4, 4, 4, 4
NUMBANA1 , D, 0, 0, 0, 0, 0, 0.46, 2, 3.75, 5.38, 7.01, 7.93, 8.04, 7.46, 6.29, 4.67, 2.62, 0.63, 0, 0, 0, 0, 0, 0, 0
NUMBANA1 , INVD, 37, 37, 37, 37, 37, 37, 37, 37, 37, 37, 37, 37, 37, 37, 37, 37, 37, 37, 37, 37, 37, 37, 37, 37
PETALODELNORTEDESANTANDERI1 , D, 0, 0, 0, 0, 0, 0, 1.89, 4.77, 8.94, 12.76, 16.05, 17.79, 16.05, 13.62, 10.58, 7.52, 4.31, 1.19, 0, 0, 0, 0, 0, 0
PETALODELNORTEDESANTANDERI1 , INVD, 73, 73, 73, 73, 73, 73, 73, 73, 73, 73, 73, 73, 73, 73, 73, 73, 73, 73, 73, 73, 73, 73, 73, 73
ROKRA1 , D, 0, 0, 0, 0, 0, 0.01, 0.42, 1.83, 3.77, 5.63, 6.74, 7.82, 8.08, 7.27, 6.16, 4.62, 2.46, 0.51, 0, 0, 0, 0, 0, 0
ROKRA1 , INVD, 37, 37, 37, 37, 37, 37, 37, 37, 37, 37, 37, 37, 37, 37, 37, 37, 37, 37, 37, 37, 37, 37, 37, 37


AGENTE: ESPROD SAS ESP
RIONEGRO1 , D, 7, 7, 7, 7, 7, 7, 7, 7, 7, 7, 7, 7, 7, 7, 7, 7, 7, 7, 7, 7, 7, 7, 7, 7


AGENTE: YARUMO
PARQUESOLARBARANOA1 , D, 0, 0, 0, 0, 0, 0, 6, 11, 13, 9, 10, 10, 10, 9, 7, 5, 2, 0, 0, 0, 0, 0, 0, 0
PARQUESOLARBARANOA1 , INVD, 77, 77, 77, 77, 77, 77, 77, 77, 77, 77, 77, 77, 77, 77, 77, 77, 77, 77, 77, 77, 77, 77, 77, 77


AGENTE: FURESAS
GRANJASOLARELSALADO1 , D, 0, 0, 0, 0, 0, 0, 0, 0.02, 0.04, 0.06, 0.07, 0.07, 0.07, 0.07, 0.06, 0.04, 0.02, 0.01, 0, 0, 0, 0, 0, 0
GRANJASOLARELSALADO1 , INVD, 2, 2, 2, 2, 2, 2, 2, 2, 2, 2, 2, 2, 2, 2, 2, 2, 2, 2, 2, 2, 2, 2, 2, 2
PATICO-LACABRERA1 , D, 1.16, 1.15, 1.16, 1.18, 1.12, 1.06, 1.05, 1.04, 1.11, 0.97, 1.08, 0.98, 1.04, 1.06, 1.08, 1.1, 1.13, 1.11, 1.11, 1.1, 1.07, 1.02, 1.01, 1.03
SANJOSE1 , D, 0, 0, 0, 0, 0, 0, 0, 0, 0, 0, 0, 0, 0, 0, 0, 0, 0, 0, 0, 0, 0, 0, 0, 0


AGENTE: GECELCA S.A. E.S.P
AUTOGCANTAYUS1 , D, 1.63, 1.59, 1.42, 1.66, 1.58, 1.64, 1.68, 1.7, 1.7, 1.7, 1.7, 1.7, 1.7, 1.7, 1.7, 1.7, 1.7, 1.7, 1.7, 1.65, 1.66, 1.65, 1.65, 1.66
AUTOGCANTAYUS2 , D, 1.63, 1.59, 1.42, 1.66, 1.58, 1.64, 1.68, 1.7, 1.7, 1.7, 1.7, 1.7, 1.7, 1.7, 1.7, 1.7, 1.7, 1.7, 1.7, 1.65, 1.66, 1.65, 1.65, 1.66
AUTOGECOPETROLORITO1 , D, 1, 1, 1, 1, 1, 1, 1, 1, 1, 1, 1, 1, 1, 1, 1, 1, 1, 1, 1, 1, 1, 1, 1, 1
AUTOGELCOPEY1 , D, 0, 0, 0, 0, 0, 0, 0.4, 1.2, 2.1, 2.8, 3.2, 3.5, 2.9, 3, 2.6, 1.7, 0.7, 0, 0, 0, 0, 0, 0, 0
AUTOGELCOPEY1 , INVD, 34, 34, 34, 34, 34, 34, 34, 34, 34, 34, 34, 34, 34, 34, 34, 34, 34, 34, 34, 34, 34, 34, 34, 34
AUTOGREFICAR1 , D, 8, 8, 8, 8, 8, 8, 8, 8, 8, 8, 8, 8, 8, 8, 8, 8, 8, 8, 8, 8, 8, 8, 8, 8
GECELCA3 , P, 245074
GECELCA3 , C, CARBON
GECELCA3 , PAPC01, 52280446
GECELCA3 , PAPF01, 122967380
GECELCA3 , PAPT01, 79258408
GECELCA3 , PAPUSDC01, 13199
GECELCA3 , PAPUSDF01, 31045
GECELCA3 , PAPUSDT01, 20010
GECELCA3 , CONF, 1
GECELCA3 , D, 164, 164, 164, 164, 164, 164, 164, 164, 164, 164, 164, 164, 164, 164, 164, 164, 164, 164, 164, 164, 164, 164, 164, 164
GECELCA32 , P, 278077
GECELCA32 , C, CARBON
GECELCA32 , PAPC01, 45297309
GECELCA32 , PAPT01, 69177816
GECELCA32 , PAPF01, 98445201
GECELCA32 , PAPUSDC01, 11436
GECELCA32 , PAPUSDT01, 17465
GECELCA32 , PAPUSDF01, 24854
GECELCA32 , CONF, 1
GECELCA32 , D, 0, 0, 0, 0, 0, 0, 0, 0, 0, 0, 0, 0, 0, 0, 0, 0, 0, 0, 0, 0, 0, 0, 0, 0
GUAJIRA1 , P, 520219
GUAJIRA1 , C, MEZCLA GAS - CARBON
GUAJIRA1 , PAPF01, 92234447
GUAJIRA1 , PAPT01, 47353037
GUAJIRA1 , PAPC01, 33557083
GUAJIRA1 , PAPC14, 33557083
GUAJIRA1 , PAPT14, 47353037
GUAJIRA1 , PAPF14, 92234447
GUAJIRA1 , PAPUSDF01, 23286
GUAJIRA1 , PAPUSDT01, 11955
GUAJIRA1 , PAPUSDC01, 8472
GUAJIRA1 , PAPUSDC14, 8472
GUAJIRA1 , PAPUSDT14, 11955
GUAJIRA1 , PAPUSDF14, 23286
GUAJIRA1 , CONF, 2
GUAJIRA1 , D, 145, 145, 145, 145, 145, 145, 145, 145, 145, 145, 145, 145, 145, 145, 145, 145, 145, 145, 145, 145, 145, 145, 145, 145
GUAJIRA2 , P, 507061
GUAJIRA2 , C, MEZCLA GAS - CARBON
GUAJIRA2 , PAPC01, 33557083
GUAJIRA2 , PAPT01, 47353037
GUAJIRA2 , PAPC14, 33557083
GUAJIRA2 , PAPT14, 47353037
GUAJIRA2 , PAPF14, 92234447
GUAJIRA2 , PAPF01, 92234447
GUAJIRA2 , PAPUSDC01, 8472
GUAJIRA2 , PAPUSDT01, 11955
GUAJIRA2 , PAPUSDC14, 8472
GUAJIRA2 , PAPUSDT14, 11955
GUAJIRA2 , PAPUSDF14, 23286
GUAJIRA2 , PAPUSDF01, 23286
GUAJIRA2 , CONF, 2
GUAJIRA2 , D, 0, 0, 0, 0, 0, 0, 0, 0, 0, 0, 0, 0, 0, 0, 0, 0, 0, 0, 0, 0, 0, 0, 0, 0


AGENTE: TCNG
TERMOCENTRO1 , PAPC02, 0
TERMOCENTRO1 , PAPT02, 0
TERMOCENTRO1 , PAPF02, 0
TERMOCENTRO2 , PAPC02, 0
TERMOCENTRO2 , PAPT02, 0
TERMOCENTRO2 , PAPF02, 0
TERMOCENTRO3 , PAPC02, 0
TERMOCENTRO3 , PAPT02, 0
TERMOCENTRO3 , PAPF02, 0
TERMOCENTROCC , P1, 1934432
TERMOCENTROCC , P2, 2202671
TERMOCENTROCC , P3, 2596176
TERMOCENTROCC , P4, 1958638
TERMOCENTROCC , P5, 2595975
TERMOCENTRO1 , PAPUSDC02, 0
TERMOCENTRO1 , PAPUSDT02, 0
TERMOCENTRO1 , PAPUSDF02, 0
TERMOCENTRO2 , PAPUSDC02, 0
TERMOCENTRO2 , PAPUSDT02, 0
TERMOCENTRO2 , PAPUSDF02, 0
TERMOCENTRO3 , PAPUSDC02, 0
TERMOCENTRO3 , PAPUSDT02, 0
TERMOCENTRO3 , PAPUSDF02, 0
TERMOCENTROCC , DISCONF1, 0, 0, 0, 0, 0, 0, 0, 0, 0, 0, 0, 0, 0, 0, 0, 0, 0, 0, 0, 0, 0, 0, 0, 0
TERMOCENTROCC , DISCONF2, 0, 0, 0, 0, 0, 0, 0, 0, 0, 0, 0, 0, 0, 0, 0, 0, 0, 0, 0, 0, 0, 0, 0, 0
TERMOCENTROCC , DISCONF3, 0, 0, 0, 0, 0, 0, 0, 0, 0, 0, 0, 0, 0, 0, 0, 0, 0, 0, 0, 0, 0, 0, 0, 0
TERMOCENTROCC , DISCONF4, 0, 0, 0, 0, 0, 0, 0, 0, 0, 0, 0, 0, 0, 0, 0, 0, 0, 0, 0, 0, 0, 0, 0, 0
TERMOCENTROCC , DISCONF5, 0, 0, 0, 0, 0, 0, 0, 0, 0, 0, 0, 0, 0, 0, 0, 0, 0, 0, 0, 0, 0, 0, 0, 0
TERMOCENTRO1 , D, 0, 0, 0, 0, 0, 0, 0, 0, 0, 0, 0, 0, 0, 0, 0, 0, 0, 0, 0, 0, 0, 0, 0, 0
TERMOCENTRO2 , D, 0, 0, 0, 0, 0, 0, 0, 0, 0, 0, 0, 0, 0, 0, 0, 0, 0, 0, 0, 0, 0, 0, 0, 0
TERMOCENTRO3 , D, 0, 0, 0, 0, 0, 0, 0, 0, 0, 0, 0, 0, 0, 0, 0, 0, 0, 0, 0, 0, 0, 0, 0, 0


AGENTE: GENERSA
AUTOGTERMOARAUCA1 , D, 4.2, 4.2, 4.2, 4.2, 4.2, 4.2, 4.2, 4.2, 4.2, 4.2, 4.2, 4.2, 4.2, 4.2, 4.2, 4.2, 4.2, 4.2, 4.2, 4.2, 4.2, 4.2, 4.2, 4.2
AUTOGTERMOCOROCITO1 , D, 4, 4, 4, 4, 4, 4, 4, 4, 4, 4, 4, 4, 4, 4, 4, 4, 4, 4, 4, 4, 4, 4, 4, 4
AUTOGTERMOMACAGUA1 , D, 4.2, 4.2, 4.2, 4.2, 4.2, 4.2, 4.2, 4.2, 4.2, 4.2, 4.2, 4.2, 4.2, 4.2, 4.2, 4.2, 4.2, 4.2, 4.2, 4.2, 4.2, 4.2, 4.2, 4.2
AUTOGTERMOTAME1 , D, 1, 1, 1, 1, 1, 1, 1, 1, 1, 1, 1, 1, 1, 1, 1, 1, 1, 1, 1, 1, 1, 1, 1, 1
AUTOGTERMOTAME2 , D, 1.49, 1.49, 1.49, 1.49, 1.49, 1.49, 1.49, 1.49, 1.49, 1.49, 1.49, 1.49, 1.49, 1.49, 1.49, 1.49, 1.49, 1.49, 1.49, 1.49, 1.49, 1.49, 1.49, 1.49
AUTOGTERMOTAME3 , D, 1.49, 1.49, 1.49, 1.49, 1.49, 1.49, 1.49, 1.49, 1.49, 1.49, 1.49, 1.49, 1.49, 1.49, 1.49, 1.49, 1.49, 1.49, 1.49, 1.49, 1.49, 1.49, 1.49, 1.49
TERMOBOLIVAR1 , D, 0, 0, 0, 0, 0, 0, 0, 0, 0, 0, 0, 0, 0, 0, 0, 0, 0, 0, 0, 0, 0, 0, 0, 0
TERMOCAPACHOS1 , D, 8, 8, 8, 8, 8, 8, 8, 8, 8, 8, 8, 8, 8, 8, 8, 8, 8, 8, 8, 8, 8, 8, 8, 8


AGENTE: GENERSOL
SUNNORTE , P, 84716
SUNNORTE1 , INVD, 109, 109, 109, 109, 109, 109, 109, 109, 109, 109, 109, 109, 109, 109, 109, 109, 109, 109, 109, 109, 109, 109, 109, 109
SUNNORTE1 , D, 0, 0, 0, 0, 0, 0, 3, 11, 19, 26, 29, 28, 24, 19, 14, 10, 5, 1, 0, 0, 0, 0, 0, 0


AGENTE: GENSA
PAIPA1 , P, 243291
PAIPA1 , C, CARBON
PAIPA1 , PAPT01, 25956039
PAIPA1 , PAPC01, 12635398
PAIPA1 , PAPF01, 41752268
PAIPA1 , PAPUSDT01, 6553
PAIPA1 , PAPUSDC01, 3190
PAIPA1 , PAPUSDF01, 10541
PAIPA1 , CONF, 1
PAIPA1 , D, 0, 0, 0, 0, 0, 0, 0, 0, 0, 0, 0, 0, 0, 0, 0, 0, 0, 0, 0, 0, 0, 0, 0, 0
PAIPA2 , P, 225796
PAIPA2 , C, CARBON
PAIPA2 , PAPF01, 69863059
PAIPA2 , PAPT01, 43542613
PAIPA2 , PAPC01, 30083339
PAIPA2 , PAPUSDF01, 17638
PAIPA2 , PAPUSDT01, 10993
PAIPA2 , PAPUSDC01, 7595
PAIPA2 , CONF, 1
PAIPA2 , D, 0, 0, 0, 0, 0, 0, 0, 0, 0, 0, 0, 0, 0, 0, 0, 0, 0, 0, 0, 0, 0, 0, 0, 0
PAIPA3 , P, 234001
PAIPA3 , C, CARBON
PAIPA3 , PAPC01, 30083339
PAIPA3 , PAPT01, 43542613
PAIPA3 , PAPF01, 69863059
PAIPA3 , PAPUSDC01, 7595
PAIPA3 , PAPUSDT01, 10993
PAIPA3 , PAPUSDF01, 17638
PAIPA3 , CONF, 1
PAIPA3 , D, 70, 70, 70, 70, 70, 70, 70, 70, 70, 70, 70, 70, 70, 70, 70, 70, 70, 70, 70, 70, 70, 70, 70, 70


AGENTE: GR POWER COLOMBIA
CENTROSOLAR1 , D, 0, 0, 0, 0, 0, 0, 2.6, 7.97, 9.28, 9.88, 9.9, 9.9, 9.9, 9.9, 9.9, 9.33, 8.29, 2.86, 0, 0, 0, 0, 0, 0
CENTROSOLAR1 , INVD, 8, 8, 8, 8, 8, 8, 8, 8, 8, 8, 8, 8, 8, 8, 8, 8, 8, 8, 8, 8, 8, 8, 8, 8


AGENTE: GREENYELLOW
CAIMANCIENAGUERO1 , D, 0, 0, 0, 0, 0, 0.01, 0.03, 0.24, 0.36, 0.51, 0.63, 0.54, 0.61, 0.2, 0.1, 0, 0, 0, 0, 0, 0, 0, 0, 0
CAIMANCIENAGUERO1 , INVD, 49, 49, 49, 49, 49, 49, 49, 49, 49, 49, 49, 49, 49, 49, 49, 49, 49, 49, 49, 49, 49, 49, 49, 49
GDFINCAISABELLOPEZ1 , D, 0, 0, 0, 0, 0, 0, 0.01, 0.04, 0.07, 0.12, 0.08, 0.07, 0.06, 0.05, 0.02, 0, 0, 0, 0, 0, 0, 0, 0, 0
GDFINCAISABELLOPEZ1 , INVD, 3, 3, 3, 3, 3, 3, 3, 3, 3, 3, 3, 3, 3, 3, 3, 3, 3, 3, 3, 3, 3, 3, 3, 3
GDFINCAJM1 , D, 0, 0, 0, 0, 0, 0, 0.01, 0.04, 0.07, 0.12, 0.08, 0.07, 0.06, 0.05, 0.02, 0, 0, 0, 0, 0, 0, 0, 0, 0
GDFINCAJM1 , INVD, 3, 3, 3, 3, 3, 3, 3, 3, 3, 3, 3, 3, 3, 3, 3, 3, 3, 3, 3, 3, 3, 3, 3, 3
GYSOLARAURORA1 , D, 0, 0, 0, 0, 0, 0.01, 0.03, 0.24, 0.36, 0.51, 0.63, 0.54, 0.61, 0.2, 0.1, 0, 0, 0, 0, 0, 0, 0, 0, 0
GYSOLARAURORA1 , INVD, 57, 57, 57, 57, 57, 57, 57, 57, 57, 57, 57, 57, 57, 57, 57, 57, 57, 57, 57, 57, 57, 57, 57, 57
JEQUES1 , D, 0, 0, 0, 0, 0, 0.01, 0.03, 0.24, 0.36, 0.51, 0.63, 0.54, 0.61, 0.2, 0.1, 0, 0, 0, 0, 0, 0, 0, 0, 0
JEQUES1 , INVD, 34, 34, 34, 34, 34, 34, 34, 34, 34, 34, 34, 34, 34, 34, 34, 34, 34, 34, 34, 34, 34, 34, 34, 34
PARQUESOLARDINAMARCA1 , D, 0, 0, 0, 0, 0, 0.01, 0.03, 0.24, 0.36, 0.51, 0.63, 0.54, 0.61, 0.2, 0.1, 0, 0, 0, 0, 0, 0, 0, 0, 0
PARQUESOLARDINAMARCA1 , INVD, 49, 49, 49, 49, 49, 49, 49, 49, 49, 49, 49, 49, 49, 49, 49, 49, 49, 49, 49, 49, 49, 49, 49, 49
PARQUESOLARLAMENA1 , D, 0, 0, 0, 0, 0, 0.01, 0.03, 0.24, 0.36, 0.51, 0.63, 0.54, 0.61, 0.2, 0.1, 0, 0, 0, 0, 0, 0, 0, 0, 0
PARQUESOLARLAMENA1 , INVD, 49, 49, 49, 49, 49, 49, 49, 49, 49, 49, 49, 49, 49, 49, 49, 49, 49, 49, 49, 49, 49, 49, 49, 49
PARQUESOLARVERSALLES1 , D, 0, 0, 0, 0, 0, 0.01, 0.03, 0.24, 0.36, 0.51, 0.63, 0.54, 0.61, 0.2, 0.1, 0, 0, 0, 0, 0, 0, 0, 0, 0
PARQUESOLARVERSALLES1 , INVD, 49, 49, 49, 49, 49, 49, 49, 49, 49, 49, 49, 49, 49, 49, 49, 49, 49, 49, 49, 49, 49, 49, 49, 49
SOLARALEJANDRIA1 , D, 0, 0, 0, 0, 0, 0, 0, 0, 0, 0, 0, 0, 0, 0, 0, 0, 0, 0, 0, 0, 0, 0, 0, 0
SOLARALEJANDRIA1 , INVD, 33, 33, 33, 33, 33, 33, 33, 33, 33, 33, 33, 33, 33, 33, 33, 33, 33, 33, 33, 33, 33, 33, 33, 33


AGENTE: HIDROBARRANCAS
HIDROBARRANCAS1 , D, 3.1, 3.1, 3.1, 3.1, 3.1, 3.1, 3.1, 3.1, 3.1, 3.1, 3.1, 3.1, 3.1, 3.1, 3.1, 3.1, 3.1, 3.1, 3.1, 3.1, 3.1, 3.1, 3.1, 3.1


AGENTE: HIDRALPOR SAS ESP
CARLOSLLERAS , P, 89000
CARLOSLLERAS1 , D, 39, 39, 39, 39, 39, 39, 39, 39, 39, 39, 39, 39, 39, 39, 39, 39, 39, 39, 39, 39, 39, 39, 39, 39
CARLOSLLERAS2 , D, 39, 39, 39, 39, 39, 39, 39, 39, 39, 39, 39, 39, 39, 39, 39, 39, 39, 39, 39, 39, 39, 39, 39, 39
ESCUELADEMINAS , P, 89000
ESCUELADEMINAS1 , D, 19, 19, 19, 19, 19, 19, 19, 19, 19, 19, 19, 19, 19, 19, 19, 19, 19, 19, 19, 19, 19, 19, 19, 19
ESCUELADEMINAS2 , D, 18, 18, 18, 18, 18, 18, 18, 18, 18, 18, 18, 18, 18, 18, 18, 18, 18, 18, 18, 18, 18, 18, 18, 18
ESCUELADEMINAS3 , D, 18, 18, 18, 18, 18, 18, 18, 18, 18, 18, 18, 18, 18, 18, 18, 18, 18, 18, 18, 18, 18, 18, 18, 18


AGENTE: HIDROMONT
LACHORRERA1 , D, 7, 7, 7, 7, 7, 7, 7, 7, 7, 7, 7, 7, 7, 7, 7, 7, 7, 7, 7, 7, 7, 7, 7, 7
LACHORRERA2 , D, 7, 7, 7, 7, 7, 7, 7, 7, 7, 7, 7, 7, 7, 7, 7, 7, 7, 7, 7, 7, 7, 7, 7, 7


AGENTE: HIDROTOLIMA
MIROLINDO1 , D, 2.63, 2.63, 2.63, 2.63, 2.63, 2.63, 2.63, 2.63, 2.63, 2.63, 2.63, 2.63, 2.63, 2.63, 2.63, 2.63, 2.63, 2.63, 2.63, 2.63, 2.63, 2.63, 2.63, 2.63
PASTALES1 , D, 0.65, 0.65, 0.65, 0.65, 0.65, 0.65, 0.65, 0.65, 0.65, 0.65, 0.65, 0.65, 0.65, 0.65, 0.65, 0.65, 0.65, 0.65, 0.65, 0.65, 0.65, 0.65, 0.65, 0.65
RIORECIO1 , D, 0.52, 0.52, 0.52, 0.52, 0.52, 0.52, 0.52, 0.52, 0.52, 0.52, 0.52, 0.52, 0.52, 0.52, 0.52, 0.52, 0.52, 0.52, 0.52, 0.52, 0.52, 0.52, 0.52, 0.52
SANTIAGO1 , D, 0.96, 0.96, 0.96, 0.96, 0.96, 0.96, 0.96, 0.96, 0.96, 0.96, 0.96, 0.96, 0.96, 0.96, 0.96, 0.96, 0.96, 0.96, 0.96, 0.96, 0.96, 0.96, 0.96, 0.96
VENTANAA1 , D, 0, 0, 0, 0, 0, 0, 0, 0, 0, 0, 0, 0, 0, 0, 0, 0, 0, 0, 0, 0, 0, 0, 0, 0
VENTANAB1 , D, 2.5, 2.5, 2.5, 2.5, 2.5, 2.5, 2.5, 2.5, 2.5, 2.5, 2.5, 2.5, 2.5, 2.5, 2.5, 2.5, 2.5, 2.5, 2.5, 2.5, 2.5, 2.5, 2.5, 2.5


AGENTE: HZ ENERGY
AMALFI1 , D, 0.3, 0.3, 0.3, 0.3, 0.3, 0.3, 0.3, 0.3, 0.3, 0.3, 0.3, 0.3, 0.3, 0.3, 0.3, 0.3, 0.3, 0.3, 0.3, 0.3, 0.3, 0.3, 0.3, 0.3
LAREBUSCA1 , D, 0.65, 0.65, 0.65, 0.65, 0.65, 0.65, 0.65, 0.65, 0.65, 0.65, 0.65, 0.65, 0.65, 0.65, 0.65, 0.65, 0.65, 0.65, 0.65, 0.65, 0.65, 0.65, 0.65, 0.65
PROVIDENCIA1 , D, 1.85, 1.85, 1.85, 1.85, 1.85, 1.85, 2.09, 1.25, 1.25, 1.25, 2.34, 1.25, 4.9, 4.9, 4.9, 3.1, 1.25, 1.85, 1.85, 1.85, 1.85, 1.85, 1.85, 1.85


AGENTE: IAC ENERGY
LANAVETA1 , D, 2, 2, 2, 2, 2, 2, 2, 2, 2, 2, 2, 2, 2, 2, 2, 2, 2, 2, 2, 2, 2, 2, 2, 2


AGENTE: ISAGEN
AMOYALAESPERANZA , P, 103064
AMOYALAESPERANZA1 , D, 38, 38, 38, 38, 38, 38, 38, 38, 38, 38, 38, 38, 38, 38, 38, 38, 38, 38, 38, 38, 38, 38, 38, 38
AMOYALAESPERANZA2 , D, 37, 37, 37, 37, 37, 37, 37, 37, 37, 37, 37, 37, 37, 37, 37, 37, 37, 37, 37, 37, 37, 37, 37, 37
BARROSO1 , D, 7.32, 7.32, 7.32, 7.32, 7.32, 7.32, 7.32, 7.32, 7.32, 7.32, 7.32, 7.32, 7.32, 7.32, 7.32, 7.32, 7.32, 7.32, 7.32, 7.32, 7.32, 7.32, 7.32, 7.32
BARROSO2 , D, 7.32, 7.32, 7.32, 7.32, 7.32, 7.32, 7.32, 7.32, 7.32, 7.32, 7.32, 7.32, 7.32, 7.32, 7.32, 7.32, 7.32, 7.32, 7.32, 7.32, 7.32, 7.32, 7.32, 7.32
BOSQUESSOLARESDELOSLLANOS41 , D, 0, 0, 0, 0, 0, 0, 3.49, 11.73, 13.81, 17.38, 15.69, 14.48, 13.77, 12.9, 12.32, 9.75, 4.5, 0, 0, 0, 0, 0, 0, 0
BOSQUESSOLARESDELOSLLANOS41 , INVD, 121, 121, 121, 121, 121, 121, 121, 121, 121, 121, 121, 121, 121, 121, 121, 121, 121, 121, 121, 121, 121, 121, 121, 121
BOSQUESSOLARESDELOSLLANOS51 , D, 0, 0, 0, 0, 0, 0, 3.18, 11.06, 13.52, 15.32, 13.8, 12.73, 11.46, 11.12, 9.93, 7.84, 4.27, 0, 0, 0, 0, 0, 0, 0
BOSQUESSOLARESDELOSLLANOS51 , INVD, 111, 111, 111, 111, 111, 111, 111, 111, 111, 111, 111, 111, 111, 111, 111, 111, 111, 111, 111, 111, 111, 111, 111, 111
BSB5001 , D, 0, 0, 0, 0, 0, 0, 3.26, 11.73, 16.82, 17.51, 17.95, 17.98, 17.81, 17.04, 14.69, 13.01, 8.6, 2.21, 0, 0, 0, 0, 0, 0
BSB5001 , INVD, 77, 77, 77, 77, 77, 77, 77, 77, 77, 77, 77, 77, 77, 77, 77, 77, 77, 77, 77, 77, 77, 77, 77, 77
BSB5011 , D, 0, 0, 0, 0, 0, 0, 3.26, 11.73, 16.82, 17.51, 17.95, 17.98, 17.81, 17.04, 14.69, 13.01, 8.6, 2.21, 0, 0, 0, 0, 0, 0
BSB5011 , INVD, 77, 77, 77, 77, 77, 77, 77, 77, 77, 77, 77, 77, 77, 77, 77, 77, 77, 77, 77, 77, 77, 77, 77, 77
BSB5021 , D, 0, 0, 0, 0, 0, 0, 3.26, 11.73, 16.82, 17.51, 17.95, 17.98, 17.81, 17.04, 14.69, 13.01, 8.6, 2.21, 0, 0, 0, 0, 0, 0
BSB5021 , INVD, 77, 77, 77, 77, 77, 77, 77, 77, 77, 77, 77, 77, 77, 77, 77, 77, 77, 77, 77, 77, 77, 77, 77, 77
BSB5031 , D, 0, 0, 0, 0, 0, 0, 3.26, 11.73, 16.82, 17.51, 17.95, 17.98, 17.81, 17.04, 14.69, 13.01, 8.6, 2.21, 0, 0, 0, 0, 0, 0
BSB5031 , INVD, 77, 77, 77, 77, 77, 77, 77, 77, 77, 77, 77, 77, 77, 77, 77, 77, 77, 77, 77, 77, 77, 77, 77, 77
BSB5041 , D, 0, 0, 0, 0, 0, 0, 3.26, 11.73, 16.82, 17.51, 17.95, 17.98, 17.81, 17.04, 14.69, 13.01, 8.6, 2.21, 0, 0, 0, 0, 0, 0
BSB5041 , INVD, 77, 77, 77, 77, 77, 77, 77, 77, 77, 77, 77, 77, 77, 77, 77, 77, 77, 77, 77, 77, 77, 77, 77, 77
CALDERAS1 , D, 3.9, 3.9, 3.9, 3.9, 3.9, 3.9, 5.97, 5.97, 3.9, 3.9, 3.9, 8.62, 8.62, 3.9, 3.9, 3.9, 3.9, 9.95, 9.95, 9.95, 3.9, 3.9, 3.9, 3.9
CALDERAS2 , D, 3.9, 3.9, 3.9, 3.9, 3.9, 3.9, 5.97, 5.97, 3.9, 3.9, 3.9, 8.62, 8.62, 3.9, 3.9, 3.9, 3.9, 9.95, 9.95, 9.95, 3.9, 3.9, 3.9, 3.9
CARUQUIA1 , D, 8.49, 8.49, 8.49, 8.49, 8.49, 8.49, 8.49, 8.49, 8.49, 8.49, 8.49, 8.49, 8.49, 8.49, 8.49, 8.49, 8.49, 8.49, 8.49, 8.49, 8.49, 8.49, 8.49, 8.49
ELMOLINO1 , D, 8.09, 8.09, 8.09, 8.09, 8.09, 8.09, 8.09, 8.09, 8.09, 8.09, 8.09, 8.09, 8.09, 8.09, 8.09, 8.09, 8.09, 8.09, 8.09, 8.09, 8.09, 8.09, 8.09, 8.09
ELMOLINO2 , D, 8.09, 8.09, 8.09, 8.09, 8.09, 8.09, 8.09, 8.09, 8.09, 8.09, 8.09, 8.09, 8.09, 8.09, 8.09, 8.09, 8.09, 8.09, 8.09, 8.09, 8.09, 8.09, 8.09, 8.09
ELPOPAL1 , D, 9.08, 9.08, 9.08, 9.08, 9.08, 9.08, 9.08, 9.08, 9.08, 9.08, 9.08, 9.08, 9.08, 9.08, 9.08, 9.08, 9.08, 9.08, 9.08, 9.08, 9.08, 9.08, 9.08, 9.08
ELPOPAL2 , D, 9.08, 9.08, 9.08, 9.08, 9.08, 9.08, 9.08, 9.08, 9.08, 9.08, 9.08, 9.08, 9.08, 9.08, 9.08, 9.08, 9.08, 9.08, 9.08, 9.08, 9.08, 9.08, 9.08, 9.08
GUANAQUITAS1 , D, 8.76, 8.76, 8.76, 8.76, 8.76, 8.76, 8.76, 8.76, 8.76, 8.76, 8.76, 8.76, 8.76, 8.76, 8.76, 8.76, 8.76, 8.76, 8.76, 8.76, 8.76, 8.76, 8.76, 8.76
JAGUAS , P, 96056
JAGUAS1 , D, 85, 85, 85, 85, 85, 85, 85, 85, 85, 85, 85, 85, 85, 85, 85, 85, 85, 85, 85, 85, 85, 85, 85, 85
JAGUAS2 , D, 85, 85, 85, 85, 85, 85, 85, 85, 85, 85, 85, 85, 85, 85, 85, 85, 85, 85, 85, 85, 85, 85, 85, 85
JAGUAS1 , AGCU, 70, 70, 70, 70, 70, 70, 70, 70, 70, 70, 70, 70, 70, 70, 70, 70, 70, 70, 0, 0, 0, 70, 70, 70
JAGUAS2 , AGCU, 70, 70, 70, 70, 70, 70, 70, 70, 70, 70, 70, 70, 70, 70, 70, 70, 70, 70, 0, 0, 0, 70, 70, 70
JAGUAS , AGCP, 140, 140, 140, 140, 140, 140, 140, 140, 140, 140, 140, 140, 140, 140, 140, 140, 140, 140, 0, 0, 0, 140, 140, 140
LUZMAI1 , D, 8.36, 8.36, 8.36, 8.36, 8.36, 8.36, 8.36, 8.36, 8.36, 8.36, 8.36, 8.36, 8.36, 8.36, 8.36, 8.36, 8.36, 8.36, 8.36, 8.36, 8.36, 8.36, 8.36, 8.36
LUZMAI2 , D, 8.36, 8.36, 8.36, 8.36, 8.36, 8.36, 8.36, 8.36, 8.36, 8.36, 8.36, 8.36, 8.36, 8.36, 8.36, 8.36, 8.36, 8.36, 8.36, 8.36, 8.36, 8.36, 8.36, 8.36
LUZMAII1 , D, 8.18, 8.18, 8.18, 8.18, 8.18, 8.18, 8.18, 8.18, 8.18, 8.18, 8.18, 8.18, 8.18, 8.18, 8.18, 8.18, 8.18, 8.18, 8.18, 8.18, 8.18, 8.18, 8.18, 8.18
LUZMAII2 , D, 8.18, 8.18, 8.18, 8.18, 8.18, 8.18, 8.18, 8.18, 8.18, 8.18, 8.18, 8.18, 8.18, 8.18, 8.18, 8.18, 8.18, 8.18, 8.18, 8.18, 8.18, 8.18, 8.18, 8.18
MIELI , P, 450000
MIELI , MO, 32, 32, 32, 32, 32, 32, 32, 32, 32, 32, 32, 32, 32, 32, 32, 32, 32, 32, 32, 32, 32, 32, 32, 32
MIELI1 , D, 129, 129, 129, 129, 129, 129, 129, 129, 129, 129, 129, 129, 129, 129, 129, 129, 129, 129, 129, 129, 129, 129, 129, 129
MIELI2 , D, 129, 129, 129, 129, 129, 129, 129, 129, 129, 129, 129, 129, 129, 129, 129, 129, 129, 129, 129, 129, 129, 129, 129, 129
MIELI3 , D, 129, 129, 129, 129, 129, 129, 129, 129, 129, 129, 129, 129, 129, 129, 129, 129, 129, 129, 129, 129, 129, 129, 129, 129
MIELI1 , AGCU, 75, 75, 75, 75, 75, 75, 75, 75, 75, 75, 75, 75, 75, 75, 75, 75, 75, 75, 75, 75, 75, 75, 75, 75
MIELI2 , AGCU, 75, 75, 75, 75, 75, 75, 75, 75, 75, 75, 75, 75, 75, 75, 75, 75, 75, 75, 75, 75, 75, 75, 75, 75
MIELI3 , AGCU, 75, 75, 75, 75, 75, 75, 75, 75, 75, 75, 75, 75, 75, 75, 75, 75, 75, 75, 75, 75, 75, 75, 75, 75
MIELI , AGCP, 225, 225, 225, 225, 225, 225, 225, 225, 225, 225, 225, 225, 225, 225, 225, 225, 225, 225, 225, 225, 225, 225, 225, 225
PARQUEEOLICOGUAJIRAI1 , D, 9.22, 7.19, 5.92, 5.23, 5.49, 4.35, 3.01, 3.53, 4.1, 7.07, 9.8, 11.31, 13.91, 15.92, 15.92, 15.92, 15.92, 15.92, 15.92, 15.92, 15.92, 15.92, 15.92, 15.92
PARQUEEOLICOGUAJIRAI1 , INVD, 8, 8, 8, 8, 8, 8, 8, 8, 8, 8, 8, 8, 8, 8, 8, 8, 8, 8, 8, 8, 8, 8, 8, 8
PARQUEEOLICOWESP011 , D, 5.18, 3.88, 3.68, 3.34, 4.21, 3.87, 3.17, 2.3, 1.72, 3.03, 5.14, 7.87, 10.88, 12, 12, 11.75, 11.7, 11.9, 11.84, 11.74, 11.47, 11.43, 11.27, 10.81
PARQUEEOLICOWESP011 , INVD, 4, 4, 4, 4, 4, 4, 4, 4, 4, 4, 4, 4, 4, 4, 4, 4, 4, 4, 4, 4, 4, 4, 4, 4
SANCARLOS , P, 96056
SANCARLOS1 , D, 155, 155, 155, 155, 155, 155, 155, 155, 155, 155, 155, 155, 155, 155, 155, 155, 155, 155, 155, 155, 155, 155, 155, 155
SANCARLOS2 , D, 155, 155, 155, 155, 155, 155, 155, 155, 155, 155, 155, 155, 155, 155, 155, 155, 155, 155, 155, 155, 155, 155, 155, 155
SANCARLOS3 , D, 155, 155, 155, 155, 155, 155, 155, 155, 155, 155, 155, 155, 155, 155, 155, 155, 155, 155, 155, 155, 155, 155, 155, 155
SANCARLOS4 , D, 155, 155, 155, 155, 155, 155, 155, 155, 155, 155, 155, 155, 155, 155, 155, 155, 155, 155, 155, 155, 155, 155, 155, 155
SANCARLOS5 , D, 155, 155, 155, 155, 155, 155, 155, 155, 155, 155, 155, 155, 155, 155, 155, 155, 155, 155, 155, 155, 155, 155, 155, 155
SANCARLOS6 , D, 155, 155, 155, 155, 155, 155, 155, 155, 155, 155, 155, 155, 155, 155, 155, 155, 155, 155, 155, 155, 155, 155, 155, 155
SANCARLOS7 , D, 155, 155, 155, 155, 155, 155, 155, 155, 155, 155, 155, 155, 155, 155, 155, 155, 155, 155, 155, 155, 155, 155, 155, 155
SANCARLOS8 , D, 0, 0, 0, 0, 0, 0, 0, 0, 0, 0, 0, 0, 0, 0, 0, 0, 0, 0, 0, 0, 0, 0, 0, 0
SANCARLOS1 , AGCU, 130, 130, 130, 130, 130, 130, 130, 130, 130, 130, 130, 130, 130, 130, 130, 130, 130, 130, 0, 0, 0, 130, 130, 130
SANCARLOS2 , AGCU, 130, 130, 130, 130, 130, 130, 130, 130, 130, 130, 130, 130, 130, 130, 130, 130, 130, 130, 0, 0, 0, 130, 130, 130
SANCARLOS3 , AGCU, 130, 130, 130, 130, 130, 130, 130, 130, 130, 130, 130, 130, 130, 130, 130, 130, 130, 130, 0, 0, 0, 130, 130, 130
SANCARLOS4 , AGCU, 130, 130, 130, 130, 130, 130, 130, 130, 130, 130, 130, 130, 130, 130, 130, 130, 130, 130, 0, 0, 0, 130, 130, 130
SANCARLOS5 , AGCU, 130, 130, 130, 130, 130, 130, 130, 130, 130, 130, 130, 130, 130, 130, 130, 130, 130, 130, 0, 0, 0, 130, 130, 130
SANCARLOS6 , AGCU, 130, 130, 130, 130, 130, 130, 130, 130, 130, 130, 130, 130, 130, 130, 130, 130, 130, 130, 0, 0, 0, 130, 130, 130
SANCARLOS7 , AGCU, 130, 130, 130, 130, 130, 130, 130, 130, 130, 130, 130, 130, 130, 130, 130, 130, 130, 130, 0, 0, 0, 130, 130, 130
SANCARLOS8 , AGCU, 0, 0, 0, 0, 0, 0, 0, 0, 0, 0, 0, 0, 0, 0, 0, 0, 0, 0, 0, 0, 0, 0, 0, 0
SANCARLOS , AGCP, 910, 910, 910, 910, 910, 910, 910, 910, 910, 910, 910, 910, 910, 910, 910, 910, 910, 910, 0, 0, 0, 910, 910, 910
SANMATIAS1 , D, 5.76, 5.76, 5.76, 5.76, 5.76, 5.76, 5.76, 5.76, 5.76, 5.76, 5.76, 5.76, 5.76, 5.76, 5.76, 5.76, 5.76, 5.76, 5.76, 5.76, 5.76, 5.76, 5.76, 5.76
SANMATIAS2 , D, 0, 0, 0, 0, 0, 0, 0, 0, 0, 0, 0, 0, 0, 0, 0, 0, 0, 0, 0, 0, 0, 0, 0, 0
SANMIGUEL , P, 96056
SANMIGUEL1 , D, 24, 24, 24, 24, 24, 24, 24, 24, 24, 24, 24, 24, 24, 24, 24, 24, 24, 24, 24, 24, 24, 24, 24, 24
SANMIGUEL2 , D, 23, 23, 23, 23, 23, 23, 23, 23, 23, 23, 23, 23, 23, 23, 23, 23, 23, 23, 23, 23, 23, 23, 23, 23
SOGAMOSO , P, 96056
SOGAMOSO , MO, 120, 120, 120, 120, 120, 120, 120, 120, 120, 120, 120, 120, 120, 120, 120, 120, 120, 120, 120, 120, 120, 120, 120, 120
SOGAMOSO1 , D, 273, 273, 273, 273, 273, 273, 273, 273, 273, 273, 273, 273, 273, 273, 273, 273, 273, 273, 273, 273, 273, 273, 273, 273
SOGAMOSO2 , D, 273, 273, 273, 273, 273, 273, 273, 273, 273, 273, 273, 273, 273, 273, 273, 273, 273, 273, 273, 273, 273, 273, 273, 273
SOGAMOSO3 , D, 0, 0, 0, 0, 0, 0, 0, 0, 0, 0, 0, 0, 0, 0, 0, 0, 0, 0, 0, 0, 0, 0, 0, 0
SOGAMOSO1 , AGCU, 153, 153, 153, 153, 0, 0, 0, 0, 0, 0, 0, 0, 0, 0, 0, 0, 0, 0, 0, 0, 0, 0, 0, 0
SOGAMOSO2 , AGCU, 153, 153, 153, 153, 0, 0, 0, 0, 0, 0, 0, 0, 0, 0, 0, 0, 0, 0, 0, 0, 0, 0, 0, 0
SOGAMOSO3 , AGCU, 0, 0, 0, 0, 0, 0, 0, 0, 0, 0, 0, 0, 0, 0, 0, 0, 0, 0, 0, 0, 0, 0, 0, 0
SOGAMOSO , AGCP, 306, 306, 306, 306, 0, 0, 0, 0, 0, 0, 0, 0, 0, 0, 0, 0, 0, 0, 0, 0, 0, 0, 0, 0
TRINA-VATIABSLI1 , D, 0, 0, 0, 0, 0, 0, 3.49, 11.73, 13.81, 17.38, 15.69, 14.48, 13.77, 12.9, 12.32, 9.75, 4.5, 0, 0, 0, 0, 0, 0, 0
TRINA-VATIABSLI1 , INVD, 126, 126, 126, 126, 126, 126, 126, 126, 126, 126, 126, 126, 126, 126, 126, 126, 126, 126, 126, 126, 126, 126, 126, 126
TRINA-VATIABSLII1 , D, 0, 0, 0, 0, 0, 0, 3.49, 11.73, 13.81, 17.38, 15.69, 14.48, 13.77, 12.9, 12.32, 9.75, 4.5, 0, 0, 0, 0, 0, 0, 0
TRINA-VATIABSLII1 , INVD, 126, 126, 126, 126, 126, 126, 126, 126, 126, 126, 126, 126, 126, 126, 126, 126, 126, 126, 126, 126, 126, 126, 126, 126
TRINA-VATIABSLIII1 , D, 0, 0, 0, 0, 0, 0, 3.49, 11.73, 13.81, 17.38, 15.69, 14.48, 13.77, 12.9, 12.32, 9.75, 4.5, 0, 0, 0, 0, 0, 0, 0
TRINA-VATIABSLIII1 , INVD, 126, 126, 126, 126, 126, 126, 126, 126, 126, 126, 126, 126, 126, 126, 126, 126, 126, 126, 126, 126, 126, 126, 126, 126


AGENTE: NITRO ENERGY
AUTOGBIODIANA1 , D, 0.5, 0.5, 0.5, 0.5, 0.5, 0.5, 0.5, 0.5, 0.5, 0.5, 0.5, 0.5, 0.5, 0.5, 0.5, 0.5, 0.5, 0.5, 0.5, 0.5, 0.5, 0.5, 0.5, 0.5
CARTAGENA1 , P, 1734435
CARTAGENA1 , C, COMBUSTOLEO
CARTAGENA1 , PAPT02, 62864078
CARTAGENA1 , PAPC02, 44184285
CARTAGENA1 , PAPF02, 103372611
CARTAGENA1 , PAPF13, 121089895
CARTAGENA1 , PAPT13, 78779134
CARTAGENA1 , PAPT09, 84906709
CARTAGENA1 , PAPF09, 145968559
CARTAGENA1 , PAPC09, 63058164
CARTAGENA1 , PAPC13, 51987337
CARTAGENA1 , PAPUSDT02, 15871
CARTAGENA1 , PAPUSDC02, 11155
CARTAGENA1 , PAPUSDF02, 26098
CARTAGENA1 , PAPUSDF13, 30571
CARTAGENA1 , PAPUSDT13, 19889
CARTAGENA1 , PAPUSDT09, 21436
CARTAGENA1 , PAPUSDF09, 36852
CARTAGENA1 , PAPUSDC09, 15920
CARTAGENA1 , PAPUSDC13, 13125
CARTAGENA1 , CONF, 1
CARTAGENA1 , D, 30, 30, 30, 30, 30, 30, 30, 30, 30, 30, 30, 30, 30, 30, 30, 30, 30, 30, 30, 30, 30, 30, 30, 30
CARTAGENA2 , P, 1732356
CARTAGENA2 , C, COMBUSTOLEO
CARTAGENA2 , PAPT02, 58812036
CARTAGENA2 , PAPF02, 97526263
CARTAGENA2 , PAPT09, 77012555
CARTAGENA2 , PAPC13, 50969375
CARTAGENA2 , PAPT13, 71035497
CARTAGENA2 , PAPF13, 109203114
CARTAGENA2 , PAPC02, 41300721
CARTAGENA2 , PAPC09, 56403785
CARTAGENA2 , PAPF09, 115544579
CARTAGENA2 , PAPUSDT02, 14848
CARTAGENA2 , PAPUSDF02, 24622
CARTAGENA2 , PAPUSDT09, 19443
CARTAGENA2 , PAPUSDC13, 12868
CARTAGENA2 , PAPUSDT13, 17934
CARTAGENA2 , PAPUSDF13, 27570
CARTAGENA2 , PAPUSDC02, 10427
CARTAGENA2 , PAPUSDC09, 14240
CARTAGENA2 , PAPUSDF09, 29171
CARTAGENA2 , CONF, 1
CARTAGENA2 , D, 39, 39, 39, 39, 39, 39, 39, 39, 39, 39, 39, 39, 39, 39, 39, 39, 39, 39, 39, 39, 39, 39, 39, 39
CARTAGENA3 , P, 1463352
CARTAGENA3 , C, COMBUSTOLEO
CARTAGENA3 , PAPC09, 43146519
CARTAGENA3 , PAPF02, 89877688
CARTAGENA3 , PAPT09, 79884237
CARTAGENA3 , PAPT02, 51923962
CARTAGENA3 , PAPC02, 58083223
CARTAGENA3 , PAPF09, 116934869
CARTAGENA3 , PAPUSDC09, 10893
CARTAGENA3 , PAPUSDF02, 22691
CARTAGENA3 , PAPUSDT09, 20168
CARTAGENA3 , PAPUSDT02, 13109
CARTAGENA3 , PAPUSDC02, 14664
CARTAGENA3 , PAPUSDF09, 29522
CARTAGENA3 , CONF, 1
CARTAGENA3 , D, 0, 0, 0, 0, 0, 0, 0, 0, 0, 0, 0, 0, 0, 0, 0, 0, 0, 0, 0, 0, 0, 0, 0, 0
INCAUCA1 , D, 26.4, 26.4, 26.4, 26.4, 26.4, 26.4, 26.4, 26.4, 26.4, 26.4, 26.4, 26.4, 26.4, 26.4, 26.4, 26.4, 26.4, 26.4, 26.4, 26.4, 26.4, 26.4, 26.4, 26.4
INGENIOPROVIDENCIA2 , D, 12.3, 12.3, 12.3, 12.3, 12.3, 12.3, 12.3, 12.3, 12.3, 12.3, 12.3, 12.3, 12.3, 12.3, 12.3, 12.3, 12.3, 12.3, 12.3, 12.3, 12.3, 12.3, 12.3, 12.3
MINIGRANJASANPEDRO1 , D, 0, 0, 0, 0, 0, 0, 0.14, 0.32, 0.32, 0.55, 0.64, 0.73, 0.82, 0.73, 0.64, 0.55, 0.32, 0.14, 0, 0, 0, 0, 0, 0
MINIGRANJASANPEDRO1 , INVD, 11, 11, 11, 11, 11, 11, 11, 11, 11, 11, 11, 11, 11, 11, 11, 11, 11, 11, 11, 11, 11, 11, 11, 11


AGENTE: OPERADORA SHANGRI-LA
SHANGRILA1 , INVD, 142, 142, 142, 142, 142, 142, 142, 142, 142, 142, 142, 142, 142, 142, 142, 142, 142, 142, 142, 142, 142, 142, 142, 142
SHANGRILA1 , D, 0, 0, 0, 0, 0, 0, 16, 57, 91, 110, 120, 124, 124, 119, 113, 103, 56, 9, 0, 0, 0, 0, 0, 0
SHANGRILA1 , PRU, 100, 100, 100, 100, 100, 100, 100, 100, 100, 100, 100, 100, 100, 100, 100, 100, 100, 100, 100, 100, 100, 100, 100, 100


AGENTE: PCH EL COCUYO
ELCOCUYO1 , D, 0.45, 0.45, 0.45, 0.45, 0.45, 0.45, 0.45, 0.45, 0.45, 0.45, 0.45, 0.45, 0.45, 0.45, 0.45, 0.45, 0.45, 0.45, 0.45, 0.45, 0.45, 0.45, 0.45, 0.45
LASVIOLETAS1 , D, 0.45, 0.45, 0.45, 0.45, 0.45, 0.45, 0.45, 0.45, 0.45, 0.45, 0.45, 0.45, 0.45, 0.45, 0.45, 0.45, 0.45, 0.45, 0.45, 0.45, 0.45, 0.45, 0.45, 0


AGENTE: PLSG
LOSGIRASOLES1 , D, 0, 0, 0, 0, 0, 0.51, 3.03, 5.59, 7.73, 9.17, 9.5, 9.5, 8.96, 7.55, 5.57, 3.08, 0.65, 0, 0, 0, 0, 0, 0, 0
LOSGIRASOLES1 , INVD, 48, 48, 48, 48, 48, 48, 48, 48, 48, 48, 48, 48, 48, 48, 48, 48, 48, 48, 48, 48, 48, 48, 48, 48


AGENTE: PCH ALEJANDRÍA
ALEJANDRIA1 , D, 4.53, 4.53, 4.53, 4.53, 4.53, 4.53, 4.53, 4.53, 4.53, 4.53, 4.53, 4.53, 4.53, 4.53, 4.53, 4.53, 4.53, 4.53, 4.53, 4.53, 4.53, 4.53, 4.53, 4.53
ALEJANDRIA2 , D, 4.53, 4.53, 4.53, 4.53, 4.53, 4.53, 4.53, 4.53, 4.53, 4.53, 4.53, 4.53, 4.53, 4.53, 4.53, 4.53, 4.53, 4.53, 4.53, 4.53, 4.53, 4.53, 4.53, 4.53
ALEJANDRIA3 , D, 1.12, 1.12, 1.12, 1.12, 1.12, 1.12, 1.12, 1.12, 1.12, 1.12, 1.12, 1.12, 1.12, 1.12, 1.12, 1.12, 1.12, 1.12, 1.12, 1.12, 1.12, 1.12, 1.12, 1.12


AGENTE: PDS
PORTONDELSOL , P, 86000
PORTONDELSOL1 , INVD, 23, 23, 23, 23, 23, 23, 23, 23, 23, 23, 23, 23, 23, 23, 23, 23, 23, 23, 23, 23, 23, 23, 23, 23
PORTONDELSOL1 , D, 0, 0, 0, 0, 0, 0, 10, 35, 59, 72, 78, 80, 81, 78, 71, 57, 34, 8, 0, 0, 0, 0, 0, 0
PORTONDELSOL1 , PRU, 0, 0, 0, 0, 0, 0, 0, 0, 0, 0, 0, 0, 0, 0, 0, 0, 0, 0, 0, 0, 0, 0, 0, 0


AGENTE: PROELECTRICA
AUTOGCORPACERO1 , D, 0, 0, 0, 0, 0, 0, 0, 0, 0, 0, 0, 0, 0, 0, 0, 0, 0, 0, 0, 0, 0, 0, 0, 0
AUTOGGRANCOLOMBIAGOLD1 , D, 0, 0, 0, 0, 0, 0, 0, 0, 0, 0, 0, 0, 0, 0, 0, 0, 0, 0, 0, 0, 0, 0, 0, 0
ELEDEN1 , D, 3, 3, 3, 3, 3, 3, 3, 3, 3, 3, 3, 3, 3, 3, 3, 3, 3, 5, 5, 5, 5, 3, 3, 3
ELEDEN2 , D, 0, 0, 0, 0, 0, 0, 0, 0, 0, 0, 0, 0, 0, 0, 0, 0, 0, 0, 0, 0, 0, 0, 0, 0
GDALEJANDRIAI1 , D, 0, 0, 0, 0, 0, 0.05, 0.24, 0.46, 0.68, 0.79, 0.8, 0.89, 0.76, 0.79, 0.53, 0.28, 0.1, 0, 0, 0, 0, 0, 0, 0
GDALEJANDRIAI1 , INVD, 0, 0, 0, 0, 0, 5, 5, 5, 5, 5, 5, 5, 5, 5, 5, 5, 5, 5, 0, 0, 0, 0, 0, 0
GDELROBLE1 , D, 0, 0, 0, 0, 0, 0.05, 0.25, 0.48, 0.71, 0.83, 0.85, 0.93, 0.8, 0.83, 0.56, 0.29, 0.11, 0, 0, 0, 0, 0, 0, 0
GDELROBLE1 , INVD, 0, 0, 0, 0, 0, 5, 5, 5, 5, 5, 5, 5, 5, 5, 5, 5, 5, 0, 0, 0, 0, 0, 0, 0
PROELECTRICA , P, 896830
PROELECTRICA , C, GAS
PROELECTRICA1 , PAPT02, 107004793
PROELECTRICA1 , PAPC02, 94480300
PROELECTRICA1 , PAPF02, 114546422
PROELECTRICA2 , PAPF02, 114546422
PROELECTRICA2 , PAPC02, 94480300
PROELECTRICA2 , PAPT02, 107004793
PROELECTRICA1 , PAPUSDT02, 27015
PROELECTRICA1 , PAPUSDC02, 23853
PROELECTRICA1 , PAPUSDF02, 28919
PROELECTRICA2 , PAPUSDF02, 28919
PROELECTRICA2 , PAPUSDC02, 23853
PROELECTRICA2 , PAPUSDT02, 27015
PROELECTRICA , CONF, 1
PROELECTRICA1 , D, 45, 45, 45, 45, 45, 45, 45, 45, 45, 45, 45, 45, 45, 45, 45, 45, 45, 45, 45, 45, 45, 45, 45, 45
PROELECTRICA2 , D, 45, 45, 45, 45, 45, 45, 45, 45, 45, 45, 45, 45, 45, 45, 45, 45, 45, 45, 45, 45, 45, 45, 45, 45


AGENTE: PROENCA 
COGENERADORPROENCA1 , D, 14, 14, 14, 14, 14, 14, 14, 14, 14, 14, 14, 14, 14, 14, 14, 14, 14, 14, 14, 14, 14, 14, 14, 14
PROENCAII1 , D, 0, 0, 0, 0, 0, 0, 0, 0, 0, 0, 0, 0, 0, 0, 0, 0, 0, 0, 0, 0, 0, 0, 0, 0


AGENTE: REFOENERGY
VILLANUEVA , C, BIOMASA
VILLANUEVA , CONF, 1
VILLANUEVA1 , D, 0, 0, 0, 0, 0, 0, 0, 0, 0, 0, 0, 0, 0, 0, 0, 0, 0, 0, 0, 0, 0, 0, 0, 0
VILLANUEVA1 , PRU, 100, 100, 100, 100, 100, 100, 100, 100, 100, 100, 100, 100, 100, 100, 100, 100, 100, 100, 100, 100, 100, 100, 100, 100


AGENTE: RIO PIEDRAS
AGUAFRESCA1 , D, 6, 6, 6, 6, 6, 6, 6, 6, 6, 6, 6, 6, 6, 6, 6, 6, 6, 6, 6, 6, 6, 6, 6, 6


AGENTE: RIOEN SAS  E.S.P.
CENTRALCASTILLA1 , D, 3, 3, 3, 3, 3, 3, 3, 3, 3, 3, 3, 3, 3, 3, 3, 3, 3, 3, 3, 3, 3, 3, 3, 3
INGENIORIOPAILA1 , D, 16, 16, 16, 16, 16, 16, 16, 16, 16, 16, 16, 16, 16, 16, 16, 16, 16, 16, 16, 16, 16, 16, 16, 16


AGENTE: RISARALDA
MORROAZUL1 , D, 13, 13, 13, 13, 13, 13, 13, 13, 13, 13, 13, 13, 13, 13, 13, 13, 13, 13, 13, 13, 13, 13, 13, 13


AGENTE: SAN BARTOLOME
OIBITA1 , D, 0, 0, 0, 0, 0, 0, 0, 0, 0, 0, 0, 0, 0, 0, 0, 0, 0, 0, 0, 0, 0, 0, 0, 0
OIBITA2 , D, 0, 0, 0, 0, 0, 0, 0, 0, 0, 0, 0, 0, 0, 0, 0, 0, 0, 0, 0, 0, 0, 0, 0, 0
SANBARTOLOME1 , D, 0, 0, 0, 0, 0, 0, 0, 0, 0, 0, 0, 0, 0, 0, 0, 0, 0, 0, 0, 0, 0, 0, 0, 0
SANBARTOLOME2 , D, 0, 0, 0, 0, 0, 0, 0, 0, 0, 0, 0, 0, 0, 0, 0, 0, 0, 0, 0, 0, 0, 0, 0, 0


AGENTE: SANTA FE ENERGY
CAUYA1 , D, 0.1, 0.1, 0.1, 0.1, 0.1, 0.1, 0.1, 0.1, 0.1, 0.1, 0.1, 0.1, 0.1, 0.1, 0.1, 0.1, 0.1, 0.1, 0.1, 0.1, 0.1, 0.1, 0.1, 0.1
CAUYA2 , D, 0.1, 0.1, 0.1, 0.1, 0.1, 0.1, 0.1, 0.1, 0.1, 0.1, 0.1, 0.1, 0.1, 0.1, 0.1, 0.1, 0.1, 0.1, 0.1, 0.1, 0.1, 0.1, 0.1, 0.1
LACASCADADEGRANADA1 , D, 0.7, 0.7, 0.7, 0.7, 0.7, 0.7, 0.7, 0.7, 0.7, 0.7, 0.7, 0.7, 0.7, 0.7, 0.7, 0.7, 0.7, 0.7, 0.7, 0.7, 0.7, 0.7, 0.7, 0.7
URRAO1 , D, 0.4, 0.4, 0.4, 0.4, 0.4, 0.4, 0.4, 0.4, 0.4, 0.4, 0.4, 0.4, 0.4, 0.4, 0.4, 0.4, 0.4, 0.4, 0.4, 0.4, 0.4, 0.4, 0.4, 0.4


AGENTE: SIGMA2 SAS ESP
LAFRISOLERA1 , D, 0.29, 0.29, 0.29, 0.29, 0.29, 0.29, 0.29, 0.29, 0.29, 0.29, 0.29, 0.29, 0.29, 0.29, 0.29, 0.29, 0.29, 0.29, 0.29, 0.29, 0.29, 0.29, 0.29, 0.29
SANFRANCISCO(PUTUMAYO)1 , D, 0.35, 0.35, 0.35, 0.35, 0.35, 0.35, 0.35, 0.35, 0.35, 0.35, 0.35, 0.35, 0.35, 0.35, 0.35, 0.35, 0.35, 0.35, 0.35, 0.35, 0.35, 0.35, 0.35, 0.35


AGENTE: SOL DE LAS CIENAGAS
CARACOLII , P, 88000
CARACOLII1 , INVD, 16, 16, 16, 16, 16, 16, 16, 16, 16, 16, 16, 16, 16, 16, 16, 16, 16, 16, 16, 16, 16, 16, 16, 16
CARACOLII1 , D, 0, 0, 0, 0, 0, 0, 5, 18, 30, 34, 37, 37, 35, 32, 28, 22, 12, 3, 0, 0, 0, 0, 0, 0
CARACOLII1 , PRU, 0, 0, 0, 0, 0, 0, 0, 0, 0, 0, 0, 0, 0, 0, 0, 0, 0, 0, 0, 0, 0, 0, 0, 0


AGENTE: SPECTRUM
POCUNE1 , D, 1, 1, 1, 1, 1, 1, 1, 1, 1, 1, 1, 1, 1, 1, 1, 1, 1, 1, 1, 1, 1, 1, 1, 1


AGENTE: SPK LA MATA
LAMATA , P, 87000
LAMATA1 , INVD, 27, 27, 27, 27, 27, 27, 27, 27, 27, 27, 27, 27, 27, 27, 27, 27, 27, 27, 27, 27, 27, 27, 27, 27
LAMATA1 , D, 0, 0, 0, 0, 0, 0, 0, 32, 60, 61, 68, 70, 66, 61, 54, 46, 21, 8, 0, 0, 0, 0, 0, 0


AGENTE: SPK LA UNIÓN
PARQUESOLARLAUNION , P, 87000
PARQUESOLARLAUNION1 , INVD, 32, 32, 32, 32, 32, 32, 32, 32, 32, 32, 32, 32, 32, 32, 32, 32, 32, 32, 32, 32, 32, 32, 32, 32
PARQUESOLARLAUNION1 , D, 0, 0, 0, 0, 0, 0, 12, 41, 52, 78, 86, 76, 78, 83, 78, 72, 35, 10, 0, 0, 0, 0, 0, 0


AGENTE: TEBSA S.A. (E.S.P.)
BARRANQUILLA3 , P, 1013792
BARRANQUILLA3 , C, GAS
BARRANQUILLA3 , PAPC02, 70916669
BARRANQUILLA3 , PAPT02, 101455516
BARRANQUILLA3 , PAPF02, 111591561
BARRANQUILLA3 , PAPUSDC02, 17904
BARRANQUILLA3 , PAPUSDT02, 25614
BARRANQUILLA3 , PAPUSDF02, 28173
BARRANQUILLA3 , CONF, 1
BARRANQUILLA3 , D, 60, 60, 60, 60, 60, 60, 60, 60, 60, 60, 60, 60, 60, 60, 60, 60, 60, 60, 60, 60, 60, 60, 60, 60
BARRANQUILLA4 , P, 1118404
BARRANQUILLA4 , C, GAS
BARRANQUILLA4 , PAPF02, 111591561
BARRANQUILLA4 , PAPT02, 101455516
BARRANQUILLA4 , PAPC02, 70916669
BARRANQUILLA4 , PAPUSDF02, 28173
BARRANQUILLA4 , PAPUSDT02, 25614
BARRANQUILLA4 , PAPUSDC02, 17904
BARRANQUILLA4 , CONF, 1
BARRANQUILLA4 , D, 60, 60, 60, 60, 60, 60, 60, 60, 60, 60, 60, 60, 60, 60, 60, 60, 60, 60, 60, 60, 60, 60, 60, 60
TEBSA11 , PAPC02, 73019928
TEBSA11 , PAPT02, 73019928
TEBSA11 , PAPF02, 73019928
TEBSA12 , PAPC02, 73019928
TEBSA12 , PAPF02, 73019928
TEBSA12 , PAPT02, 73019928
TEBSA13 , PAPT02, 73019928
TEBSA13 , PAPC02, 73019928
TEBSA13 , PAPF02, 73019928
TEBSA14 , PAPC02, 25623320
TEBSA14 , PAPT02, 25623320
TEBSA14 , PAPF02, 35260287
TEBSA21 , PAPF02, 73019928
TEBSA21 , PAPT02, 73019928
TEBSA21 , PAPC02, 73019928
TEBSA22 , PAPC02, 73019928
TEBSA22 , PAPT02, 73019928
TEBSA22 , PAPF02, 73019928
TEBSA24 , PAPF02, 35260287
TEBSA24 , PAPT02, 25623320
TEBSA24 , PAPC02, 25623320
TEBSABCC , P1, 1531638
TEBSABCC , P2, 746270
TEBSABCC , P3, 1698262
TEBSABCC , P4, 760300
TEBSABCC , P5, 1565494
TEBSABCC , P6, 797228
TEBSABCC , P7, 668110
TEBSABCC , P8, 1456413
TEBSABCC , P9, 807642
TEBSABCC , P10, 676313
TEBSA11 , PAPUSDC02, 18435
TEBSA11 , PAPUSDT02, 18435
TEBSA11 , PAPUSDF02, 18435
TEBSA12 , PAPUSDC02, 18435
TEBSA12 , PAPUSDF02, 18435
TEBSA12 , PAPUSDT02, 18435
TEBSA13 , PAPUSDT02, 18435
TEBSA13 , PAPUSDC02, 18435
TEBSA13 , PAPUSDF02, 18435
TEBSA14 , PAPUSDC02, 6469
TEBSA14 , PAPUSDT02, 6469
TEBSA14 , PAPUSDF02, 8902
TEBSA21 , PAPUSDF02, 18435
TEBSA21 , PAPUSDT02, 18435
TEBSA21 , PAPUSDC02, 18435
TEBSA22 , PAPUSDC02, 18435
TEBSA22 , PAPUSDT02, 18435
TEBSA22 , PAPUSDF02, 18435
TEBSA24 , PAPUSDF02, 8902
TEBSA24 , PAPUSDT02, 6469
TEBSA24 , PAPUSDC02, 6469
TEBSABCC , DISCONF1, 182, 182, 182, 182, 182, 182, 182, 182, 182, 182, 182, 182, 182, 182, 182, 182, 182, 182, 182, 182, 182, 182, 182, 182
TEBSABCC , DISCONF2, 319, 319, 319, 319, 319, 319, 319, 319, 319, 319, 319, 319, 319, 319, 319, 319, 319, 319, 319, 319, 319, 319, 319, 319
TEBSABCC , DISCONF3, 276, 276, 276, 276, 276, 276, 276, 276, 276, 276, 276, 276, 276, 276, 276, 276, 276, 276, 276, 276, 276, 276, 276, 276
TEBSABCC , DISCONF4, 436, 436, 436, 436, 436, 436, 436, 436, 436, 436, 436, 436, 436, 436, 436, 436, 436, 436, 436, 436, 436, 436, 436, 436
TEBSABCC , DISCONF5, 370, 370, 370, 370, 370, 370, 370, 370, 370, 370, 370, 370, 370, 370, 370, 370, 370, 370, 370, 370, 370, 370, 370, 370
TEBSABCC , DISCONF6, 530, 530, 530, 530, 530, 530, 530, 530, 530, 530, 530, 530, 530, 530, 530, 530, 530, 530, 530, 530, 530, 530, 530, 530
TEBSABCC , DISCONF7, 642, 642, 642, 642, 642, 642, 642, 642, 642, 642, 642, 642, 642, 642, 642, 642, 642, 642, 642, 642, 642, 642, 642, 642
TEBSABCC , DISCONF8, 464, 464, 464, 464, 464, 464, 464, 464, 464, 464, 464, 464, 464, 464, 464, 464, 464, 464, 464, 464, 464, 464, 464, 464
TEBSABCC , DISCONF9, 624, 624, 624, 624, 624, 624, 624, 624, 624, 624, 624, 624, 624, 624, 624, 624, 624, 624, 624, 624, 624, 624, 624, 624
TEBSABCC , DISCONF10, 791, 791, 791, 791, 791, 791, 791, 791, 791, 791, 791, 791, 791, 791, 791, 791, 791, 791, 791, 791, 791, 791, 791, 791
TEBSA11 , D, 92, 92, 92, 92, 92, 92, 92, 92, 92, 92, 92, 92, 92, 92, 92, 92, 92, 92, 92, 92, 92, 92, 92, 92
TEBSA12 , D, 92, 92, 92, 92, 92, 92, 92, 92, 92, 92, 92, 92, 92, 92, 92, 92, 92, 92, 92, 92, 92, 92, 92, 92
TEBSA13 , D, 92, 92, 92, 92, 92, 92, 92, 92, 92, 92, 92, 92, 92, 92, 92, 92, 92, 92, 92, 92, 92, 92, 92, 92
TEBSA14 , D, 166, 166, 166, 166, 166, 166, 166, 166, 166, 166, 166, 166, 166, 166, 166, 166, 166, 166, 166, 166, 166, 166, 166, 166
TEBSA21 , D, 92, 92, 92, 92, 92, 92, 92, 92, 92, 92, 92, 92, 92, 92, 92, 92, 92, 92, 92, 92, 92, 92, 92, 92
TEBSA22 , D, 92, 92, 92, 92, 92, 92, 92, 92, 92, 92, 92, 92, 92, 92, 92, 92, 92, 92, 92, 92, 92, 92, 92, 92
TEBSA24 , D, 165, 165, 165, 165, 165, 165, 165, 165, 165, 165, 165, 165, 165, 165, 165, 165, 165, 165, 165, 165, 165, 165, 165, 165


AGENTE: TERMOCARIBE
TERMOCARIBEIII , P, 890000
TERMOCARIBEIII , C, GAS
TERMOCARIBEIII1 , PAPC02, 77555204
TERMOCARIBEIII1 , PAPT02, 77555204
TERMOCARIBEIII1 , PAPF02, 77555204
TERMOCARIBEIII1 , PAPC21, 114273117
TERMOCARIBEIII1 , PAPT21, 114273117
TERMOCARIBEIII1 , PAPF21, 114273117
TERMOCARIBEIII1 , PAPUSDC02, 19580
TERMOCARIBEIII1 , PAPUSDT02, 19580
TERMOCARIBEIII1 , PAPUSDF02, 19580
TERMOCARIBEIII1 , PAPUSDC21, 28850
TERMOCARIBEIII1 , PAPUSDT21, 28850
TERMOCARIBEIII1 , PAPUSDF21, 28850
TERMOCARIBEIII , CONF, 2
TERMOCARIBEIII1 , D, 0, 0, 0, 0, 0, 0, 0, 0, 0, 0, 0, 0, 0, 0, 0, 0, 0, 0, 0, 0, 0, 0, 0, 0


AGENTE: TERMO MECHERO MORRO
TERMOMECHERO4 , D, 0, 0, 0, 0, 0, 0, 0, 0, 0, 0, 0, 0, 0, 0, 0, 18.3, 19.3, 19.3, 19.3, 19.3, 19.3, 19.3, 18.3, 18.3
TERMOMECHERO5 , D, 0, 0, 0, 0, 0, 0, 0, 0, 0, 0, 0, 0, 0, 0, 0, 18.3, 19.3, 19.3, 19.3, 19.3, 19.3, 19.3, 18.3, 18.3
TERMOMECHERO6 , D, 0, 0, 0, 0, 0, 0, 0, 0, 0, 0, 0, 0, 0, 0, 0, 18.3, 19.3, 19.3, 19.3, 19.3, 19.3, 19.3, 18.3, 18.3


AGENTE: TERMOCANDELARIA
TERMOCANDELARIACC , P1, 1134199
TERMOCANDELARIACC , P2, 1033309
TERMOCANDELARIACC , P3, 699970
TERMOCANDELARIACC , P4, 668556
TERMOCANDELARIACC1 , PAPT02, 106703761
TERMOCANDELARIACC1 , PAPC02, 106703761
TERMOCANDELARIACC1 , PAPF02, 106703761
TERMOCANDELARIACC2 , PAPF02, 106703761
TERMOCANDELARIACC2 , PAPC02, 106703761
TERMOCANDELARIACC2 , PAPT02, 106703761
TERMOCANDELARIACC3 , PAPT02, 27199775
TERMOCANDELARIACC3 , PAPF02, 32590614
TERMOCANDELARIACC3 , PAPC02, 27199775
TERMOCANDELARIACC1 , PAPUSDT02, 26939
TERMOCANDELARIACC1 , PAPUSDC02, 26939
TERMOCANDELARIACC1 , PAPUSDF02, 26939
TERMOCANDELARIACC2 , PAPUSDF02, 26939
TERMOCANDELARIACC2 , PAPUSDC02, 26939
TERMOCANDELARIACC2 , PAPUSDT02, 26939
TERMOCANDELARIACC3 , PAPUSDT02, 6867
TERMOCANDELARIACC3 , PAPUSDF02, 8228
TERMOCANDELARIACC3 , PAPUSDC02, 6867
TERMOCANDELARIACC , DISCONF1, 179, 179, 179, 179, 179, 179, 179, 179, 179, 179, 179, 179, 179, 179, 179, 179, 179, 179, 179, 179, 179, 179, 179, 179
TERMOCANDELARIACC , DISCONF2, 358, 358, 358, 358, 358, 358, 358, 358, 358, 358, 358, 358, 358, 358, 358, 358, 358, 358, 358, 358, 358, 358, 358, 358
TERMOCANDELARIACC , DISCONF3, 260, 260, 260, 260, 260, 260, 260, 260, 260, 260, 260, 260, 260, 260, 260, 260, 260, 260, 260, 260, 260, 260, 260, 260
TERMOCANDELARIACC , DISCONF4, 555, 555, 555, 555, 555, 555, 555, 555, 555, 555, 555, 555, 555, 555, 555, 555, 555, 555, 555, 555, 555, 555, 555, 555
TERMOCANDELARIACC1 , D, 179, 179, 179, 179, 179, 179, 179, 179, 179, 179, 179, 179, 179, 179, 179, 179, 179, 179, 179, 179, 179, 179, 179, 179
TERMOCANDELARIACC2 , D, 179, 179, 179, 179, 179, 179, 179, 179, 179, 179, 179, 179, 179, 179, 179, 179, 179, 179, 179, 179, 179, 179, 179, 179
TERMOCANDELARIACC3 , D, 197, 197, 197, 197, 197, 197, 197, 197, 197, 197, 197, 197, 197, 197, 197, 197, 197, 197, 197, 197, 197, 197, 197, 197


AGENTE: TERMOEMCALI
TERMOEMCALI1GAS , PAPC02, 175220100
TERMOEMCALI1GAS , PAPC07, 222303793
TERMOEMCALI1GAS , PAPF02, 213090647
TERMOEMCALI1GAS , PAPF07, 261216067
TERMOEMCALI1GAS , PAPT02, 182223042
TERMOEMCALI1GAS , PAPT07, 228245203
TERMOEMCALI1VAPOR , PAPC02, 0
TERMOEMCALI1VAPOR , PAPT02, 0
TERMOEMCALI1VAPOR , PAPF02, 0
TERMOEMCALI1VAPOR , PAPC07, 0
TERMOEMCALI1VAPOR , PAPT07, 0
TERMOEMCALI1VAPOR , PAPF07, 0
TERMOEMCALICC , P2, 1486455
TERMOEMCALICC , P1, 1486455
TERMOEMCALI1GAS , PAPUSDC02, 44237
TERMOEMCALI1GAS , PAPUSDC07, 56124
TERMOEMCALI1GAS , PAPUSDF02, 53798
TERMOEMCALI1GAS , PAPUSDF07, 65948
TERMOEMCALI1GAS , PAPUSDT02, 46005
TERMOEMCALI1GAS , PAPUSDT07, 57624
TERMOEMCALI1VAPOR , PAPUSDC02, 0
TERMOEMCALI1VAPOR , PAPUSDT02, 0
TERMOEMCALI1VAPOR , PAPUSDF02, 0
TERMOEMCALI1VAPOR , PAPUSDC07, 0
TERMOEMCALI1VAPOR , PAPUSDT07, 0
TERMOEMCALI1VAPOR , PAPUSDF07, 0
TERMOEMCALICC , DISCONF1, 0, 0, 0, 0, 0, 0, 0, 0, 0, 0, 0, 0, 0, 0, 0, 0, 0, 0, 0, 0, 0, 0, 0, 0
TERMOEMCALICC , DISCONF2, 213, 213, 213, 213, 213, 213, 213, 213, 213, 213, 213, 213, 213, 213, 213, 213, 213, 213, 213, 213, 213, 213, 213, 213
TERMOEMCALI1GAS , D, 138, 138, 138, 138, 138, 138, 138, 138, 138, 138, 138, 138, 138, 138, 138, 138, 138, 138, 138, 138, 138, 138, 138, 138
TERMOEMCALI1VAPOR , D, 75, 75, 75, 75, 75, 75, 75, 75, 75, 75, 75, 75, 75, 75, 75, 75, 75, 75, 75, 75, 75, 75, 75, 75


AGENTE: TERMONORTE
TERMONORTE , P, 910000
TERMONORTE , C, ACPM
TERMONORTE1 , PAPT07, 17756894
TERMONORTE1 , PAPC09, 10908429
TERMONORTE1 , PAPF07, 17756894
TERMONORTE1 , PAPF09, 10908429
TERMONORTE1 , PAPT09, 10908429
TERMONORTE1 , PAPF02, 5390839
TERMONORTE1 , PAPC07, 17756894
TERMONORTE1 , PAPT02, 5390839
TERMONORTE1 , PAPC02, 5390839
TERMONORTE2 , PAPF02, 5390839
TERMONORTE2 , PAPF09, 10908429
TERMONORTE2 , PAPT07, 17756894
TERMONORTE2 , PAPC07, 17756894
TERMONORTE2 , PAPC02, 5390839
TERMONORTE2 , PAPC09, 10908429
TERMONORTE2 , PAPF07, 17756894
TERMONORTE2 , PAPT02, 5390839
TERMONORTE2 , PAPT09, 10908429
TERMONORTE3 , PAPT02, 5390839
TERMONORTE3 , PAPF07, 17756894
TERMONORTE3 , PAPT07, 17756894
TERMONORTE3 , PAPC09, 10908429
TERMONORTE3 , PAPT09, 10908429
TERMONORTE3 , PAPC02, 5390839
TERMONORTE3 , PAPF09, 10908429
TERMONORTE3 , PAPC07, 17756894
TERMONORTE3 , PAPF02, 5390839
TERMONORTE4 , PAPC09, 10908429
TERMONORTE4 , PAPF09, 10908429
TERMONORTE4 , PAPT09, 10908429
TERMONORTE4 , PAPC02, 5390839
TERMONORTE4 , PAPT02, 5390839
TERMONORTE4 , PAPT07, 17756894
TERMONORTE4 , PAPF07, 17756894
TERMONORTE4 , PAPC07, 17756894
TERMONORTE4 , PAPF02, 5390839
TERMONORTE5 , PAPC07, 17756894
TERMONORTE5 , PAPF02, 5390839
TERMONORTE5 , PAPT07, 17756894
TERMONORTE5 , PAPF07, 17756894
TERMONORTE5 , PAPC09, 10908429
TERMONORTE5 , PAPT09, 10908429
TERMONORTE5 , PAPF09, 10908429
TERMONORTE5 , PAPT02, 5390839
TERMONORTE5 , PAPC02, 5390839
TERMONORTE6 , PAPF09, 10908429
TERMONORTE6 , PAPT07, 17756894
TERMONORTE6 , PAPT09, 10908429
TERMONORTE6 , PAPC09, 10908429
TERMONORTE6 , PAPC07, 17756894
TERMONORTE6 , PAPT02, 5390839
TERMONORTE6 , PAPF07, 17756894
TERMONORTE6 , PAPC02, 5390839
TERMONORTE6 , PAPF02, 5390839
TERMONORTE7 , PAPC02, 5390839
TERMONORTE7 , PAPT02, 5390839
TERMONORTE7 , PAPF02, 5390839
TERMONORTE7 , PAPC07, 17756894
TERMONORTE7 , PAPT07, 17756894
TERMONORTE7 , PAPF07, 17756894
TERMONORTE7 , PAPF09, 10908429
TERMONORTE7 , PAPC09, 10908429
TERMONORTE7 , PAPT09, 10908429
TERMONORTE8 , PAPT09, 10908429
TERMONORTE8 , PAPC09, 10908429
TERMONORTE8 , PAPF09, 10908429
TERMONORTE8 , PAPF02, 5390839
TERMONORTE8 , PAPF07, 17756894
TERMONORTE8 , PAPT02, 5390839
TERMONORTE8 , PAPT07, 17756894
TERMONORTE8 , PAPC07, 17756894
TERMONORTE8 , PAPC02, 5390839
TERMONORTE9 , PAPC02, 5390839
TERMONORTE9 , PAPT02, 5390839
TERMONORTE9 , PAPF09, 10908429
TERMONORTE9 , PAPT09, 10908429
TERMONORTE9 , PAPF02, 5390839
TERMONORTE9 , PAPC07, 17756894
TERMONORTE9 , PAPC09, 10908429
TERMONORTE9 , PAPF07, 17756894
TERMONORTE9 , PAPT07, 17756894
TERMONORTE10 , PAPT02, 5390839
TERMONORTE10 , PAPC02, 5390839
TERMONORTE10 , PAPF02, 5390839
TERMONORTE10 , PAPC07, 17756894
TERMONORTE10 , PAPT07, 17756894
TERMONORTE10 , PAPF07, 17756894
TERMONORTE10 , PAPC09, 10908429
TERMONORTE10 , PAPF09, 10908429
TERMONORTE10 , PAPT09, 10908429
TERMONORTE1 , PAPUSDT07, 4483
TERMONORTE1 , PAPUSDC09, 2754
TERMONORTE1 , PAPUSDF07, 4483
TERMONORTE1 , PAPUSDF09, 2754
TERMONORTE1 , PAPUSDT09, 2754
TERMONORTE1 , PAPUSDF02, 1361
TERMONORTE1 , PAPUSDC07, 4483
TERMONORTE1 , PAPUSDT02, 1361
TERMONORTE1 , PAPUSDC02, 1361
TERMONORTE2 , PAPUSDF02, 1361
TERMONORTE2 , PAPUSDF09, 2754
TERMONORTE2 , PAPUSDT07, 4483
TERMONORTE2 , PAPUSDC07, 4483
TERMONORTE2 , PAPUSDC02, 1361
TERMONORTE2 , PAPUSDC09, 2754
TERMONORTE2 , PAPUSDF07, 4483
TERMONORTE2 , PAPUSDT02, 1361
TERMONORTE2 , PAPUSDT09, 2754
TERMONORTE3 , PAPUSDT02, 1361
TERMONORTE3 , PAPUSDF07, 4483
TERMONORTE3 , PAPUSDT07, 4483
TERMONORTE3 , PAPUSDC09, 2754
TERMONORTE3 , PAPUSDT09, 2754
TERMONORTE3 , PAPUSDC02, 1361
TERMONORTE3 , PAPUSDF09, 2754
TERMONORTE3 , PAPUSDC07, 4483
TERMONORTE3 , PAPUSDF02, 1361
TERMONORTE4 , PAPUSDC09, 2754
TERMONORTE4 , PAPUSDF09, 2754
TERMONORTE4 , PAPUSDT09, 2754
TERMONORTE4 , PAPUSDC02, 1361
TERMONORTE4 , PAPUSDT02, 1361
TERMONORTE4 , PAPUSDT07, 4483
TERMONORTE4 , PAPUSDF07, 4483
TERMONORTE4 , PAPUSDC07, 4483
TERMONORTE4 , PAPUSDF02, 1361
TERMONORTE5 , PAPUSDC07, 4483
TERMONORTE5 , PAPUSDF02, 1361
TERMONORTE5 , PAPUSDT07, 4483
TERMONORTE5 , PAPUSDF07, 4483
TERMONORTE5 , PAPUSDC09, 2754
TERMONORTE5 , PAPUSDT09, 2754
TERMONORTE5 , PAPUSDF09, 2754
TERMONORTE5 , PAPUSDT02, 1361
TERMONORTE5 , PAPUSDC02, 1361
TERMONORTE6 , PAPUSDF09, 2754
TERMONORTE6 , PAPUSDT07, 4483
TERMONORTE6 , PAPUSDT09, 2754
TERMONORTE6 , PAPUSDC09, 2754
TERMONORTE6 , PAPUSDC07, 4483
TERMONORTE6 , PAPUSDT02, 1361
TERMONORTE6 , PAPUSDF07, 4483
TERMONORTE6 , PAPUSDC02, 1361
TERMONORTE6 , PAPUSDF02, 1361
TERMONORTE7 , PAPUSDC02, 1361
TERMONORTE7 , PAPUSDT02, 1361
TERMONORTE7 , PAPUSDF02, 1361
TERMONORTE7 , PAPUSDC07, 4483
TERMONORTE7 , PAPUSDT07, 4483
TERMONORTE7 , PAPUSDF07, 4483
TERMONORTE7 , PAPUSDF09, 2754
TERMONORTE7 , PAPUSDC09, 2754
TERMONORTE7 , PAPUSDT09, 2754
TERMONORTE8 , PAPUSDT09, 2754
TERMONORTE8 , PAPUSDC09, 2754
TERMONORTE8 , PAPUSDF09, 2754
TERMONORTE8 , PAPUSDF02, 1361
TERMONORTE8 , PAPUSDF07, 4483
TERMONORTE8 , PAPUSDT02, 1361
TERMONORTE8 , PAPUSDT07, 4483
TERMONORTE8 , PAPUSDC07, 4483
TERMONORTE8 , PAPUSDC02, 1361
TERMONORTE9 , PAPUSDC02, 1361
TERMONORTE9 , PAPUSDT02, 1361
TERMONORTE9 , PAPUSDF09, 2754
TERMONORTE9 , PAPUSDT09, 2754
TERMONORTE9 , PAPUSDF02, 1361
TERMONORTE9 , PAPUSDC07, 4483
TERMONORTE9 , PAPUSDC09, 2754
TERMONORTE9 , PAPUSDF07, 4483
TERMONORTE9 , PAPUSDT07, 4483
TERMONORTE10 , PAPUSDT02, 1361
TERMONORTE10 , PAPUSDC02, 1361
TERMONORTE10 , PAPUSDF02, 1361
TERMONORTE10 , PAPUSDC07, 4483
TERMONORTE10 , PAPUSDT07, 4483
TERMONORTE10 , PAPUSDF07, 4483
TERMONORTE10 , PAPUSDC09, 2754
TERMONORTE10 , PAPUSDF09, 2754
TERMONORTE10 , PAPUSDT09, 2754
TERMONORTE , CONF, 4
TERMONORTE1 , D, 9, 9, 9, 9, 9, 9, 9, 9, 9, 9, 9, 9, 9, 9, 9, 9, 9, 9, 9, 9, 9, 9, 9, 9
TERMONORTE2 , D, 9, 9, 9, 9, 9, 9, 9, 9, 9, 9, 9, 9, 9, 9, 9, 9, 9, 9, 9, 9, 9, 9, 9, 9
TERMONORTE3 , D, 9, 9, 9, 9, 9, 9, 9, 9, 9, 9, 9, 9, 9, 9, 9, 9, 9, 9, 9, 9, 9, 9, 9, 9
TERMONORTE4 , D, 0, 0, 0, 0, 0, 0, 0, 0, 0, 0, 0, 0, 0, 0, 0, 0, 0, 0, 0, 0, 0, 0, 0, 0
TERMONORTE5 , D, 9, 9, 9, 9, 9, 9, 9, 9, 9, 9, 9, 9, 9, 9, 9, 9, 9, 9, 9, 9, 9, 9, 9, 9
TERMONORTE6 , D, 9, 9, 9, 9, 9, 9, 9, 9, 9, 9, 9, 9, 9, 9, 9, 9, 9, 9, 9, 9, 9, 9, 9, 9
TERMONORTE7 , D, 9, 9, 9, 9, 9, 9, 9, 9, 9, 9, 9, 9, 9, 9, 9, 9, 9, 9, 9, 9, 9, 9, 9, 9
TERMONORTE8 , D, 9, 9, 9, 9, 9, 9, 9, 9, 9, 9, 9, 9, 9, 9, 9, 9, 9, 9, 9, 9, 9, 9, 9, 9
TERMONORTE9 , D, 9, 9, 9, 9, 9, 9, 9, 9, 9, 9, 9, 9, 9, 9, 9, 9, 9, 9, 9, 9, 9, 9, 9, 9
TERMONORTE10 , D, 8, 8, 8, 8, 8, 8, 8, 8, 8, 8, 8, 8, 8, 8, 8, 8, 8, 8, 8, 8, 8, 8, 8, 8


AGENTE: TERMOPIEDRAS S.A.
AUTOGTURGAS1 , D, 3.5, 3.5, 3.5, 3.5, 3.5, 3.5, 3.5, 3.5, 3.5, 3.5, 3.5, 3.5, 3.5, 3.5, 3.5, 3.5, 3.5, 3.5, 3.5, 3.5, 3.5, 3.5, 3.5, 3.5
TERMOPIEDRAS1 , D, 3.75, 3.75, 3.75, 3.75, 3.75, 3.75, 3.75, 3.75, 3.75, 3.75, 3.75, 3.75, 3.75, 3.75, 3.75, 3.75, 3.75, 3.75, 3.75, 3.75, 3.75, 3.75, 3.75, 3.75


AGENTE: TERMOTASAJERO DOS
TASAJERO2 , P, 192000
TASAJERO2 , C, CARBON
TASAJERO2 , PAPC01, 85607795
TASAJERO2 , PAPF01, 143310768
TASAJERO2 , PAPT01, 112664976
TASAJERO2 , PAPUSDC01, 21613
TASAJERO2 , PAPUSDF01, 36181
TASAJERO2 , PAPUSDT01, 28444
TASAJERO2 , CONF, 1
TASAJERO2 , D, 170, 170, 170, 170, 170, 170, 170, 170, 170, 170, 170, 170, 170, 170, 170, 170, 170, 170, 170, 170, 170, 170, 170, 170
TERMOTASAJERODOSSOLAR1 , D, 0, 0, 0, 0, 0, 0, 0.3, 0.5, 1.7, 2.7, 3.4, 3.4, 3.4, 3.4, 2.7, 1.7, 0.4, 0.2, 0, 0, 0, 0, 0, 0
TERMOTASAJERODOSSOLAR1 , INVD, 21, 21, 21, 21, 21, 21, 21, 21, 21, 21, 21, 21, 21, 21, 21, 21, 21, 21, 21, 21, 21, 21, 21, 21


AGENTE: TERMOTASAJERO
TASAJERO1 , P, 218000
TASAJERO1 , C, CARBON
TASAJERO1 , PAPC01, 41665127
TASAJERO1 , PAPF01, 153949853
TASAJERO1 , PAPT01, 84775998
TASAJERO1 , PAPUSDC01, 10519
TASAJERO1 , PAPUSDF01, 38867
TASAJERO1 , PAPUSDT01, 21403
TASAJERO1 , CONF, 1
TASAJERO1 , D, 165, 165, 165, 165, 165, 165, 165, 165, 165, 165, 165, 165, 165, 165, 165, 165, 165, 165, 165, 165, 165, 165, 165, 165


AGENTE: TERMOYOPAL
TERMOYOPAL1 , P, 893000
TERMOYOPAL1 , C, GAS
TERMOYOPAL1 , PAPC02, 3846073
TERMOYOPAL1 , PAPT02, 3846073
TERMOYOPAL1 , PAPF02, 3846073
TERMOYOPAL1 , PAPUSDC02, 971
TERMOYOPAL1 , PAPUSDT02, 971
TERMOYOPAL1 , PAPUSDF02, 971
TERMOYOPAL1 , CONF, 1
TERMOYOPAL1 , D, 8, 8, 8, 8, 8, 8, 8, 8, 8, 8, 8, 8, 8, 8, 8, 8, 8, 8, 8, 8, 8, 8, 8, 8
TERMOYOPAL2 , P, 93000
TERMOYOPAL2 , C, GAS
TERMOYOPAL2 , PAPC02, 2558767
TERMOYOPAL2 , PAPF02, 2558767
TERMOYOPAL2 , PAPT02, 2558767
TERMOYOPAL2 , PAPUSDC02, 646
TERMOYOPAL2 , PAPUSDF02, 646
TERMOYOPAL2 , PAPUSDT02, 646
TERMOYOPAL2 , CONF, 1
TERMOYOPAL2 , D, 27, 27, 27, 27, 27, 27, 27, 27, 27, 27, 26, 26, 26, 26, 26, 26, 26, 26, 27, 27, 27, 27, 27, 27
TERMOYOPALG3 , P, 93000
TERMOYOPALG3 , C, GAS
TERMOYOPALG3 , PAPT02, 2372603
TERMOYOPALG3 , PAPF02, 2372603
TERMOYOPALG3 , PAPC02, 2372603
TERMOYOPALG3 , PAPUSDT02, 599
TERMOYOPALG3 , PAPUSDF02, 599
TERMOYOPALG3 , PAPUSDC02, 599
TERMOYOPALG3 , CONF, 1
TERMOYOPALG3 , D, 50, 50, 50, 50, 50, 50, 50, 50, 50, 50, 50, 50, 50, 50, 50, 50, 50, 50, 50, 50, 50, 50, 50, 50
TERMOYOPALG4 , P, 238000
TERMOYOPALG4 , C, GAS
TERMOYOPALG4 , PAPF02, 2372603
TERMOYOPALG4 , PAPT02, 2372603
TERMOYOPALG4 , PAPC02, 2372603
TERMOYOPALG4 , PAPUSDF02, 599
TERMOYOPALG4 , PAPUSDT02, 599
TERMOYOPALG4 , PAPUSDC02, 599
TERMOYOPALG4 , CONF, 1
TERMOYOPALG4 , D, 0, 0, 0, 0, 0, 0, 0, 0, 0, 0, 0, 0, 0, 0, 0, 0, 0, 0, 0, 0, 0, 0, 0, 0
TERMOYOPALG5 , P, 94500
TERMOYOPALG5 , C, GAS
TERMOYOPALG5 , PAPC02, 2372603
TERMOYOPALG5 , PAPT02, 2372603
TERMOYOPALG5 , PAPF02, 2372603
TERMOYOPALG5 , PAPUSDC02, 599
TERMOYOPALG5 , PAPUSDT02, 599
TERMOYOPALG5 , PAPUSDF02, 599
TERMOYOPALG5 , CONF, 1
TERMOYOPALG5 , D, 0, 0, 0, 0, 0, 0, 0, 0, 0, 0, 0, 0, 0, 0, 0, 0, 0, 0, 0, 0, 0, 0, 0, 0


AGENTE: UNERGY
BARAYA1 , D, 0, 0, 0, 0, 0, 0.01, 0.3, 0.6, 0.6, 0.7, 0.7, 0.8, 0.7, 0.7, 0.7, 0.3, 0.01, 0.05, 0, 0, 0, 0, 0, 0
BARAYA1 , INVD, 0, 0, 0, 0, 0, 11, 11, 11, 11, 11, 11, 11, 11, 11, 11, 11, 11, 11, 0, 0, 0, 0, 0, 0
CANAHUATE1 , D, 0, 0, 0, 0, 0, 0.01, 0.3, 0.6, 0.6, 0.7, 0.7, 0.8, 0.7, 0.7, 0.7, 0.3, 0.01, 0.05, 0, 0, 0, 0, 0, 0
CANAHUATE1 , INVD, 0, 0, 0, 0, 0, 5, 5, 5, 5, 5, 5, 5, 5, 5, 5, 5, 5, 5, 0, 0, 0, 0, 0, 0
DELTAI1 , D, 0, 0, 0, 0, 0, 0.01, 0.3, 0.6, 0.6, 0.7, 0.7, 0.8, 0.7, 0.7, 0.7, 0.3, 0.1, 0.05, 0, 0, 0, 0, 0, 0
DELTAI1 , INVD, 0, 0, 0, 0, 0, 6, 6, 6, 6, 6, 6, 6, 6, 6, 6, 6, 6, 6, 0, 0, 0, 0, 0, 0
GANDALF1 , D, 0, 0, 0, 0, 0, 0.01, 0.3, 0.6, 0.6, 0.7, 0.7, 0.8, 0.7, 0.7, 0.7, 0.3, 0.01, 0.05, 0, 0, 0, 0, 0, 0
GANDALF1 , INVD, 0, 0, 0, 0, 0, 5, 5, 5, 5, 5, 5, 5, 5, 5, 5, 5, 5, 5, 0, 0, 0, 0, 0, 0
GDNAOSI1 , D, 0, 0, 0, 0, 0, 0.01, 0.3, 0.6, 0.6, 0.7, 0.7, 0.8, 0.7, 0.7, 0.7, 0.3, 0.01, 0.05, 0, 0, 0, 0, 0, 0
GDNAOSI1 , INVD, 0, 0, 0, 0, 0, 4, 4, 4, 4, 4, 4, 4, 4, 4, 4, 4, 4, 4, 0, 0, 0, 0, 0, 0
GDNAOSII1 , D, 0, 0, 0, 0, 0, 0.01, 0.3, 0.6, 0.6, 0.7, 0.7, 0.8, 0.7, 0.7, 0.7, 0.3, 0.1, 0.05, 0, 0, 0, 0, 0, 0
GDNAOSII1 , INVD, 0, 0, 0, 0, 0, 4, 4, 4, 4, 4, 4, 4, 4, 4, 4, 4, 4, 4, 0, 0, 0, 0, 0, 0
GDNAOSIII1 , D, 0, 0, 0, 0, 0, 0.01, 0.3, 0.6, 0.7, 0.7, 0.7, 0.8, 0.7, 0.7, 0.7, 0.3, 0.1, 0.05, 0, 0, 0, 0, 0, 0
GDNAOSIII1 , INVD, 0, 0, 0, 0, 0, 5, 5, 5, 5, 5, 5, 5, 5, 5, 5, 5, 5, 5, 0, 0, 0, 0, 0, 0
LAINGLESA1 , D, 0, 0, 0, 0, 0, 0.01, 0.3, 0.6, 0.6, 0.7, 0.7, 0.8, 0.7, 0.7, 0.7, 0.3, 0.01, 0.05, 0, 0, 0, 0, 0, 0
LAINGLESA1 , INVD, 0, 0, 0, 0, 0, 5, 5, 5, 5, 5, 5, 5, 5, 5, 5, 5, 5, 5, 0, 0, 0, 0, 0, 0
MINIGRANJAELMERENGUE1 , D, 0, 0, 0, 0, 0, 0.01, 0.3, 0.6, 0.6, 0.7, 0.8, 0.9, 0.8, 0.7, 0.7, 0.3, 0.1, 0.05, 0, 0, 0, 0, 0, 0
MINIGRANJAELMERENGUE1 , INVD, 0, 0, 0, 0, 0, 5, 5, 5, 5, 5, 5, 5, 5, 5, 5, 5, 5, 5, 0, 0, 0, 0, 0, 0
MINIGRANJAELMOLINO1 , D, 0, 0, 0, 0, 0, 0.01, 0.3, 0.6, 0.6, 0.7, 0.7, 0.8, 0.7, 0.7, 0.7, 0.3, 0.01, 0.05, 0, 0, 0, 0, 0, 0
MINIGRANJAELMOLINO1 , INVD, 0, 0, 0, 0, 0, 5, 5, 5, 5, 5, 5, 5, 5, 5, 5, 5, 5, 5, 0, 0, 0, 0, 0, 0
MINIGRANJAELOLIMPO1 , D, 0, 0, 0, 0, 0, 0.01, 0.3, 0.6, 0.6, 0.7, 0.7, 0.8, 0.7, 0.7, 0.7, 0.3, 0.1, 0.05, 0, 0, 0, 0, 0, 0
MINIGRANJAELOLIMPO1 , INVD, 0, 0, 0, 0, 0, 5, 5, 5, 5, 5, 5, 5, 5, 5, 5, 5, 5, 5, 0, 0, 0, 0, 0, 0
MINIGRANJAELSON1 , D, 0, 0, 0, 0, 0, 0.01, 0.3, 0.6, 0.6, 0.7, 0.7, 0.8, 0.7, 0.7, 0.7, 0.3, 0.1, 0.05, 0, 0, 0, 0, 0, 0
MINIGRANJAELSON1 , INVD, 0, 0, 0, 0, 0, 5, 5, 5, 5, 5, 5, 5, 5, 5, 5, 5, 5, 5, 0, 0, 0, 0, 0, 0
MINIGRANJAIBIRICO1 , D, 0, 0, 0, 0, 0, 0.01, 0.3, 0.6, 0.6, 0.7, 0.7, 0.8, 0.7, 0.7, 0.7, 0.3, 0.1, 0.05, 0, 0, 0, 0, 0, 0
MINIGRANJAIBIRICO1 , INVD, 0, 0, 0, 0, 0, 5, 5, 5, 5, 5, 5, 5, 5, 5, 5, 5, 5, 5, 0, 0, 0, 0, 0, 0
MINIGRANJALAPAZESMERALDA1 , D, 0, 0, 0, 0, 0, 0.01, 0.3, 0.6, 0.6, 0.7, 0.7, 0.8, 0.7, 0.7, 0.7, 0.3, 0.1, 0.05, 0, 0, 0, 0, 0, 0
MINIGRANJALAPAZESMERALDA1 , INVD, 0, 0, 0, 0, 0, 5, 5, 5, 5, 5, 5, 5, 5, 5, 5, 5, 5, 5, 0, 0, 0, 0, 0, 0
MINIGRANJALAPAZLEYENDA1 , D, 0, 0, 0, 0, 0, 0.01, 0.3, 0.6, 0.6, 0.7, 0.7, 0.8, 0.7, 0.7, 0.7, 0.3, 0.01, 0.05, 0, 0, 0, 0, 0, 0
MINIGRANJALAPAZLEYENDA1 , INVD, 0, 0, 0, 0, 0, 5, 5, 5, 5, 5, 5, 5, 5, 5, 5, 5, 5, 5, 0, 0, 0, 0, 0, 0
MINIGRANJALAPAZVALLENATA1 , D, 0, 0, 0, 0, 0, 0.01, 0.3, 0.6, 0.6, 0.7, 0.7, 0.8, 0.7, 0.7, 0.7, 0.3, 0.01, 0.05, 0, 0, 0, 0, 0, 0
MINIGRANJALAPAZVALLENATA1 , INVD, 0, 0, 0, 0, 0, 5, 5, 5, 5, 5, 5, 5, 5, 5, 5, 5, 5, 5, 0, 0, 0, 0, 0, 0
MINIGRANJALAPAZVERSO1 , D, 0, 0, 0, 0, 0, 0.01, 0.3, 0.6, 0.6, 0.7, 0.7, 0.8, 0.7, 0.7, 0.7, 0.3, 0.1, 0.05, 0, 0, 0, 0, 0, 0
MINIGRANJALAPAZVERSO1 , INVD, 0, 0, 0, 0, 0, 5, 5, 5, 5, 5, 5, 5, 5, 5, 5, 5, 5, 5, 0, 0, 0, 0, 0, 0
MINIGRANJALAPUYA1 , D, 0, 0, 0, 0, 0, 0.01, 0.3, 0.6, 0.6, 0.7, 0.7, 0.8, 0.7, 0.7, 0.7, 0.3, 0.1, 0.05, 0, 0, 0, 0, 0, 0
MINIGRANJALAPUYA1 , INVD, 0, 0, 0, 0, 0, 5, 5, 5, 5, 5, 5, 5, 5, 5, 5, 5, 5, 5, 0, 0, 0, 0, 0, 0
MINIGRANJALARESERVA1 , D, 0, 0, 0, 0, 0, 0.01, 0.3, 0.6, 0.6, 0.7, 0.7, 0.8, 0.7, 0.7, 0.7, 0.3, 0.1, 0.05, 0, 0, 0, 0, 0, 0
MINIGRANJALARESERVA1 , INVD, 0, 0, 0, 0, 0, 5, 5, 5, 5, 5, 5, 5, 5, 5, 5, 5, 5, 5, 0, 0, 0, 0, 0, 0
MINIGRANJAVILLANUEVA1 , D, 0, 0, 0, 0, 0, 0.01, 0.3, 0.6, 0.6, 0.7, 0.8, 0.9, 0.8, 0.7, 0.7, 0.3, 0.1, 0.05, 0, 0, 0, 0, 0, 0
MINIGRANJAVILLANUEVA1 , INVD, 0, 0, 0, 0, 0, 5, 5, 5, 5, 5, 5, 5, 5, 5, 5, 5, 5, 5, 0, 0, 0, 0, 0, 0
PLANTASOLARBAYUNCAI1 , D, 0, 0, 0, 0, 0, 0.1, 0.7, 1.6, 2.1, 2.2, 2.1, 2.4, 2.4, 2.2, 1.8, 1, 0.3, 0, 0, 0, 0, 0, 0, 0
PLANTASOLARBAYUNCAI1 , INVD, 2, 2, 2, 2, 2, 2, 2, 2, 2, 2, 2, 2, 2, 2, 2, 2, 2, 2, 2, 2, 2, 2, 2, 2
POLARISI1 , D, 0, 0, 0, 0, 0, 0.01, 0.3, 0.6, 0.6, 0.7, 0.7, 0.8, 0.7, 0.7, 0.7, 0.3, 0.1, 0.05, 0, 0, 0, 0, 0, 0
POLARISI1 , INVD, 0, 0, 0, 0, 0, 5, 5, 5, 5, 5, 5, 5, 5, 5, 5, 5, 5, 5, 0, 0, 0, 0, 0, 0
SANONOFRE1 , D, 0, 0, 0, 0, 0, 0.01, 0.3, 0.6, 0.6, 0.7, 0.7, 0.8, 0.7, 0.7, 0.7, 0.3, 0.1, 0.05, 0, 0, 0, 0, 0, 0
SANONOFRE1 , INVD, 0, 0, 0, 0, 0, 3, 3, 3, 3, 3, 3, 3, 3, 3, 3, 3, 3, 3, 0, 0, 0, 0, 0, 0
URUACO1 , D, 0, 0, 0, 0, 0, 0.01, 0.3, 0.6, 0.6, 0.7, 0.7, 0.8, 0.7, 0.7, 0.7, 0.3, 0.01, 0.05, 0, 0, 0, 0, 0, 0
URUACO1 , INVD, 0, 0, 0, 0, 0, 11, 11, 11, 11, 11, 11, 11, 11, 11, 11, 11, 11, 11, 0, 0, 0, 0, 0, 0


AGENTE: URRA
PARQUESOLARINTII1 , D, 0, 0, 0, 0, 0, 0, 0, 0, 0.3, 1.2, 2.7, 3.6, 3.1, 4.9, 4.5, 4.5, 2.5, 0.5, 0, 0, 0, 0, 0, 0
PARQUESOLARINTII1 , INVD, 39, 39, 39, 39, 39, 39, 39, 39, 39, 39, 39, 39, 39, 39, 39, 39, 39, 39, 39, 39, 39, 39, 39, 39
URRA , P, 120000
URRA , MO, 83, 83, 83, 83, 83, 83, 83, 83, 83, 83, 83, 83, 83, 83, 83, 83, 164, 240, 240, 240, 240, 240, 240, 164
URRA1 , D, 0, 0, 0, 0, 0, 0, 0, 0, 0, 0, 0, 0, 0, 0, 0, 0, 0, 80, 80, 80, 80, 80, 80, 0
URRA2 , D, 83, 83, 83, 83, 83, 83, 83, 83, 83, 83, 83, 83, 83, 83, 83, 83, 82, 80, 80, 80, 80, 80, 80, 82
URRA3 , D, 0, 0, 0, 0, 0, 0, 0, 0, 0, 0, 0, 0, 0, 0, 0, 0, 0, 0, 0, 0, 0, 0, 0, 0
URRA4 , D, 0, 0, 0, 0, 0, 0, 0, 0, 0, 0, 0, 0, 0, 0, 0, 0, 82, 80, 80, 80, 80, 80, 80, 82


AGENTE: VATIA S.A.
ASNAZU1 , D, 0.45, 0.45, 0.45, 0.45, 0.45, 0.45, 0.45, 0.45, 0.45, 0.45, 0.45, 0.45, 0.45, 0.45, 0.45, 0.45, 0.45, 0.45, 0.45, 0.45, 0.45, 0.45, 0.45, 0.45
FLORIDA21 , D, 8, 8, 8, 8, 8, 8, 8, 8, 8, 8, 8, 8, 8, 8, 8, 8, 9.5, 9.5, 9.5, 9.5, 9.5, 9.5, 9.5, 8
FLORIDA22 , D, 8, 8, 8, 8, 8, 8, 8, 8, 8, 8, 8, 8, 8, 8, 8, 8, 9.5, 9.5, 9.5, 9.5, 9.5, 9.5, 9.5, 8
INZA1 , D, 0, 0, 0, 0, 0, 0, 0, 0, 0, 0, 0, 0, 0, 0, 0, 0, 0, 0, 0, 0, 0, 0, 0, 0
JUMI1 , D, 0, 0, 0, 0, 0, 0.67, 2.6, 4.88, 6.91, 8.59, 9.58, 9.69, 8.88, 7.63, 5.62, 3.12, 0.95, 0.02, 0, 0, 0, 0, 0, 0
JUMI1 , INVD, 37, 37, 37, 37, 37, 37, 37, 37, 37, 37, 37, 37, 37, 37, 37, 37, 37, 37, 37, 37, 37, 37, 37, 37
LACASCADA(ANTIOQUIA)1 , D, 1.33, 1.33, 1.33, 1.33, 1.33, 1.33, 1.33, 1.33, 1.33, 1.33, 1.33, 1.33, 1.33, 1.33, 1.33, 1.33, 1.33, 1.33, 1.33, 1.33, 1.33, 1.33, 1.33, 1.33
LASPALMAS1 , D, 1.4, 1.4, 1.4, 1.4, 1.4, 1.4, 1.4, 1.4, 1.4, 1.4, 1.4, 1.4, 1.4, 1.4, 1.4, 1.4, 1.4, 1.4, 1.4, 1.4, 1.4, 1.4, 1.4, 1.4
LASPALMAS2 , D, 1.4, 1.4, 1.4, 1.4, 1.4, 1.4, 1.4, 1.4, 1.4, 1.4, 1.4, 1.4, 1.4, 1.4, 1.4, 1.4, 1.4, 1.4, 1.4, 1.4, 1.4, 1.4, 1.4, 1.4
MONDOMO1 , D, 0.45, 0.45, 0.45, 0.45, 0.45, 0.45, 0.45, 0.45, 0.45, 0.45, 0.45, 0.45, 0.45, 0.45, 0.45, 0.45, 0.45, 0.45, 0.45, 0.45, 0.45, 0.45, 0.45, 0.45
OVEJAS1 , D, 0.82, 0.82, 0.82, 0.82, 0.82, 0.82, 0.82, 0.82, 0.82, 0.82, 0.82, 0.82, 0.82, 0.82, 0.82, 0.82, 0.82, 0.82, 0.82, 0.82, 0.82, 0.82, 0.82, 0.82
RIOPALO1 , D, 0.95, 0.95, 0.95, 0.95, 0.95, 0.95, 0.95, 0.95, 0.95, 0.95, 0.95, 0.95, 0.95, 0.95, 0.95, 0.95, 0.95, 0.95, 0.95, 0.95, 0.95, 0.95, 0.95, 0.95
SAJANDI1 , D, 0, 0, 0, 0, 0, 0, 0, 0, 0, 0, 0, 0, 0, 0, 0, 0, 0, 0, 0, 0, 0, 0, 0, 0
SILVIA1 , D, 0.34, 0.34, 0.34, 0.34, 0.34, 0.34, 0.34, 0.34, 0.34, 0.34, 0.34, 0.34, 0.34, 0.34, 0.34, 0.34, 0.34, 0.34, 0.34, 0.34, 0.34, 0.34, 0.34, 0.34
SOLAROLDT1 , D, 0, 0, 0, 0, 0, 0.66, 2.56, 4.8, 6.79, 8.45, 9.42, 9.53, 8.73, 7.5, 5.52, 3.07, 0.93, 0.02, 0, 0, 0, 0, 0, 0
SOLAROLDT1 , INVD, 37, 37, 37, 37, 37, 37, 37, 37, 37, 37, 37, 37, 37, 37, 37, 37, 37, 37, 37, 37, 37, 37, 37, 37
SOLARPNI1 , D, 0, 0, 0, 0, 0, 0, 0, 0, 0, 0, 0, 0, 0, 0, 0, 0, 0, 0, 0, 0, 0, 0, 0, 0
SOLARPNI1 , INVD, 0, 0, 0, 0, 0, 0, 0, 0, 0, 0, 0, 0, 0, 0, 0, 0, 0, 0, 0, 0, 0, 0, 0, 0


AGENTE: VOLTAJE EMPRESARIAL
AUTOGPALMERASDELACOSTA1 , D, 0, 0, 0, 0, 0, 0, 0, 0, 0, 0, 0, 0, 0, 0, 0, 0, 0, 0, 0, 0, 0, 0, 0, 0
AUTOGPALMERASDELACOSTA1 , INVD, 17, 17, 17, 17, 17, 17, 17, 17, 17, 17, 17, 17, 17, 17, 17, 17, 17, 17, 17, 17, 17, 17, 17, 17
TEQUENDAMABIOGAS1 , D, 0, 0, 0, 0, 0, 0, 0, 0, 0, 0, 0, 0, 0, 0, 0, 0, 0, 0, 0, 0, 0, 0, 0, 0


