Ofertas Iniciales para: 2025-04-02


AGENTE: 4E S.A.S E.S.P.
PLANTASOLARBAYUNCAI1 , D,  0.00,  0.00,  0.00,  0.00,  0.00,  0.10,  0.70,  1.60,  2.10,  2.20,  2.10,  2.40,  2.40,  2.20,  1.80,  1.00,  0.30,  0.00,  0.00,  0.00,  0.00,  0.00,  0.00,  0.00
PLANTASOLARBAYUNCAI1 , INVD,  2.00,  2.00,  2.00,  2.00,  2.00,  2.00,  2.00,  2.00,  2.00,  2.00,  2.00,  2.00,  2.00,  2.00,  2.00,  2.00,  2.00,  2.00,  2.00,  2.00,  2.00,  2.00,  2.00,  2.00


AGENTE: ABO WIND DIECISEIS
CONDOR1 , D,  0.00,  0.00,  0.00,  0.00,  0.00,  0.00,  0.71,  2.90,  4.96,  4.49,  5.69,  2.87,  4.50,  4.35,  1.86,  1.14,  2.16,  0.94,  0.00,  0.00,  0.00,  0.00,  0.00,  0.00
CONDOR1 , INVD,  35.00,  35.00,  35.00,  35.00,  35.00,  35.00,  35.00,  35.00,  35.00,  35.00,  35.00,  35.00,  35.00,  35.00,  35.00,  35.00,  35.00,  35.00,  35.00,  35.00,  35.00,  35.00,  35.00,  35.00


AGENTE: AES COLOMBIA
CHIVOR , P,  97238
CHIVOR1 , D,  125,  125,  125,  125,  125,  125,  125,  125,  125,  125,  125,  125,  125,  125,  125,  125,  125,  125,  125,  125,  125,  125,  125,  125
CHIVOR2 , D,  125,  125,  125,  125,  125,  125,  125,  125,  125,  125,  125,  125,  125,  125,  125,  125,  125,  125,  125,  125,  125,  125,  125,  125
CHIVOR3 , D,  125,  125,  125,  125,  125,  125,  125,  125,  125,  125,  125,  125,  125,  125,  125,  125,  125,  125,  125,  125,  125,  125,  125,  125
CHIVOR4 , D,  125,  125,  125,  125,  125,  125,  125,  125,  125,  125,  125,  125,  125,  125,  125,  125,  125,  125,  125,  125,  125,  125,  125,  125
CHIVOR5 , D,  0,  0,  0,  0,  0,  0,  0,  0,  0,  0,  0,  0,  0,  0,  0,  0,  0,  0,  0,  0,  0,  0,  0,  0
CHIVOR6 , D,  0,  0,  0,  0,  0,  0,  0,  0,  0,  0,  0,  0,  0,  0,  0,  0,  0,  0,  0,  0,  0,  0,  0,  0
CHIVOR7 , D,  0,  0,  0,  0,  0,  0,  0,  0,  0,  0,  0,  0,  0,  0,  0,  0,  0,  0,  0,  0,  0,  0,  0,  0
CHIVOR8 , D,  0,  0,  0,  0,  0,  0,  0,  0,  0,  0,  0,  0,  0,  0,  0,  0,  0,  0,  0,  0,  0,  0,  0,  0
CHIVOR , AGCP,  420,  420,  420,  420,  420,  420,  420,  420,  420,  420,  420,  420,  420,  420,  420,  420,  420,  420,  0,  0,  0,  420,  420,  420
CHIVOR1 , AGCU,  105,  105,  105,  105,  105,  105,  105,  105,  105,  105,  105,  105,  105,  105,  105,  105,  105,  105,  0,  0,  0,  105,  105,  105
CHIVOR2 , AGCU,  105,  105,  105,  105,  105,  105,  105,  105,  105,  105,  105,  105,  105,  105,  105,  105,  105,  105,  0,  0,  0,  105,  105,  105
CHIVOR3 , AGCU,  105,  105,  105,  105,  105,  105,  105,  105,  105,  105,  105,  105,  105,  105,  105,  105,  105,  105,  0,  0,  0,  105,  105,  105
CHIVOR4 , AGCU,  105,  105,  105,  105,  105,  105,  105,  105,  105,  105,  105,  105,  105,  105,  105,  105,  105,  105,  0,  0,  0,  105,  105,  105
TUNJITA1 , D,  19.60,  19.60,  19.60,  19.60,  19.60,  19.60,  19.60,  19.60,  19.60,  19.60,  19.60,  19.60,  19.60,  19.60,  19.60,  19.60,  19.60,  19.60,  19.60,  19.60,  19.60,  19.60,  19.60,  19.60
BIOENERGY , D,  15.00,  15.00,  15.00,  15.00,  15.00,  15.00,  15.00,  15.00,  15.00,  15.00,  15.00,  15.00,  15.00,  15.00,  15.00,  15.00,  15.00,  15.00,  15.00,  15.00,  15.00,  15.00,  15.00,  15.00


AGENTE: ATLÁNTICA COLOMBIA
LASIERPE1 , D,  0.00,  0.00,  0.00,  0.00,  0.00,  0.00,  2.00,  4.00,  10.00,  12.00,  18.00,  19.00,  19.00,  18.00,  14.00,  12.00,  4.00,  6.00,  1.00,  0.00,  0.00,  0.00,  0.00,  0.00
LASIERPE1 , INVD,  6.00,  6.00,  6.00,  6.00,  6.00,  6.00,  6.00,  6.00,  6.00,  6.00,  6.00,  6.00,  6.00,  6.00,  6.00,  6.00,  6.00,  6.00,  6.00,  6.00,  6.00,  6.00,  6.00,  6.00
LATOLUA1 , D,  0.00,  0.00,  0.00,  0.00,  0.00,  0.00,  2.00,  4.00,  8.00,  10.00,  16.00,  19.00,  19.00,  18.00,  18.00,  12.00,  8.00,  6.00,  1.00,  0.00,  0.00,  0.00,  0.00,  0.00
LATOLUA1 , INVD,  6.00,  6.00,  6.00,  6.00,  6.00,  6.00,  6.00,  6.00,  6.00,  6.00,  6.00,  6.00,  6.00,  6.00,  6.00,  6.00,  6.00,  6.00,  6.00,  6.00,  6.00,  6.00,  6.00,  6.00
TIERRALINDA1 , D,  0.00,  0.00,  0.00,  0.00,  0.00,  0.00,  1.00,  2.00,  3.00,  4.00,  6.00,  8.00,  8.00,  9.00,  6.00,  7.00,  7.00,  2.00,  1.00,  0.00,  0.00,  0.00,  0.00,  0.00
TIERRALINDA1 , INVD,  3.00,  3.00,  3.00,  3.00,  3.00,  3.00,  3.00,  3.00,  3.00,  3.00,  3.00,  3.00,  3.00,  3.00,  3.00,  3.00,  3.00,  3.00,  3.00,  3.00,  3.00,  3.00,  3.00,  3.00
PARQUESOLARHONDAI1 , D,  0.00,  0.00,  0.00,  0.00,  0.00,  0.00,  1.00,  2.00,  2.00,  4.00,  6.00,  9.00,  9.00,  9.00,  8.00,  6.00,  4.00,  2.00,  1.00,  0.00,  0.00,  0.00,  0.00,  0.00
PARQUESOLARHONDAI1 , INVD,  36.00,  36.00,  36.00,  36.00,  36.00,  36.00,  36.00,  36.00,  36.00,  36.00,  36.00,  36.00,  36.00,  36.00,  36.00,  36.00,  36.00,  36.00,  36.00,  36.00,  36.00,  36.00,  36.00,  36.00
PARQUESOLARHONDAII1 , D,  0.00,  0.00,  0.00,  0.00,  0.00,  0.00,  1.00,  2.00,  3.00,  4.00,  6.00,  8.00,  9.00,  9.00,  6.00,  7.00,  7.00,  2.00,  1.00,  0.00,  0.00,  0.00,  0.00,  0.00
PARQUESOLARHONDAII1 , INVD,  36.00,  36.00,  36.00,  36.00,  36.00,  36.00,  36.00,  36.00,  36.00,  36.00,  36.00,  36.00,  36.00,  36.00,  36.00,  36.00,  36.00,  36.00,  36.00,  36.00,  36.00,  36.00,  36.00,  36.00


AGENTE: AURES BAJO
AURESBAJO1 , D,  9.00,  9.00,  9.00,  9.00,  9.00,  9.00,  9.00,  9.00,  9.00,  9.00,  9.00,  9.00,  9.00,  9.00,  9.00,  9.00,  9.00,  9.00,  9.00,  9.00,  9.00,  9.00,  9.00,  9.00
AURESBAJO2 , D,  7.00,  7.00,  7.00,  7.00,  7.00,  7.00,  7.00,  7.00,  6.00,  6.00,  6.00,  6.00,  6.00,  6.00,  6.00,  7.00,  7.00,  7.00,  7.00,  7.00,  7.00,  7.00,  7.00,  7.00


AGENTE: BCCY CORDOBA 
PETALODECORDOBAII1 , D,  0.00,  0.00,  0.00,  0.00,  0.00,  0.00,  0.19,  2.41,  5.37,  7.69,  8.08,  7.49,  6.88,  7.33,  6.22,  5.90,  4.43,  1.05,  0.00,  0.00,  0.00,  0.00,  0.00,  0.00
PETALODECORDOBAII1 , INVD,  54.00,  54.00,  54.00,  54.00,  54.00,  54.00,  54.00,  54.00,  54.00,  54.00,  54.00,  54.00,  54.00,  54.00,  54.00,  54.00,  54.00,  54.00,  54.00,  54.00,  54.00,  54.00,  54.00,  54.00
AUTOGLOSPOCITOS1 , D,  2.80,  2.80,  2.80,  2.80,  2.80,  2.80,  2.80,  2.80,  2.80,  2.80,  2.80,  2.80,  2.80,  2.80,  2.80,  2.80,  2.80,  2.80,  2.80,  2.80,  2.80,  2.80,  2.80,  2.80


AGENTE: BIOGAS COLOMBIA
DOÑAJUANA1 , D,  0.25,  0.25,  0.25,  0.25,  0.25,  0.25,  0.25,  0.25,  0.25,  0.25,  0.25,  0.25,  0.25,  0.25,  0.25,  0.25,  0.25,  0.25,  0.25,  0.25,  0.25,  0.25,  0.25,  0.25


AGENTE: CCG ENERGY SAS ESP
PATICO-LACABRERA1 , D,  0.57,  0.57,  0.67,  0.70,  0.72,  0.72,  0.72,  0.72,  0.71,  0.69,  0.67,  0.66,  0.61,  0.57,  0.50,  0.59,  0.60,  0.59,  0.66,  0.67,  0.66,  0.66,  0.65,  0.65


AGENTE: CEDENAR
RIOMAYO1 , D,  6.73,  6.73,  6.73,  6.73,  6.73,  6.73,  6.73,  6.73,  6.73,  6.73,  6.73,  6.73,  6.73,  6.73,  6.73,  6.73,  6.73,  6.73,  6.73,  6.73,  6.73,  6.73,  6.73,  6.73
RIOMAYO2 , D,  6.45,  6.45,  6.45,  6.45,  6.45,  6.45,  6.45,  6.45,  6.45,  6.45,  6.45,  6.45,  6.45,  6.45,  6.45,  6.45,  6.45,  6.45,  6.45,  6.45,  6.45,  6.45,  6.45,  6.45
RIOMAYO3 , D,  6.45,  6.45,  6.45,  6.45,  6.45,  6.45,  6.45,  6.45,  6.45,  6.45,  6.45,  6.45,  6.45,  6.45,  6.45,  6.45,  6.45,  6.45,  6.45,  6.45,  6.45,  6.45,  6.45,  6.45
RIOBOBO1 , D,  3.00,  3.00,  3.00,  3.00,  3.00,  3.00,  3.00,  3.00,  3.00,  3.00,  3.00,  3.00,  3.00,  3.00,  3.00,  3.00,  3.00,  3.00,  3.00,  3.00,  3.00,  3.00,  3.00,  3.00
RIOSAPUYES1 , D,  0.00,  0.00,  0.00,  0.00,  0.00,  0.00,  0.00,  0.00,  0.00,  0.00,  0.00,  0.00,  0.00,  0.00,  0.00,  0.00,  0.00,  0.00,  0.00,  0.00,  0.00,  0.00,  0.00,  0.00
PCHJULIOBRAVO1 , D,  0.68,  0.68,  0.68,  0.68,  0.68,  0.68,  0.68,  0.68,  0.68,  0.68,  0.68,  0.68,  0.68,  0.68,  0.68,  0.68,  0.68,  0.68,  0.68,  0.68,  0.68,  0.68,  0.68,  0.68
PCHJULIOBRAVO2 , D,  0.68,  0.68,  0.68,  0.68,  0.68,  0.68,  0.68,  0.68,  0.68,  0.68,  0.68,  0.68,  0.68,  0.68,  0.68,  0.68,  0.68,  0.68,  0.68,  0.68,  0.68,  0.68,  0.68,  0.68
PCHJULIOBRAVO3 , D,  0.00,  0.00,  0.00,  0.00,  0.00,  0.00,  0.00,  0.00,  0.00,  0.00,  0.00,  0.00,  0.00,  0.00,  0.00,  0.00,  0.00,  0.00,  0.00,  0.00,  0.00,  0.00,  0.00,  0.00
PCHJULIOBRAVO4 , D,  0.68,  0.68,  0.68,  0.68,  0.68,  0.68,  0.68,  0.68,  0.68,  0.68,  0.68,  0.68,  0.68,  0.68,  0.68,  0.68,  0.68,  0.68,  0.68,  0.68,  0.68,  0.68,  0.68,  0.68


AGENTE: CELSIA COLOMBIA
CALIMA , P,  920000
CALIMA1 , D,  33,  33,  33,  33,  33,  33,  33,  33,  33,  33,  33,  33,  33,  33,  33,  33,  33,  33,  33,  33,  33,  33,  33,  33
CALIMA2 , D,  33,  33,  33,  33,  33,  33,  33,  33,  33,  33,  33,  33,  33,  33,  33,  33,  33,  33,  33,  33,  33,  33,  33,  33
CALIMA3 , D,  33,  33,  33,  33,  33,  33,  33,  33,  33,  33,  33,  33,  33,  33,  33,  33,  33,  33,  33,  33,  33,  33,  33,  33
CALIMA4 , D,  33,  33,  33,  33,  33,  33,  33,  33,  33,  33,  33,  33,  33,  33,  33,  33,  33,  33,  33,  33,  33,  33,  33,  33
CALIMA , AGCP,  68,  68,  68,  68,  68,  68,  68,  68,  68,  68,  68,  68,  68,  68,  68,  68,  68,  68,  68,  68,  68,  68,  68,  68
CALIMA1 , AGCU,  17,  17,  17,  17,  17,  17,  17,  17,  17,  17,  17,  17,  17,  17,  17,  17,  17,  17,  17,  17,  17,  17,  17,  17
CALIMA2 , AGCU,  17,  17,  17,  17,  17,  17,  17,  17,  17,  17,  17,  17,  17,  17,  17,  17,  17,  17,  17,  17,  17,  17,  17,  17
CALIMA3 , AGCU,  17,  17,  17,  17,  17,  17,  17,  17,  17,  17,  17,  17,  17,  17,  17,  17,  17,  17,  17,  17,  17,  17,  17,  17
CALIMA4 , AGCU,  17,  17,  17,  17,  17,  17,  17,  17,  17,  17,  17,  17,  17,  17,  17,  17,  17,  17,  17,  17,  17,  17,  17,  17
PRADO , P,  97238
PRADO1 , D,  17,  17,  17,  17,  17,  17,  17,  17,  17,  17,  17,  17,  17,  17,  17,  17,  17,  17,  17,  17,  17,  17,  17,  17
PRADO2 , D,  17,  17,  17,  17,  17,  17,  17,  17,  17,  17,  17,  17,  17,  17,  17,  17,  17,  17,  17,  17,  17,  17,  17,  17
PRADO3 , D,  17,  17,  17,  17,  17,  17,  17,  17,  17,  17,  17,  17,  17,  17,  17,  17,  17,  17,  17,  17,  17,  17,  17,  17
SALVAJINA , P,  921000
SALVAJINA1 , D,  106,  106,  106,  106,  106,  106,  106,  106,  106,  106,  106,  106,  106,  106,  106,  106,  106,  106,  106,  106,  106,  106,  106,  106
SALVAJINA2 , D,  95,  95,  95,  95,  95,  95,  95,  95,  95,  95,  95,  95,  95,  95,  95,  95,  95,  95,  95,  95,  95,  95,  95,  95
SALVAJINA3 , D,  95,  95,  95,  95,  95,  95,  95,  95,  95,  95,  95,  95,  95,  95,  95,  95,  95,  95,  95,  95,  95,  95,  95,  95
SALVAJINA , MO,  155,  155,  155,  155,  155,  155,  201,  201,  201,  201,  201,  201,  201,  201,  201,  201,  201,  296,  296,  296,  296,  296,  201,  155
ALBAN , P,  149999
ALTOANCHICAYA1 , D,  115,  115,  115,  115,  115,  115,  115,  115,  115,  115,  115,  115,  115,  115,  115,  115,  115,  115,  115,  115,  115,  115,  115,  115
ALTOANCHICAYA2 , D,  115,  115,  115,  115,  115,  115,  115,  115,  115,  115,  115,  115,  115,  115,  115,  115,  115,  115,  115,  115,  115,  115,  115,  115
ALTOANCHICAYA3 , D,  110,  110,  110,  110,  110,  110,  110,  110,  110,  110,  110,  110,  110,  110,  110,  110,  110,  110,  110,  110,  110,  110,  110,  110
BAJOANCHICAYA1 , D,  12,  12,  12,  12,  12,  12,  12,  12,  12,  12,  12,  12,  12,  12,  12,  12,  12,  12,  12,  12,  12,  12,  12,  12
BAJOANCHICAYA2 , D,  12,  12,  12,  12,  12,  12,  12,  12,  12,  12,  12,  12,  12,  12,  12,  12,  12,  12,  12,  12,  12,  12,  12,  12
BAJOANCHICAYA3 , D,  21,  21,  21,  21,  21,  21,  21,  21,  21,  19,  19,  19,  19,  19,  19,  19,  19,  19,  20,  20,  20,  20,  20,  20
BAJOANCHICAYA4 , D,  24,  24,  24,  24,  24,  24,  24,  24,  24,  24,  24,  24,  24,  24,  24,  24,  24,  24,  24,  24,  24,  24,  24,  24
ALBAN , AGCP,  250,  250,  250,  250,  250,  250,  250,  250,  250,  250,  250,  250,  250,  250,  250,  250,  250,  250,  0,  0,  0,  250,  250,  250
ALTOANCHICAYA1 , AGCU,  85,  85,  85,  85,  85,  85,  85,  85,  85,  85,  85,  85,  85,  85,  85,  85,  85,  85,  0,  0,  0,  85,  85,  85
ALTOANCHICAYA2 , AGCU,  85,  85,  85,  85,  85,  85,  85,  85,  85,  85,  85,  85,  85,  85,  85,  85,  85,  85,  0,  0,  0,  85,  85,  85
ALTOANCHICAYA3 , AGCU,  80,  80,  80,  80,  80,  80,  80,  80,  80,  80,  80,  80,  80,  80,  80,  80,  80,  80,  0,  0,  0,  80,  80,  80
BAJOANCHICAYA1 , AGCU,  0,  0,  0,  0,  0,  0,  0,  0,  0,  0,  0,  0,  0,  0,  0,  0,  0,  0,  0,  0,  0,  0,  0,  0
BAJOANCHICAYA3 , AGCU,  0,  0,  0,  0,  0,  0,  0,  0,  0,  0,  0,  0,  0,  0,  0,  0,  0,  0,  0,  0,  0,  0,  0,  0
ALBAN , MO,  13,  13,  13,  13,  13,  13,  13,  13,  13,  13,  11,  11,  11,  11,  11,  11,  11,  11,  12,  12,  12,  12,  12,  12
CUCUANA , P,  97238
CUCUANA1 , D,  0,  0,  0,  0,  0,  0,  0,  0,  0,  0,  0,  0,  0,  0,  0,  0,  0,  0,  0,  0,  0,  0,  0,  0
CUCUANA2 , D,  0,  0,  0,  0,  0,  0,  0,  0,  0,  0,  0,  0,  0,  0,  0,  0,  0,  0,  0,  0,  0,  0,  0,  0
TESORITO , P,  881912
TESORITO1 , PAPF02, 238976
TESORITO1 , PAPC02, 238976
TESORITO1 , PAPT02, 238976
TESORITO10 , PAPF02, 238976
TESORITO10 , PAPT02, 238976
TESORITO10 , PAPC02, 238976
TESORITO11 , PAPT02, 238976
TESORITO11 , PAPF02, 238976
TESORITO11 , PAPC02, 238976
TESORITO2 , PAPF02, 238976
TESORITO2 , PAPC02, 238976
TESORITO2 , PAPT02, 238976
TESORITO3 , PAPF02, 238976
TESORITO3 , PAPC02, 238976
TESORITO3 , PAPT02, 238976
TESORITO4 , PAPF02, 238976
TESORITO4 , PAPC02, 238976
TESORITO4 , PAPT02, 238976
TESORITO5 , PAPT02, 238976
TESORITO5 , PAPF02, 238976
TESORITO5 , PAPC02, 238976
TESORITO6 , PAPT02, 238976
TESORITO6 , PAPF02, 238976
TESORITO6 , PAPC02, 238976
TESORITO7 , PAPF02, 238976
TESORITO7 , PAPC02, 238976
TESORITO7 , PAPT02, 238976
TESORITO8 , PAPF02, 238976
TESORITO8 , PAPC02, 238976
TESORITO8 , PAPT02, 238976
TESORITO9 , PAPF02, 238976
TESORITO9 , PAPT02, 238976
TESORITO9 , PAPC02, 238976
TESORITO1 , PAPUSDC02, 57
TESORITO1 , PAPUSDT02, 57
TESORITO1 , PAPUSDF02, 57
TESORITO10 , PAPUSDC02, 57
TESORITO10 , PAPUSDT02, 57
TESORITO10 , PAPUSDF02, 57
TESORITO11 , PAPUSDC02, 57
TESORITO11 , PAPUSDT02, 57
TESORITO11 , PAPUSDF02, 57
TESORITO2 , PAPUSDC02, 57
TESORITO2 , PAPUSDT02, 57
TESORITO2 , PAPUSDF02, 57
TESORITO3 , PAPUSDC02, 57
TESORITO3 , PAPUSDT02, 57
TESORITO3 , PAPUSDF02, 57
TESORITO4 , PAPUSDC02, 57
TESORITO4 , PAPUSDT02, 57
TESORITO4 , PAPUSDF02, 57
TESORITO5 , PAPUSDC02, 57
TESORITO5 , PAPUSDT02, 57
TESORITO5 , PAPUSDF02, 57
TESORITO6 , PAPUSDC02, 57
TESORITO6 , PAPUSDF02, 57
TESORITO6 , PAPUSDT02, 57
TESORITO7 , PAPUSDC02, 57
TESORITO7 , PAPUSDT02, 57
TESORITO7 , PAPUSDF02, 57
TESORITO8 , PAPUSDC02, 57
TESORITO8 , PAPUSDT02, 57
TESORITO8 , PAPUSDF02, 57
TESORITO9 , PAPUSDC02, 57
TESORITO9 , PAPUSDT02, 57
TESORITO9 , PAPUSDF02, 57
TESORITO1 , D,  18,  18,  18,  18,  18,  18,  18,  18,  18,  18,  18,  18,  18,  18,  18,  18,  18,  18,  18,  18,  18,  18,  18,  18
TESORITO3 , D,  18,  18,  18,  18,  18,  18,  18,  18,  18,  18,  18,  18,  18,  18,  18,  18,  18,  18,  18,  18,  18,  18,  18,  18
TESORITO2 , D,  18,  18,  18,  18,  18,  18,  18,  18,  18,  18,  18,  18,  18,  18,  18,  18,  18,  18,  18,  18,  18,  18,  18,  18
TESORITO4 , D,  18,  18,  18,  18,  18,  18,  18,  18,  18,  18,  18,  18,  18,  18,  18,  18,  18,  18,  18,  18,  18,  18,  18,  18
TESORITO5 , D,  18,  18,  18,  18,  18,  18,  18,  18,  18,  18,  18,  18,  18,  18,  18,  18,  18,  18,  18,  18,  18,  18,  18,  18
TESORITO6 , D,  18,  18,  18,  18,  18,  18,  18,  18,  18,  18,  18,  18,  18,  18,  18,  18,  18,  18,  18,  18,  18,  18,  18,  18
TESORITO7 , D,  18,  18,  18,  18,  18,  18,  18,  18,  18,  18,  18,  18,  18,  18,  18,  18,  18,  18,  18,  18,  18,  18,  18,  18
TESORITO8 , D,  18,  18,  18,  18,  18,  18,  18,  18,  18,  18,  18,  18,  18,  18,  18,  18,  18,  18,  18,  18,  18,  18,  18,  18
TESORITO9 , D,  18,  18,  18,  18,  18,  18,  18,  18,  18,  18,  18,  18,  18,  18,  18,  18,  18,  18,  18,  18,  18,  18,  18,  18
TESORITO10 , D,  19,  19,  19,  19,  19,  19,  19,  19,  19,  19,  19,  19,  19,  19,  19,  19,  19,  19,  19,  19,  19,  19,  19,  19
TESORITO11 , D,  19,  19,  19,  19,  19,  19,  19,  19,  19,  19,  19,  19,  19,  19,  19,  19,  19,  19,  19,  19,  19,  19,  19,  19
TESORITO , CONF,  1
TESORITO , C,  GAS
MERILECTRICA1 , P,  1020762
MERILECTRICA1 , PAPT02, 151532058
MERILECTRICA1 , PAPF02, 151532058
MERILECTRICA1 , PAPC02, 151532058
MERILECTRICA1 , PAPUSDC02, 36143
MERILECTRICA1 , PAPUSDF02, 36143
MERILECTRICA1 , PAPUSDT02, 36143
MERILECTRICA1 , D,  164,  164,  164,  164,  164,  164,  164,  164,  164,  164,  164,  164,  164,  164,  164,  164,  164,  164,  164,  164,  164,  164,  164,  164
MERILECTRICA1 , CONF,  1
MERILECTRICA1 , C,  GAS
AUTOGCELSIASOLARYUMBO1 , D,  0.00,  0.00,  0.00,  0.00,  0.00,  0.00,  0.00,  0.00,  0.00,  0.00,  0.00,  1.00,  1.00,  2.00,  0.00,  0.00,  0.00,  0.00,  0.00,  0.00,  0.00,  0.00,  0.00,  0.00
AUTOGCELSIASOLARYUMBO1 , INVD,  9.00,  9.00,  9.00,  9.00,  9.00,  9.00,  9.00,  9.00,  9.00,  9.00,  9.00,  9.00,  9.00,  9.00,  9.00,  9.00,  9.00,  9.00,  9.00,  9.00,  9.00,  9.00,  9.00,  9.00
CELSIASOLARBOLIVAR1 , D,  0.00,  0.00,  0.00,  0.00,  0.00,  0.00,  0.00,  1.00,  4.00,  5.00,  5.00,  5.00,  2.00,  2.00,  4.00,  4.00,  2.00,  0.00,  0.00,  0.00,  0.00,  0.00,  0.00,  0.00
CELSIASOLARBOLIVAR1 , INVD,  5.00,  5.00,  5.00,  5.00,  5.00,  5.00,  5.00,  5.00,  5.00,  5.00,  5.00,  5.00,  5.00,  5.00,  5.00,  5.00,  5.00,  5.00,  5.00,  5.00,  5.00,  5.00,  5.00,  5.00
AUTOGCELSIASOLARESPINAL1 , D,  0.00,  0.00,  0.00,  0.00,  0.00,  0.00,  0.00,  0.00,  0.00,  2.00,  3.00,  3.00,  3.00,  6.00,  5.00,  1.00,  0.00,  0.00,  0.00,  0.00,  0.00,  0.00,  0.00,  0.00
AUTOGCELSIASOLARESPINAL1 , INVD,  56.00,  56.00,  56.00,  56.00,  56.00,  56.00,  56.00,  56.00,  56.00,  56.00,  56.00,  56.00,  56.00,  56.00,  56.00,  56.00,  56.00,  56.00,  56.00,  56.00,  56.00,  56.00,  56.00,  56.00
CELSIASOLARCARMELO1 , D,  0.00,  0.00,  0.00,  0.00,  0.00,  0.00,  0.00,  0.00,  0.00,  0.00,  0.00,  0.00,  0.00,  0.00,  2.00,  0.00,  0.00,  0.00,  0.00,  0.00,  0.00,  0.00,  0.00,  0.00
CELSIASOLARCARMELO1 , INVD,  56.00,  56.00,  56.00,  56.00,  56.00,  56.00,  56.00,  56.00,  56.00,  56.00,  56.00,  56.00,  56.00,  56.00,  56.00,  56.00,  56.00,  56.00,  56.00,  56.00,  56.00,  56.00,  56.00,  56.00
CELSIASOLARLAPAILA1 , D,  0.00,  0.00,  0.00,  0.00,  0.00,  0.00,  0.00,  0.00,  0.00,  0.00,  0.00,  0.00,  2.00,  2.00,  1.00,  1.00,  0.00,  0.00,  0.00,  0.00,  0.00,  0.00,  0.00,  0.00
CELSIASOLARLAPAILA1 , INVD,  57.00,  57.00,  57.00,  57.00,  57.00,  57.00,  57.00,  57.00,  57.00,  57.00,  57.00,  57.00,  57.00,  57.00,  57.00,  57.00,  57.00,  57.00,  57.00,  57.00,  57.00,  57.00,  57.00,  57.00
AUTOGCELSIASOLARLEVAPAN1 , D,  0.00,  0.00,  0.00,  0.00,  0.00,  0.00,  0.00,  0.00,  0.00,  0.00,  1.00,  3.00,  3.00,  1.00,  3.00,  0.00,  0.00,  0.00,  0.00,  0.00,  0.00,  0.00,  0.00,  0.00
AUTOGCELSIASOLARLEVAPAN1 , INVD,  43.00,  43.00,  43.00,  43.00,  43.00,  43.00,  43.00,  43.00,  43.00,  43.00,  43.00,  43.00,  43.00,  43.00,  43.00,  43.00,  43.00,  43.00,  43.00,  43.00,  43.00,  43.00,  43.00,  43.00
GRPARQUESOLARTUCANES1 , D,  0.00,  0.00,  0.00,  0.00,  0.00,  0.00,  0.00,  2.00,  4.00,  6.00,  8.00,  9.00,  7.00,  5.00,  8.00,  7.00,  5.00,  1.00,  0.00,  0.00,  0.00,  0.00,  0.00,  0.00
GRPARQUESOLARTUCANES1 , INVD,  8.00,  8.00,  8.00,  8.00,  8.00,  8.00,  8.00,  8.00,  8.00,  8.00,  8.00,  8.00,  8.00,  8.00,  8.00,  8.00,  8.00,  8.00,  8.00,  8.00,  8.00,  8.00,  8.00,  8.00
SINCE1 , D,  0.00,  0.00,  0.00,  0.00,  0.00,  0.00,  0.00,  2.00,  5.00,  13.00,  9.00,  16.00,  13.00,  18.00,  4.00,  2.00,  1.00,  2.00,  0.00,  0.00,  0.00,  0.00,  0.00,  0.00
SINCE1 , INVD,  99.00,  99.00,  99.00,  99.00,  99.00,  99.00,  99.00,  99.00,  99.00,  99.00,  99.00,  99.00,  99.00,  99.00,  99.00,  99.00,  99.00,  99.00,  99.00,  99.00,  99.00,  99.00,  99.00,  99.00
AUTOGCELSIASOLARHARINAS1 , D,  0.00,  0.00,  0.00,  0.00,  0.00,  0.00,  0.00,  0.00,  0.00,  0.00,  1.00,  1.00,  2.00,  1.00,  2.00,  1.00,  0.00,  0.00,  0.00,  0.00,  0.00,  0.00,  0.00,  0.00
AUTOGCELSIASOLARHARINAS1 , INVD,  14.00,  14.00,  14.00,  14.00,  14.00,  14.00,  14.00,  14.00,  14.00,  14.00,  14.00,  14.00,  14.00,  14.00,  14.00,  14.00,  14.00,  14.00,  14.00,  14.00,  14.00,  14.00,  14.00,  14.00
LAMEDINA1 , D,  0.00,  0.00,  0.00,  0.00,  0.00,  0.00,  0.00,  2.00,  4.00,  6.00,  8.00,  9.00,  9.00,  8.00,  8.00,  5.00,  3.00,  0.00,  0.00,  0.00,  0.00,  0.00,  0.00,  0.00
LAMEDINA1 , INVD,  8.00,  8.00,  8.00,  8.00,  8.00,  8.00,  8.00,  8.00,  8.00,  8.00,  8.00,  8.00,  8.00,  8.00,  8.00,  8.00,  8.00,  8.00,  8.00,  8.00,  8.00,  8.00,  8.00,  8.00
LOSCABALLEROS1 , D,  0.00,  0.00,  0.00,  0.00,  0.00,  0.00,  0.00,  2.00,  4.00,  5.00,  9.00,  9.00,  9.00,  9.00,  8.00,  5.00,  3.00,  0.00,  0.00,  0.00,  0.00,  0.00,  0.00,  0.00
LOSCABALLEROS1 , INVD,  8.00,  8.00,  8.00,  8.00,  8.00,  8.00,  8.00,  8.00,  8.00,  8.00,  8.00,  8.00,  8.00,  8.00,  8.00,  8.00,  8.00,  8.00,  8.00,  8.00,  8.00,  8.00,  8.00,  8.00
CERRITOS1 , D,  0.00,  0.00,  0.00,  0.00,  0.00,  0.00,  0.00,  3.00,  8.00,  8.00,  9.00,  9.00,  9.00,  8.00,  9.00,  9.00,  5.00,  1.00,  0.00,  0.00,  0.00,  0.00,  0.00,  0.00
CERRITOS1 , INVD,  8.00,  8.00,  8.00,  8.00,  8.00,  8.00,  8.00,  8.00,  8.00,  8.00,  8.00,  8.00,  8.00,  8.00,  8.00,  8.00,  8.00,  8.00,  8.00,  8.00,  8.00,  8.00,  8.00,  8.00
GRANJASOLARSANFELIPE1 , D,  0.00,  0.00,  0.00,  0.00,  0.00,  0.00,  0.00,  1.00,  0.00,  0.00,  1.00,  4.00,  6.00,  4.00,  5.00,  5.00,  1.00,  0.00,  0.00,  0.00,  0.00,  0.00,  0.00,  0.00
GRANJASOLARSANFELIPE1 , INVD,  49.00,  49.00,  49.00,  49.00,  49.00,  49.00,  49.00,  49.00,  49.00,  49.00,  49.00,  49.00,  49.00,  49.00,  49.00,  49.00,  49.00,  49.00,  49.00,  49.00,  49.00,  49.00,  49.00,  49.00
GRANJASOLARLANCEROS1 , D,  0.00,  0.00,  0.00,  0.00,  0.00,  0.00,  0.00,  0.00,  2.00,  4.00,  6.00,  3.00,  1.00,  2.00,  5.00,  7.00,  3.00,  0.00,  0.00,  0.00,  0.00,  0.00,  0.00,  0.00
GRANJASOLARLANCEROS1 , INVD,  49.00,  49.00,  49.00,  49.00,  49.00,  49.00,  49.00,  49.00,  49.00,  49.00,  49.00,  49.00,  49.00,  49.00,  49.00,  49.00,  49.00,  49.00,  49.00,  49.00,  49.00,  49.00,  49.00,  49.00
AUTOGCELSIASOLARPALMIRA31 , D,  0.00,  0.00,  0.00,  0.00,  0.00,  0.00,  0.00,  0.00,  0.00,  0.00,  0.00,  0.00,  0.00,  0.00,  0.00,  0.00,  0.00,  0.00,  0.00,  0.00,  0.00,  0.00,  0.00,  0.00
AUTOGCELSIASOLARPALMIRA31 , INVD,  35.00,  35.00,  35.00,  35.00,  35.00,  35.00,  35.00,  35.00,  35.00,  35.00,  35.00,  35.00,  35.00,  35.00,  35.00,  35.00,  35.00,  35.00,  35.00,  35.00,  35.00,  35.00,  35.00,  35.00
MONTELIBANO1 , D,  0.00,  0.00,  0.00,  0.00,  0.00,  0.00,  0.00,  2.00,  5.00,  6.00,  8.00,  7.00,  9.00,  8.00,  7.00,  5.00,  3.00,  0.00,  0.00,  0.00,  0.00,  0.00,  0.00,  0.00
MONTELIBANO1 , INVD,  8.00,  8.00,  8.00,  8.00,  8.00,  8.00,  8.00,  8.00,  8.00,  8.00,  8.00,  8.00,  8.00,  8.00,  8.00,  8.00,  8.00,  8.00,  8.00,  8.00,  8.00,  8.00,  8.00,  8.00
AUTOGBUGAISOLLA1 , D,  0.00,  0.00,  0.00,  0.00,  0.00,  0.00,  0.00,  0.00,  0.00,  0.00,  1.00,  2.00,  2.00,  1.00,  0.00,  0.00,  0.00,  0.00,  0.00,  0.00,  0.00,  0.00,  0.00,  0.00
AUTOGBUGAISOLLA1 , INVD,  30.00,  30.00,  30.00,  30.00,  30.00,  30.00,  30.00,  30.00,  30.00,  30.00,  30.00,  30.00,  30.00,  30.00,  30.00,  30.00,  30.00,  30.00,  30.00,  30.00,  30.00,  30.00,  30.00,  30.00
AUTOGBUGAIGRASAS1 , D,  0.00,  0.00,  0.00,  0.00,  0.00,  0.00,  0.00,  0.00,  0.00,  0.00,  0.00,  1.00,  1.00,  0.00,  0.00,  0.00,  0.00,  0.00,  0.00,  0.00,  0.00,  0.00,  0.00,  0.00
AUTOGBUGAIGRASAS1 , INVD,  20.00,  20.00,  20.00,  20.00,  20.00,  20.00,  20.00,  20.00,  20.00,  20.00,  20.00,  20.00,  20.00,  20.00,  20.00,  20.00,  20.00,  20.00,  20.00,  20.00,  20.00,  20.00,  20.00,  20.00
GRANJASOLARFLANDES1 , D,  0.00,  0.00,  0.00,  0.00,  0.00,  0.00,  0.00,  1.00,  5.00,  7.00,  12.00,  4.00,  3.00,  3.00,  6.00,  10.00,  10.00,  1.00,  0.00,  0.00,  0.00,  0.00,  0.00,  0.00
GRANJASOLARFLANDES1 , INVD,  108.00,  108.00,  108.00,  108.00,  108.00,  108.00,  108.00,  108.00,  108.00,  108.00,  108.00,  108.00,  108.00,  108.00,  108.00,  108.00,  108.00,  108.00,  108.00,  108.00,  108.00,  108.00,  108.00,  108.00
CELSIASOLARDULIMA1 , D,  0.00,  0.00,  0.00,  0.00,  0.00,  0.00,  0.00,  2.00,  5.00,  8.00,  12.00,  2.00,  3.00,  3.00,  6.00,  13.00,  11.00,  1.00,  0.00,  0.00,  0.00,  0.00,  0.00,  0.00
CELSIASOLARDULIMA1 , INVD,  108.00,  108.00,  108.00,  108.00,  108.00,  108.00,  108.00,  108.00,  108.00,  108.00,  108.00,  108.00,  108.00,  108.00,  108.00,  108.00,  108.00,  108.00,  108.00,  108.00,  108.00,  108.00,  108.00,  108.00
CELSIASOLARYUMA1 , D,  0.00,  0.00,  0.00,  0.00,  0.00,  0.00,  0.00,  0.00,  2.00,  4.00,  5.00,  1.00,  1.00,  1.00,  2.00,  6.00,  5.00,  0.00,  0.00,  0.00,  0.00,  0.00,  0.00,  0.00
CELSIASOLARYUMA1 , INVD,  49.00,  49.00,  49.00,  49.00,  49.00,  49.00,  49.00,  49.00,  49.00,  49.00,  49.00,  49.00,  49.00,  49.00,  49.00,  49.00,  49.00,  49.00,  49.00,  49.00,  49.00,  49.00,  49.00,  49.00
SOLARPLANETARICA1 , D,  0.00,  0.00,  0.00,  0.00,  0.00,  0.00,  0.00,  3.00,  11.00,  16.00,  14.00,  14.00,  17.00,  17.00,  12.00,  11.00,  2.00,  1.00,  0.00,  0.00,  0.00,  0.00,  0.00,  0.00
SOLARPLANETARICA1 , INVD,  6.00,  6.00,  6.00,  6.00,  6.00,  6.00,  6.00,  6.00,  6.00,  6.00,  6.00,  6.00,  6.00,  6.00,  6.00,  6.00,  6.00,  6.00,  6.00,  6.00,  6.00,  6.00,  6.00,  6.00
AUTOGCELSIASOLARPALMIRA3ZONAFRANCA1 , D,  0.00,  0.00,  0.00,  0.00,  0.00,  0.00,  0.00,  0.00,  0.00,  0.00,  0.00,  0.00,  0.00,  0.00,  0.00,  0.00,  0.00,  0.00,  0.00,  0.00,  0.00,  0.00,  0.00,  0.00
AUTOGCELSIASOLARPALMIRA3ZONAFRANCA1 , INVD,  15.00,  15.00,  15.00,  15.00,  15.00,  15.00,  15.00,  15.00,  15.00,  15.00,  15.00,  15.00,  15.00,  15.00,  15.00,  15.00,  15.00,  15.00,  15.00,  15.00,  15.00,  15.00,  15.00,  15.00
PETALODELMAGDALENA1 , D,  0.00,  0.00,  0.00,  0.00,  0.00,  0.00,  0.00,  2.00,  4.00,  5.00,  5.00,  5.00,  8.00,  9.00,  9.00,  8.00,  5.00,  1.00,  0.00,  0.00,  0.00,  0.00,  0.00,  0.00
PETALODELMAGDALENA1 , INVD,  8.00,  8.00,  8.00,  8.00,  8.00,  8.00,  8.00,  8.00,  8.00,  8.00,  8.00,  8.00,  8.00,  8.00,  8.00,  8.00,  8.00,  8.00,  8.00,  8.00,  8.00,  8.00,  8.00,  8.00
CELSIASOLARLAVICTORIAI1 , D,  0.00,  0.00,  0.00,  0.00,  0.00,  0.00,  0.00,  2.00,  3.00,  6.00,  9.00,  10.00,  14.00,  17.00,  14.00,  7.00,  1.00,  1.00,  0.00,  0.00,  0.00,  0.00,  0.00,  0.00
CELSIASOLARLAVICTORIAI1 , INVD,  114.00,  114.00,  114.00,  114.00,  114.00,  114.00,  114.00,  114.00,  114.00,  114.00,  114.00,  114.00,  114.00,  114.00,  114.00,  114.00,  114.00,  114.00,  114.00,  114.00,  114.00,  114.00,  114.00,  114.00
CELSIASOLARLAVICTORIAII1 , D,  0.00,  0.00,  0.00,  0.00,  0.00,  0.00,  0.00,  2.00,  3.00,  6.00,  9.00,  10.00,  14.00,  18.00,  17.00,  7.00,  1.00,  1.00,  0.00,  0.00,  0.00,  0.00,  0.00,  0.00
CELSIASOLARLAVICTORIAII1 , INVD,  114.00,  114.00,  114.00,  114.00,  114.00,  114.00,  114.00,  114.00,  114.00,  114.00,  114.00,  114.00,  114.00,  114.00,  114.00,  114.00,  114.00,  114.00,  114.00,  114.00,  114.00,  114.00,  114.00,  114.00
CELSIASOLARBUGALAGRANDE1 , D,  0.00,  0.00,  0.00,  0.00,  0.00,  0.00,  0.00,  1.00,  2.00,  4.00,  7.00,  7.00,  8.00,  7.00,  6.00,  2.00,  2.00,  1.00,  0.00,  0.00,  0.00,  0.00,  0.00,  0.00
CELSIASOLARBUGALAGRANDE1 , INVD,  50.00,  50.00,  50.00,  50.00,  50.00,  50.00,  50.00,  50.00,  50.00,  50.00,  50.00,  50.00,  50.00,  50.00,  50.00,  50.00,  50.00,  50.00,  50.00,  50.00,  50.00,  50.00,  50.00,  50.00
GDBASILICA1 , D,  0.00,  0.00,  0.00,  0.00,  0.00,  0.00,  0.01,  0.13,  0.22,  0.40,  0.45,  0.46,  0.50,  0.58,  0.55,  0.29,  0.05,  0.07,  0.00,  0.00,  0.00,  0.00,  0.00,  0.00
GDBASILICA1 , INVD,  5.00,  5.00,  5.00,  5.00,  5.00,  5.00,  5.00,  5.00,  5.00,  5.00,  5.00,  5.00,  5.00,  5.00,  5.00,  5.00,  5.00,  5.00,  5.00,  5.00,  5.00,  5.00,  5.00,  5.00
GDALFEREZ1 , D,  0.00,  0.00,  0.00,  0.00,  0.00,  0.00,  0.02,  0.03,  0.00,  0.00,  0.00,  0.00,  0.00,  0.00,  0.00,  0.29,  0.33,  0.07,  0.00,  0.00,  0.00,  0.00,  0.00,  0.00
GDALFEREZ1 , INVD,  3.00,  3.00,  3.00,  3.00,  3.00,  3.00,  3.00,  3.00,  3.00,  3.00,  3.00,  3.00,  3.00,  3.00,  3.00,  3.00,  3.00,  3.00,  3.00,  3.00,  3.00,  3.00,  3.00,  3.00
GDLAHONDA1 , D,  0.00,  0.00,  0.00,  0.00,  0.00,  0.00,  0.01,  0.16,  0.36,  0.52,  0.58,  0.65,  0.90,  0.93,  0.71,  0.72,  0.26,  0.05,  0.00,  0.00,  0.00,  0.00,  0.00,  0.00
GDLAHONDA1 , INVD,  5.00,  5.00,  5.00,  5.00,  5.00,  5.00,  5.00,  5.00,  5.00,  5.00,  5.00,  5.00,  5.00,  5.00,  5.00,  5.00,  5.00,  5.00,  5.00,  5.00,  5.00,  5.00,  5.00,  5.00
GDLAURIBE1 , D,  0.00,  0.00,  0.00,  0.00,  0.00,  0.00,  0.04,  0.17,  0.44,  0.59,  0.45,  0.60,  0.60,  0.60,  0.60,  0.59,  0.33,  0.08,  0.00,  0.00,  0.00,  0.00,  0.00,  0.00
GDLAURIBE1 , INVD,  3.00,  3.00,  3.00,  3.00,  3.00,  3.00,  3.00,  3.00,  3.00,  3.00,  3.00,  3.00,  3.00,  3.00,  3.00,  3.00,  3.00,  3.00,  3.00,  3.00,  3.00,  3.00,  3.00,  3.00
GDCHIMBI1 , D,  0.00,  0.00,  0.00,  0.00,  0.00,  0.00,  0.02,  0.14,  0.18,  0.49,  0.47,  0.60,  0.60,  0.58,  0.45,  0.23,  0.18,  0.05,  0.00,  0.00,  0.00,  0.00,  0.00,  0.00
GDCHIMBI1 , INVD,  5.00,  5.00,  5.00,  5.00,  5.00,  5.00,  5.00,  5.00,  5.00,  5.00,  5.00,  5.00,  5.00,  5.00,  5.00,  5.00,  5.00,  5.00,  5.00,  5.00,  5.00,  5.00,  5.00,  5.00
GDELBANCO1 , D,  0.00,  0.00,  0.00,  0.00,  0.00,  0.00,  0.03,  0.22,  0.42,  0.48,  0.92,  0.96,  0.84,  0.91,  0.81,  0.59,  0.34,  0.07,  0.00,  0.00,  0.00,  0.00,  0.00,  0.00
GDELBANCO1 , INVD,  5.00,  5.00,  5.00,  5.00,  5.00,  5.00,  5.00,  5.00,  5.00,  5.00,  5.00,  5.00,  5.00,  5.00,  5.00,  5.00,  5.00,  5.00,  5.00,  5.00,  5.00,  5.00,  5.00,  5.00
GDLOSCHORROS1 , D,  0.00,  0.00,  0.00,  0.00,  0.00,  0.00,  0.03,  0.11,  0.21,  0.39,  0.30,  0.00,  0.27,  0.57,  0.50,  0.36,  0.19,  0.04,  0.00,  0.00,  0.00,  0.00,  0.00,  0.00
GDLOSCHORROS1 , INVD,  3.00,  3.00,  3.00,  3.00,  3.00,  3.00,  3.00,  3.00,  3.00,  3.00,  3.00,  3.00,  3.00,  3.00,  3.00,  3.00,  3.00,  3.00,  3.00,  3.00,  3.00,  3.00,  3.00,  3.00
GDCHICORAL1 , D,  0.00,  0.00,  0.00,  0.00,  0.00,  0.00,  0.01,  0.08,  0.24,  0.36,  0.51,  0.48,  0.62,  0.61,  0.39,  0.13,  0.03,  0.02,  0.00,  0.00,  0.00,  0.00,  0.00,  0.00
GDCHICORAL1 , INVD,  5.00,  5.00,  5.00,  5.00,  5.00,  5.00,  5.00,  5.00,  5.00,  5.00,  5.00,  5.00,  5.00,  5.00,  5.00,  5.00,  5.00,  5.00,  5.00,  5.00,  5.00,  5.00,  5.00,  5.00
GDPALERMO1 , D,  0.00,  0.00,  0.00,  0.00,  0.00,  0.00,  0.04,  0.17,  0.26,  0.62,  0.33,  0.00,  0.35,  0.67,  0.71,  0.59,  0.33,  0.08,  0.00,  0.00,  0.00,  0.00,  0.00,  0.00
GDPALERMO1 , INVD,  5.00,  5.00,  5.00,  5.00,  5.00,  5.00,  5.00,  5.00,  5.00,  5.00,  5.00,  5.00,  5.00,  5.00,  5.00,  5.00,  5.00,  5.00,  5.00,  5.00,  5.00,  5.00,  5.00,  5.00
CELSIASOLARALUMINA1 , D,  0.00,  0.00,  0.00,  0.00,  0.00,  0.00,  0.00,  0.00,  0.00,  0.00,  0.10,  0.04,  0.06,  0.26,  0.26,  0.01,  0.00,  0.00,  0.00,  0.00,  0.00,  0.00,  0.00,  0.00
CELSIASOLARALUMINA1 , INVD,  34.00,  34.00,  34.00,  34.00,  34.00,  34.00,  34.00,  34.00,  34.00,  34.00,  34.00,  34.00,  34.00,  34.00,  34.00,  34.00,  34.00,  34.00,  34.00,  34.00,  34.00,  34.00,  34.00,  34.00
CELSIASOLARPUERTOTEJADA1 , D,  0.00,  0.00,  0.00,  0.00,  0.00,  0.00,  0.00,  1.00,  3.00,  13.00,  15.00,  18.00,  17.00,  17.00,  6.00,  7.00,  3.00,  0.00,  0.00,  0.00,  0.00,  0.00,  0.00,  0.00
CELSIASOLARPUERTOTEJADA1 , INVD,  107.00,  107.00,  107.00,  107.00,  107.00,  107.00,  107.00,  107.00,  107.00,  107.00,  107.00,  107.00,  107.00,  107.00,  107.00,  107.00,  107.00,  107.00,  107.00,  107.00,  107.00,  107.00,  107.00,  107.00
AUTOGSOLARPALMIRAIIBERRY1 , D,  0.00,  0.00,  0.00,  0.00,  0.00,  0.00,  0.00,  2.00,  4.00,  4.00,  4.00,  4.00,  4.00,  4.00,  4.00,  4.00,  2.00,  0.00,  0.00,  0.00,  0.00,  0.00,  0.00,  0.00
AUTOGSOLARPALMIRAIIBERRY1 , INVD,  49.00,  49.00,  49.00,  49.00,  49.00,  49.00,  49.00,  49.00,  49.00,  49.00,  49.00,  49.00,  49.00,  49.00,  49.00,  49.00,  49.00,  49.00,  49.00,  49.00,  49.00,  49.00,  49.00,  49.00
AUTOGCELSIASOLARTQJAMUNDI1 , D,  0.00,  0.00,  0.00,  0.00,  0.00,  0.00,  0.00,  0.00,  0.00,  0.00,  0.00,  0.00,  0.00,  0.00,  0.00,  0.00,  0.00,  0.00,  0.00,  0.00,  0.00,  0.00,  0.00,  0.00
AUTOGCELSIASOLARTQJAMUNDI1 , INVD,  17.00,  17.00,  17.00,  17.00,  17.00,  17.00,  17.00,  17.00,  17.00,  17.00,  17.00,  17.00,  17.00,  17.00,  17.00,  17.00,  17.00,  17.00,  17.00,  17.00,  17.00,  17.00,  17.00,  17.00
GDBOCASDELPALO1 , D,  0.00,  0.00,  0.00,  0.00,  0.00,  0.00,  0.00,  0.10,  0.10,  0.10,  0.10,  0.10,  0.10,  0.10,  0.10,  0.10,  0.00,  0.00,  0.00,  0.00,  0.00,  0.00,  0.00,  0.00
GDBOCASDELPALO1 , INVD,  1.00,  1.00,  1.00,  1.00,  1.00,  1.00,  1.00,  1.00,  1.00,  1.00,  1.00,  1.00,  1.00,  1.00,  1.00,  1.00,  1.00,  1.00,  1.00,  1.00,  1.00,  1.00,  1.00,  1.00
PRADO4 , D,  0.00,  0.00,  0.00,  0.00,  0.00,  0.00,  0.00,  0.00,  0.00,  0.00,  0.00,  0.00,  0.00,  0.00,  0.00,  0.00,  0.00,  0.00,  0.00,  0.00,  0.00,  0.00,  0.00,  0.00
RIOCALI1 , D,  0.00,  0.00,  0.00,  0.00,  0.00,  0.00,  0.00,  0.00,  0.00,  0.00,  0.00,  0.00,  0.00,  0.00,  0.00,  0.00,  0.00,  0.00,  0.00,  0.00,  0.00,  0.00,  0.00,  0.00
RIOCALI2 , D,  0.00,  0.00,  0.00,  0.00,  0.00,  0.00,  0.00,  0.00,  0.00,  0.00,  0.00,  0.00,  0.00,  0.00,  0.00,  0.00,  0.00,  0.00,  0.00,  0.00,  0.00,  0.00,  0.00,  0.00
BAJOTULUA1 , D,  9.00,  9.00,  8.00,  8.00,  8.00,  8.00,  8.00,  9.00,  9.00,  9.00,  9.00,  9.00,  6.00,  2.00,  9.00,  9.00,  9.00,  9.00,  9.00,  9.00,  9.00,  8.00,  0.00,  0.00
BAJOTULUA2 , D,  9.00,  9.00,  8.00,  8.00,  8.00,  8.00,  8.00,  9.00,  9.00,  9.00,  9.00,  9.00,  6.00,  2.00,  9.00,  9.00,  9.00,  9.00,  9.00,  9.00,  9.00,  8.00,  0.00,  0.00
ALTOTULUA1 , D,  0.00,  0.00,  0.00,  0.00,  0.00,  0.00,  0.00,  0.00,  0.00,  0.00,  0.00,  0.00,  0.00,  0.00,  0.00,  0.00,  0.00,  0.00,  0.00,  0.00,  0.00,  0.00,  0.00,  0.00
ALTOTULUA2 , D,  5.00,  5.00,  5.00,  5.00,  5.00,  5.00,  5.00,  5.00,  5.00,  5.00,  5.00,  5.00,  5.00,  5.00,  5.00,  5.00,  5.00,  5.00,  5.00,  5.00,  5.00,  5.00,  5.00,  5.00
HIDROMONTAÑITAS1 , D,  6.00,  6.00,  6.00,  5.00,  5.00,  5.00,  5.00,  5.00,  5.00,  5.00,  5.00,  5.00,  5.00,  5.00,  5.00,  5.00,  5.00,  5.00,  6.00,  4.00,  0.00,  0.00,  0.00,  0.00
HIDROMONTAÑITAS2 , D,  6.00,  6.00,  6.00,  5.00,  5.00,  5.00,  5.00,  5.00,  5.00,  5.00,  5.00,  5.00,  5.00,  5.00,  5.00,  5.00,  5.00,  5.00,  6.00,  4.00,  0.00,  0.00,  0.00,  0.00
RIOPIEDRAS1 , D,  9.00,  9.00,  9.00,  9.00,  9.00,  9.00,  9.00,  9.00,  9.00,  9.00,  9.00,  9.00,  9.00,  9.00,  9.00,  9.00,  9.00,  9.00,  9.00,  9.00,  9.00,  9.00,  9.00,  9.00
RIOPIEDRAS2 , D,  9.00,  9.00,  9.00,  9.00,  9.00,  9.00,  9.00,  9.00,  9.00,  9.00,  9.00,  9.00,  9.00,  9.00,  9.00,  9.00,  9.00,  9.00,  9.00,  9.00,  9.00,  9.00,  9.00,  9.00
AMAIME1 , D,  13.00,  13.00,  13.00,  13.00,  13.00,  13.00,  13.00,  13.00,  13.00,  13.00,  13.00,  13.00,  13.00,  13.00,  14.00,  14.00,  14.00,  14.00,  6.00,  0.00,  0.00,  0.00,  0.00,  0.00
NIMA1 , D,  5.00,  5.00,  5.00,  5.00,  5.00,  5.00,  5.00,  5.00,  5.00,  5.00,  5.00,  5.00,  5.00,  6.00,  6.00,  6.00,  6.00,  6.00,  6.00,  6.00,  6.00,  6.00,  6.00,  6.00
SANANDRESDECUERQUIA1 , D,  9.00,  9.00,  9.00,  9.00,  9.00,  9.00,  9.00,  9.00,  9.00,  9.00,  9.00,  9.00,  8.00,  8.00,  8.00,  8.00,  8.00,  8.00,  8.00,  8.00,  9.00,  9.00,  9.00,  9.00
SANANDRESDECUERQUIA2 , D,  9.00,  9.00,  9.00,  9.00,  9.00,  9.00,  9.00,  9.00,  9.00,  9.00,  9.00,  9.00,  8.00,  8.00,  8.00,  8.00,  8.00,  8.00,  8.00,  8.00,  9.00,  9.00,  9.00,  9.00
MAYAGUEZ1 , D,  14.00,  13.00,  15.00,  14.00,  14.00,  14.00,  14.00,  15.00,  18.00,  16.00,  15.00,  14.00,  13.00,  12.00,  15.00,  14.00,  14.00,  15.00,  13.00,  13.00,  18.00,  16.00,  16.00,  16.00
INGENIOSANCARLOS1 , D,  1.00,  0.00,  0.00,  0.00,  0.00,  0.00,  2.00,  1.00,  1.00,  0.00,  1.00,  1.00,  0.00,  1.00,  0.00,  0.00,  0.00,  1.00,  1.00,  1.00,  1.00,  1.00,  1.00,  1.00
ARGOSCARTAGENA1 , D,  0.00,  0.00,  0.00,  0.00,  0.00,  0.00,  0.00,  0.00,  0.00,  0.00,  0.00,  0.00,  0.00,  0.00,  0.00,  0.00,  0.00,  0.00,  0.00,  0.00,  0.00,  0.00,  0.00,  0.00
AUTOGARGOSYUMBO1 , D,  0.00,  0.00,  0.00,  0.00,  0.00,  0.00,  0.00,  0.00,  0.00,  0.00,  0.00,  0.00,  0.00,  0.00,  4.00,  6.00,  6.00,  6.00,  6.00,  6.00,  6.00,  6.00,  6.00,  6.00


AGENTE: CEMEX ENERGY
SUEVA21 , D,  1.20,  1.20,  1.20,  1.20,  1.20,  1.20,  1.20,  1.20,  1.20,  1.20,  1.20,  1.20,  1.20,  1.20,  1.20,  1.20,  1.20,  1.20,  1.20,  1.20,  1.20,  1.20,  1.20,  6.00


AGENTE: CES
PAIPA4 , P,  274265
PAIPA4 , PAPT01, 35645230
PAIPA4 , PAPC01, 28953888
PAIPA4 , PAPF01, 89599413
PAIPA4 , PAPUSDT01, 8502
PAIPA4 , PAPUSDF01, 21371
PAIPA4 , PAPUSDC01, 6906
PAIPA4 , D,  165,  165,  165,  165,  165,  165,  165,  165,  165,  165,  165,  165,  165,  165,  165,  165,  165,  165,  165,  165,  165,  165,  165,  165
PAIPA4 , CONF,  1
PAIPA4 , C,  CARBON


AGENTE: CETSA(TULUA)
RIOFRIOII1 , D,  2.00,  2.00,  2.00,  2.00,  2.00,  2.00,  2.00,  2.00,  2.00,  2.00,  2.00,  2.00,  2.00,  2.00,  2.00,  2.00,  2.00,  2.00,  2.00,  2.00,  2.00,  2.00,  2.00,  2.00
RIOFRIOII2 , D,  5.00,  5.00,  5.00,  5.00,  5.00,  5.00,  5.00,  5.00,  5.00,  4.00,  4.00,  4.00,  4.00,  4.00,  4.00,  4.00,  4.00,  4.00,  4.00,  4.00,  4.00,  5.00,  5.00,  5.00
RUMOR1 , D,  1.00,  1.00,  1.00,  1.00,  1.00,  1.00,  1.00,  2.00,  2.00,  2.00,  1.00,  1.00,  1.00,  1.00,  1.00,  1.00,  1.00,  1.00,  1.00,  1.00,  1.00,  1.00,  1.00,  1.00
RIOFRIOI1 , D,  1.00,  1.00,  1.00,  1.00,  1.00,  1.00,  1.00,  1.00,  1.00,  1.00,  1.00,  1.00,  1.00,  1.00,  1.00,  1.00,  1.00,  1.00,  1.00,  1.00,  1.00,  1.00,  1.00,  1.00


AGENTE: CH TZ II
TZII1 , D,  6.50,  6.50,  6.50,  6.50,  6.50,  6.50,  6.50,  6.50,  6.50,  6.50,  6.50,  6.50,  6.50,  6.50,  6.50,  6.50,  6.50,  6.50,  6.50,  6.50,  6.50,  6.50,  6.50,  6.50
TZII2 , D,  3.30,  3.30,  3.30,  3.30,  3.30,  3.30,  3.30,  3.30,  3.30,  3.30,  3.30,  3.30,  3.30,  3.30,  3.30,  3.30,  3.30,  3.30,  3.30,  3.30,  3.30,  3.30,  3.50,  3.50


AGENTE: CHC S.A.S. E.S.P.
MAGALLO1 , D,  5.10,  5.10,  5.10,  5.10,  5.10,  5.10,  5.10,  5.10,  5.10,  5.10,  5.10,  5.10,  5.10,  5.10,  5.10,  5.10,  5.10,  5.10,  5.10,  5.10,  5.10,  5.10,  5.10,  5.10


AGENTE: CHZ S.A.S. E.S.P. 
ZEUS1 , D,  3.15,  3.15,  3.15,  3.15,  3.15,  3.15,  3.15,  3.15,  3.15,  3.15,  3.15,  3.15,  3.15,  3.15,  3.15,  3.15,  3.15,  3.15,  3.15,  3.15,  3.15,  3.15,  3.15,  3.15
ZEUS2 , D,  3.15,  3.15,  3.15,  3.15,  3.15,  3.15,  3.15,  3.15,  3.15,  3.15,  3.15,  3.15,  3.15,  3.15,  3.15,  3.15,  3.15,  3.15,  3.15,  3.15,  3.15,  3.15,  3.15,  3.15


AGENTE: CINERGIC SAS ESP
REMEDIOS1 , D,  0.65,  0.65,  0.65,  0.66,  0.66,  0.66,  0.66,  0.65,  0.65,  0.65,  0.65,  0.66,  0.66,  0.66,  0.66,  0.66,  0.66,  0.66,  0.66,  0.66,  0.66,  0.66,  0.66,  0.65


AGENTE: COMERCIALIZADORA 4G
AUTOGUNIBOL1 , D,  0.00,  0.00,  0.00,  0.00,  0.00,  0.00,  0.00,  0.00,  0.00,  0.00,  0.00,  0.00,  0.00,  0.00,  0.00,  0.00,  0.00,  0.00,  0.00,  0.00,  0.00,  0.00,  0.00,  0.00
AUTOGCORPACERO1 , D,  0.00,  0.00,  0.00,  0.00,  0.00,  0.00,  0.00,  0.00,  0.00,  0.00,  0.00,  0.00,  0.00,  0.00,  0.00,  0.00,  0.00,  0.00,  0.00,  0.00,  0.00,  0.00,  0.00,  0.00


AGENTE: DEPI ENERGY
AUTOGINGENIOCARMELITA1 , D,  0.50,  0.50,  0.50,  0.50,  0.50,  0.50,  0.50,  0.50,  0.50,  0.50,  0.50,  0.50,  0.50,  0.50,  0.50,  0.50,  0.50,  0.50,  0.50,  0.50,  0.50,  0.50,  0.50,  0.50
AUTOGCOSTAYACO1 , D,  1.00,  1.00,  1.00,  1.00,  1.00,  1.00,  1.00,  1.00,  1.00,  1.00,  1.00,  1.00,  1.00,  1.00,  1.00,  1.00,  1.00,  1.00,  1.00,  1.00,  1.00,  1.00,  1.00,  1.00
AUTOGCOCA-COLAFEMSA1 , D,  0.40,  0.40,  0.40,  0.40,  0.40,  0.40,  0.40,  0.40,  0.40,  0.40,  0.40,  0.40,  0.40,  0.40,  0.40,  0.40,  0.40,  0.40,  0.40,  0.40,  0.40,  0.40,  0.40,  0.40
AUTOGINGENIOMARIALUISA1 , D,  0.20,  0.20,  0.20,  0.20,  0.20,  0.20,  0.20,  0.20,  0.20,  0.20,  0.20,  0.20,  0.20,  0.20,  0.20,  0.20,  0.20,  0.20,  0.20,  0.20,  0.20,  0.20,  0.20,  0.20


AGENTE: DRUMMOND
POWERPLANTDRUMMOND1 , D,  5.00,  5.00,  5.00,  5.00,  5.00,  5.00,  5.00,  5.00,  5.00,  5.00,  5.00,  5.00,  5.00,  5.00,  5.00,  5.00,  5.00,  5.00,  5.00,  5.00,  5.00,  5.00,  5.00,  5.00


AGENTE: EBSA  (BOYACA)
HELIOSI1 , D,  0.00,  0.00,  0.00,  0.00,  0.00,  0.04,  0.30,  1.50,  2.60,  5.80,  5.80,  6.50,  4.50,  6.80,  7.80,  3.00,  0.40,  0.00,  0.00,  0.00,  0.00,  0.00,  0.00,  0.00
HELIOSI1 , INVD,  91.00,  91.00,  91.00,  91.00,  91.00,  91.00,  91.00,  91.00,  91.00,  91.00,  91.00,  91.00,  91.00,  91.00,  91.00,  91.00,  91.00,  91.00,  91.00,  91.00,  91.00,  91.00,  91.00,  91.00


AGENTE: EEP
GRANJASOLARBELMONTE1 , D,  0.00,  0.00,  0.00,  0.00,  0.00,  0.00,  0.07,  0.51,  0.94,  1.66,  2.26,  2.41,  2.51,  2.23,  1.71,  0.79,  0.43,  0.09,  0.00,  0.00,  0.00,  0.00,  0.00,  0.00
GRANJASOLARBELMONTE1 , INVD,  37.00,  37.00,  37.00,  37.00,  37.00,  37.00,  37.00,  37.00,  37.00,  37.00,  37.00,  37.00,  37.00,  37.00,  37.00,  37.00,  37.00,  37.00,  37.00,  37.00,  37.00,  37.00,  37.00,  37.00
BELMONTE1 , D,  3.00,  3.00,  3.00,  3.00,  3.00,  3.00,  3.00,  3.00,  3.00,  3.00,  3.00,  3.00,  3.00,  3.00,  3.00,  3.00,  3.00,  3.00,  3.00,  3.00,  3.00,  3.00,  3.00,  3.00
NUEVOLIBARE1 , D,  3.00,  3.00,  3.00,  3.00,  3.00,  3.00,  3.00,  3.00,  3.00,  3.00,  3.00,  3.00,  3.00,  3.00,  3.00,  3.00,  3.00,  3.00,  3.00,  3.00,  3.00,  3.00,  3.00,  3.00
COGENERADORMANUELITA2 , D,  6.80,  6.80,  6.80,  6.80,  6.80,  6.80,  6.80,  6.80,  6.80,  6.80,  6.80,  6.80,  6.80,  6.80,  6.80,  6.80,  6.80,  6.80,  6.80,  6.80,  6.80,  6.80,  6.80,  6.80


AGENTE: EGECOL S.A. E.S.P.
PCHLALIBERTAD1 , D,  0.21,  0.21,  0.21,  0.21,  0.21,  0.21,  0.21,  0.21,  0.21,  0.21,  0.21,  0.21,  0.21,  0.21,  0.21,  0.21,  0.21,  0.21,  0.21,  0.21,  0.21,  0.21,  0.21,  0.21


AGENTE: ELECTROHUILA
IQUIRAI1 , D,  0.00,  0.00,  0.00,  0.00,  0.00,  0.00,  0.00,  0.00,  0.00,  0.00,  0.00,  0.00,  0.00,  0.00,  0.00,  0.00,  0.00,  0.00,  0.00,  0.00,  0.00,  0.00,  0.00,  0.00
IQUIRAII1 , D,  0.00,  0.00,  0.00,  0.00,  0.00,  0.00,  0.00,  0.00,  0.00,  0.00,  0.00,  0.00,  0.00,  0.00,  0.00,  0.00,  0.00,  0.00,  0.00,  0.00,  0.00,  0.00,  0.00,  0.00
LAPITA1 , D,  0.00,  0.00,  0.00,  0.00,  0.00,  0.00,  0.00,  0.00,  0.00,  0.00,  0.00,  0.00,  0.00,  0.00,  0.00,  0.00,  0.00,  0.00,  0.00,  0.00,  0.00,  0.00,  0.00,  0.00


AGENTE: ELEFI SAS ESP
GDDIOCESISDERIOHACHA1 , D,  0.00,  0.00,  0.00,  0.00,  0.00,  0.00,  0.00,  0.01,  0.03,  0.06,  0.07,  0.09,  0.11,  0.10,  0.08,  0.07,  0.03,  0.01,  0.00,  0.00,  0.00,  0.00,  0.00,  0.00
GDDIOCESISDERIOHACHA1 , INVD,  2.00,  2.00,  2.00,  2.00,  2.00,  2.00,  2.00,  2.00,  2.00,  2.00,  2.00,  2.00,  2.00,  2.00,  2.00,  2.00,  2.00,  2.00,  2.00,  2.00,  2.00,  2.00,  2.00,  2.00


AGENTE: EMCA
BAYONA1 , D,  0.00,  0.00,  0.00,  0.00,  0.00,  0.00,  0.00,  0.00,  0.00,  0.00,  0.00,  0.00,  0.00,  0.00,  0.00,  0.00,  0.00,  0.00,  0.00,  0.00,  0.00,  0.00,  0.00,  0.00
CAMPESTRE(CALARCA)1 , D,  0.00,  0.00,  0.00,  0.00,  0.00,  0.00,  0.00,  0.00,  0.00,  0.00,  0.00,  0.00,  0.00,  0.00,  0.00,  0.00,  0.00,  0.00,  0.00,  0.00,  0.00,  0.00,  0.00,  0.00
UNION1 , D,  0.60,  0.60,  0.60,  0.60,  0.60,  0.60,  0.60,  0.60,  0.60,  0.60,  0.60,  0.60,  0.60,  0.60,  0.60,  0.60,  0.60,  0.60,  0.60,  0.60,  0.60,  0.60,  0.60,  0.00


AGENTE: EMEE(POPAYAN)
COCONUCO1 , D,  2.80,  2.80,  2.80,  2.80,  2.80,  2.80,  2.60,  2.60,  2.60,  2.60,  2.70,  2.70,  2.70,  2.70,  2.40,  2.40,  2.40,  2.40,  2.70,  2.80,  2.70,  2.70,  2.70,  2.70


AGENTE: EMSA(META)
AUTOGYAGUARITO , D,  0.00,  0.00,  0.00,  0.00,  0.00,  0.00,  0.00,  0.00,  0.00,  0.00,  0.00,  0.00,  0.00,  0.00,  0.00,  0.00,  0.00,  0.00,  0.00,  0.00,  0.00,  0.00,  0.00,  0.00


AGENTE: ENEL
BETANIA , P,  120000
BETANIA1 , D,  162,  162,  162,  162,  162,  162,  162,  162,  162,  162,  162,  162,  162,  162,  162,  162,  162,  162,  162,  162,  162,  162,  162,  162
BETANIA2 , D,  162,  162,  162,  162,  162,  162,  162,  162,  162,  162,  162,  162,  162,  162,  162,  162,  162,  162,  162,  162,  162,  162,  162,  162
BETANIA3 , D,  162,  162,  162,  162,  162,  162,  162,  162,  162,  162,  162,  162,  162,  162,  162,  162,  162,  162,  162,  162,  162,  162,  162,  162
BETANIA , MO,  60,  60,  60,  60,  60,  60,  60,  60,  60,  60,  60,  60,  60,  60,  60,  60,  60,  60,  60,  60,  60,  60,  60,  60
GUAVIO , P,  155000
GUAVIO1 , D,  236,  236,  236,  236,  236,  236,  236,  236,  236,  236,  236,  236,  236,  236,  236,  236,  236,  236,  236,  236,  236,  236,  236,  236
GUAVIO2 , D,  0,  0,  0,  0,  0,  0,  0,  0,  0,  0,  0,  0,  0,  0,  0,  0,  0,  0,  0,  0,  0,  0,  0,  0
GUAVIO3 , D,  236,  236,  236,  236,  236,  236,  236,  236,  236,  236,  236,  236,  236,  236,  236,  236,  236,  236,  236,  236,  236,  236,  236,  236
GUAVIO4 , D,  236,  236,  236,  236,  236,  236,  236,  236,  236,  236,  236,  236,  236,  236,  236,  236,  236,  236,  236,  236,  236,  236,  236,  236
GUAVIO5 , D,  236,  236,  236,  236,  236,  236,  236,  236,  236,  236,  236,  236,  236,  236,  236,  236,  236,  236,  236,  236,  236,  236,  236,  236
GUAVIO , AGCP,  0,  0,  0,  0,  0,  0,  0,  0,  0,  0,  0,  0,  0,  0,  0,  0,  0,  0,  0,  0,  0,  0,  0,  0
GUAVIO1 , AGCU,  176,  176,  176,  176,  176,  176,  176,  176,  176,  176,  176,  176,  176,  176,  176,  176,  176,  176,  176,  176,  176,  176,  176,  176
GUAVIO2 , AGCU,  0,  0,  0,  0,  0,  0,  0,  0,  0,  0,  0,  0,  0,  0,  0,  0,  0,  0,  0,  0,  0,  0,  0,  0
GUAVIO3 , AGCU,  176,  176,  176,  176,  176,  176,  176,  176,  176,  176,  176,  176,  176,  176,  176,  176,  176,  176,  176,  176,  176,  176,  176,  176
GUAVIO4 , AGCU,  176,  176,  176,  176,  176,  176,  176,  176,  176,  176,  176,  176,  176,  176,  176,  176,  176,  176,  176,  176,  176,  176,  176,  176
GUAVIO5 , AGCU,  176,  176,  176,  176,  176,  176,  176,  176,  176,  176,  176,  176,  176,  176,  176,  176,  176,  176,  176,  176,  176,  176,  176,  176
PAGUA , P,  97238
LAGUACA1 , D,  108,  108,  108,  108,  108,  108,  108,  108,  108,  108,  108,  108,  108,  108,  108,  108,  108,  108,  108,  108,  108,  108,  108,  108
LAGUACA2 , D,  108,  108,  108,  108,  108,  108,  108,  108,  108,  108,  108,  108,  108,  108,  108,  108,  108,  108,  108,  108,  108,  108,  108,  108
LAGUACA3 , D,  108,  108,  108,  108,  108,  108,  108,  108,  108,  108,  108,  108,  108,  108,  108,  108,  108,  108,  108,  108,  108,  108,  108,  108
PARAISO1 , D,  92,  92,  92,  92,  92,  92,  92,  92,  92,  92,  92,  92,  92,  92,  92,  92,  92,  92,  92,  92,  92,  92,  92,  92
PARAISO2 , D,  92,  92,  92,  92,  92,  92,  92,  92,  92,  92,  92,  92,  92,  92,  92,  92,  92,  92,  92,  92,  92,  92,  92,  92
PARAISO3 , D,  92,  92,  92,  92,  92,  92,  92,  92,  92,  92,  92,  92,  92,  92,  92,  92,  92,  92,  92,  92,  92,  92,  92,  92
PAGUA , AGCP,  378,  378,  378,  378,  378,  378,  378,  378,  378,  378,  378,  378,  378,  378,  378,  378,  378,  378,  0,  0,  0,  378,  378,  378
LAGUACA1 , AGCU,  68,  68,  68,  68,  68,  68,  68,  68,  68,  68,  68,  68,  68,  68,  68,  68,  68,  68,  68,  68,  68,  68,  68,  68
LAGUACA2 , AGCU,  68,  68,  68,  68,  68,  68,  68,  68,  68,  68,  68,  68,  68,  68,  68,  68,  68,  68,  68,  68,  68,  68,  68,  68
LAGUACA3 , AGCU,  68,  68,  68,  68,  68,  68,  68,  68,  68,  68,  68,  68,  68,  68,  68,  68,  68,  68,  68,  68,  68,  68,  68,  68
PARAISO1 , AGCU,  58,  58,  58,  58,  58,  58,  58,  58,  58,  58,  58,  58,  58,  58,  58,  58,  58,  58,  58,  58,  58,  58,  58,  58
PARAISO2 , AGCU,  58,  58,  58,  58,  58,  58,  58,  58,  58,  58,  58,  58,  58,  58,  58,  58,  58,  58,  58,  58,  58,  58,  58,  58
PARAISO3 , AGCU,  58,  58,  58,  58,  58,  58,  58,  58,  58,  58,  58,  58,  58,  58,  58,  58,  58,  58,  58,  58,  58,  58,  58,  58
ELQUIMBO , P,  97238
ELQUIMBO1 , D,  0,  0,  0,  0,  0,  0,  0,  0,  0,  0,  0,  0,  0,  0,  0,  0,  0,  0,  0,  0,  0,  0,  0,  0
ELQUIMBO2 , D,  187,  187,  187,  187,  187,  187,  187,  187,  187,  187,  187,  187,  187,  187,  187,  187,  187,  187,  187,  187,  187,  187,  187,  187
ELQUIMBO , AGCP,  89,  89,  89,  89,  89,  89,  89,  89,  89,  89,  89,  89,  89,  89,  89,  89,  89,  89,  89,  89,  89,  89,  89,  89
ELQUIMBO1 , AGCU,  0,  0,  0,  0,  0,  0,  0,  0,  0,  0,  0,  0,  0,  0,  0,  0,  0,  0,  0,  0,  0,  0,  0,  0
ELQUIMBO2 , AGCU,  89,  89,  89,  89,  89,  89,  89,  89,  89,  89,  89,  89,  89,  89,  89,  89,  89,  89,  89,  89,  89,  89,  89,  89
ELQUIMBO , MO,  86,  86,  86,  86,  86,  86,  86,  86,  86,  86,  86,  86,  86,  86,  86,  86,  86,  86,  86,  86,  86,  86,  86,  86
DARIOVALENCIASAMPER , P,  104000
DARIOVALENCIASAMPER1 , D,  50,  50,  50,  50,  50,  50,  50,  50,  50,  50,  50,  50,  50,  50,  50,  50,  50,  50,  50,  50,  50,  50,  50,  50
DARIOVALENCIASAMPER2 , D,  50,  50,  50,  50,  50,  50,  50,  50,  50,  50,  50,  50,  50,  50,  50,  50,  50,  50,  50,  50,  50,  50,  50,  50
DARIOVALENCIASAMPER5 , D,  0,  0,  0,  0,  0,  0,  0,  0,  0,  0,  0,  0,  0,  0,  0,  0,  0,  0,  0,  0,  0,  0,  0,  0
SALTOII , P,  105000
SALTOII2 , D,  35,  35,  35,  35,  35,  35,  35,  35,  35,  35,  35,  35,  35,  35,  35,  35,  35,  35,  35,  35,  35,  35,  35,  35
ELPASO , P,  94000
ELPASO1 , D,  0,  0,  0,  0,  0,  0,  7,  47,  65,  68,  68,  65,  62,  54,  51,  39,  22,  7,  0,  0,  0,  0,  0,  0
ELPASO1 , INVD,  56,  56,  56,  56,  56,  56,  56,  56,  56,  56,  56,  56,  56,  56,  56,  56,  56,  56,  56,  56,  56,  56,  56,  56
LATAMSOLARLALOMA , P,  94000
LATAMSOLARLALOMA1 , D,  0,  0,  0,  0,  0,  0,  8,  95,  130,  130,  130,  130,  126,  106,  76,  64,  56,  8,  0,  0,  0,  0,  0,  0
LATAMSOLARLALOMA1 , INVD,  144,  144,  144,  144,  144,  144,  144,  144,  144,  144,  144,  144,  144,  144,  144,  144,  144,  144,  144,  144,  144,  144,  144,  144
GUAYEPO , P,  94000
GUAYEPO1 , D,  0,  0,  0,  0,  0,  0,  32,  186,  294,  335,  349,  351,  345,  358,  311,  240,  158,  37,  0,  0,  0,  0,  0,  0
GUAYEPO1 , INVD,  130,  130,  130,  130,  130,  130,  130,  130,  130,  130,  130,  130,  130,  130,  130,  130,  130,  130,  130,  130,  130,  130,  130,  130
FUNDACION , P,  94000
FUNDACION1 , D,  0,  0,  0,  0,  0,  0,  7,  48,  86,  100,  100,  100,  96,  82,  83,  62,  53,  13,  0,  0,  0,  0,  0,  0
FUNDACION1 , INVD,  0,  0,  0,  0,  0,  562,  562,  562,  562,  562,  562,  562,  562,  562,  562,  562,  562,  562,  562,  562,  562,  0,  0,  0
ZIPAEMG2 , P,  371000
ZIPAEMG2 , PAPF01, 65391514
ZIPAEMG2 , PAPT01, 41611257
ZIPAEMG2 , PAPC01, 29339605
ZIPAEMG2 , PAPUSDC01, 6998
ZIPAEMG2 , PAPUSDT01, 9925
ZIPAEMG2 , PAPUSDF01, 15597
ZIPAEMG2 , D,  36,  36,  36,  36,  36,  36,  36,  36,  36,  36,  36,  36,  36,  36,  36,  36,  36,  36,  36,  36,  36,  36,  36,  36
ZIPAEMG2 , CONF,  1
ZIPAEMG2 , C,  CARBON
ZIPAEMG3 , P,  344000
ZIPAEMG3 , PAPT01, 62737617
ZIPAEMG3 , PAPF01, 99913136
ZIPAEMG3 , PAPC01, 44227421
ZIPAEMG3 , PAPUSDC01, 10549
ZIPAEMG3 , PAPUSDT01, 14964
ZIPAEMG3 , PAPUSDF01, 23831
ZIPAEMG3 , D,  0,  0,  0,  0,  0,  0,  0,  0,  0,  0,  0,  0,  0,  0,  0,  0,  0,  0,  0,  0,  0,  0,  0,  0
ZIPAEMG3 , CONF,  1
ZIPAEMG3 , C,  CARBON
ZIPAEMG4 , P,  357000
ZIPAEMG4 , PAPT01, 62737617
ZIPAEMG4 , PAPF01, 99913136
ZIPAEMG4 , PAPC01, 44227421
ZIPAEMG4 , PAPUSDC01, 10549
ZIPAEMG4 , PAPUSDT01, 14964
ZIPAEMG4 , PAPUSDF01, 23831
ZIPAEMG4 , D,  64,  64,  64,  64,  64,  64,  64,  64,  64,  64,  64,  64,  64,  64,  64,  64,  64,  64,  64,  64,  64,  64,  64,  64
ZIPAEMG4 , CONF,  1
ZIPAEMG4 , C,  CARBON
ZIPAEMG5 , P,  337000
ZIPAEMG5 , PAPF01, 99913136
ZIPAEMG5 , PAPT01, 62737617
ZIPAEMG5 , PAPC01, 44227421
ZIPAEMG5 , PAPUSDC01, 10549
ZIPAEMG5 , PAPUSDT01, 14964
ZIPAEMG5 , PAPUSDF01, 23831
ZIPAEMG5 , D,  63,  63,  63,  63,  63,  63,  63,  63,  63,  63,  63,  63,  63,  63,  63,  63,  63,  63,  63,  63,  63,  63,  63,  63
ZIPAEMG5 , CONF,  1
ZIPAEMG5 , C,  CARBON
AUTOGUNIMINAS1 , D,  0.00,  0.00,  0.00,  0.00,  0.00,  0.00,  0.00,  0.00,  0.10,  0.10,  0.30,  0.20,  0.20,  0.10,  0.10,  0.00,  0.00,  0.00,  0.00,  0.00,  0.00,  0.00,  0.00,  0.00
AUTOGUNIMINAS1 , INVD,  6.00,  6.00,  6.00,  6.00,  6.00,  6.00,  6.00,  6.00,  6.00,  6.00,  6.00,  6.00,  6.00,  6.00,  6.00,  6.00,  6.00,  6.00,  6.00,  6.00,  6.00,  6.00,  6.00,  6.00
AUTOGMILPASANCARLOS1 , D,  0.00,  0.00,  0.00,  0.00,  0.00,  0.00,  0.00,  0.10,  0.40,  0.30,  0.30,  0.30,  0.20,  0.40,  0.30,  0.30,  0.20,  0.00,  0.00,  0.00,  0.00,  0.00,  0.00,  0.00
AUTOGMILPASANCARLOS1 , INVD,  6.00,  6.00,  6.00,  6.00,  6.00,  6.00,  6.00,  6.00,  6.00,  6.00,  6.00,  6.00,  6.00,  6.00,  6.00,  6.00,  6.00,  6.00,  6.00,  6.00,  6.00,  6.00,  6.00,  6.00
CHARQUITO1 , D,  19.00,  19.00,  19.00,  19.00,  19.00,  19.00,  19.00,  19.00,  19.00,  19.00,  19.00,  19.00,  19.00,  19.00,  19.00,  19.00,  19.00,  19.00,  19.00,  19.00,  19.00,  19.00,  19.00,  19.00
ELLIMONAR1 , D,  18.00,  18.00,  18.00,  18.00,  18.00,  18.00,  18.00,  18.00,  18.00,  18.00,  18.00,  18.00,  18.00,  18.00,  18.00,  18.00,  18.00,  18.00,  18.00,  18.00,  18.00,  18.00,  18.00,  18.00
GUAVIOMENOR1 , D,  5.00,  5.00,  5.00,  5.00,  5.00,  5.00,  5.00,  5.00,  5.00,  5.00,  5.00,  5.00,  5.00,  5.00,  5.00,  5.00,  5.00,  5.00,  5.00,  5.00,  5.00,  5.00,  5.00,  5.00
LAGUNETA1 , D,  18.00,  18.00,  18.00,  18.00,  18.00,  18.00,  18.00,  18.00,  18.00,  18.00,  18.00,  18.00,  18.00,  18.00,  18.00,  18.00,  18.00,  18.00,  18.00,  18.00,  18.00,  18.00,  18.00,  18.00
SANTAANA1 , D,  0.00,  0.00,  0.00,  0.00,  0.00,  0.00,  0.00,  0.00,  0.00,  0.00,  0.00,  0.00,  0.00,  0.00,  0.00,  0.00,  0.00,  0.00,  0.00,  0.00,  0.00,  0.00,  0.00,  0.00
SUBA1 , D,  0.50,  0.50,  0.50,  0.50,  0.50,  0.50,  0.50,  0.50,  0.50,  0.50,  0.50,  0.50,  0.50,  0.50,  0.50,  0.50,  0.50,  0.50,  0.50,  0.50,  0.50,  0.50,  0.50,  0.50
USAQUEN1 , D,  0.90,  0.90,  0.90,  0.90,  0.90,  0.90,  0.90,  0.90,  0.90,  0.90,  0.90,  0.90,  0.90,  0.90,  0.90,  0.90,  0.90,  0.90,  0.90,  0.90,  0.90,  0.90,  0.90,  0.90
TEQUENDAMA11 , D,  14.00,  14.00,  14.00,  14.00,  14.00,  14.00,  14.00,  14.00,  14.00,  14.00,  14.00,  14.00,  14.00,  14.00,  14.00,  14.00,  14.00,  14.00,  14.00,  14.00,  14.00,  14.00,  14.00,  14.00
TEQUENDAMA21 , D,  11.00,  11.00,  11.00,  11.00,  11.00,  11.00,  11.00,  11.00,  11.00,  11.00,  11.00,  11.00,  11.00,  11.00,  11.00,  11.00,  11.00,  11.00,  11.00,  11.00,  11.00,  11.00,  11.00,  11.00
TEQUENDAMA31 , D,  14.00,  14.00,  14.00,  14.00,  14.00,  14.00,  14.00,  14.00,  14.00,  14.00,  14.00,  14.00,  14.00,  14.00,  14.00,  14.00,  14.00,  14.00,  14.00,  14.00,  14.00,  14.00,  14.00,  14.00
TEQUENDAMA41 , D,  14.00,  14.00,  14.00,  14.00,  14.00,  14.00,  14.00,  14.00,  14.00,  14.00,  14.00,  14.00,  14.00,  14.00,  14.00,  14.00,  14.00,  14.00,  14.00,  14.00,  14.00,  14.00,  14.00,  14.00


AGENTE: ENERCO
CURRUCUCUES1 , D,  0.00,  0.00,  0.00,  0.00,  0.00,  0.00,  0.00,  0.00,  0.00,  0.00,  0.00,  0.00,  0.00,  0.00,  0.00,  0.00,  0.00,  0.00,  0.00,  0.00,  0.00,  0.00,  0.00,  0.00
PUENTEGUILLERMO1 , D,  0.30,  0.30,  0.30,  0.30,  0.30,  0.30,  0.30,  0.30,  0.30,  0.30,  0.30,  0.30,  0.30,  0.30,  0.30,  0.30,  0.30,  0.30,  0.30,  0.30,  0.30,  0.30,  0.30,  0.30
PUENTEGUILLERMO3 , D,  0.00,  0.00,  0.00,  0.00,  0.00,  0.00,  0.00,  0.00,  0.00,  0.00,  0.00,  0.00,  0.00,  0.00,  0.00,  0.00,  0.00,  0.00,  0.00,  0.00,  0.00,  0.00,  0.00,  0.00


AGENTE: ENERGETICA
COELLO1 , D,  1.10,  1.10,  1.10,  1.10,  1.10,  1.10,  1.10,  1.10,  1.10,  1.10,  1.10,  1.10,  1.10,  1.10,  1.10,  1.10,  1.10,  1.10,  1.10,  1.10,  1.10,  1.10,  1.10,  1.10


AGENTE: ENERGIA DEL SUROESTE
MULATOSII1 , D,  7.00,  7.00,  7.00,  7.00,  7.00,  7.00,  7.00,  7.00,  7.00,  7.00,  7.00,  7.00,  7.00,  7.00,  7.00,  7.00,  7.00,  7.00,  7.00,  7.00,  7.00,  7.00,  7.00,  7.00


AGENTE: ENERGIA Y GAS
SOLYCIELOI1 , D,  0.00,  0.00,  0.00,  0.00,  0.00,  0.68,  2.81,  4.73,  6.05,  7.09,  6.49,  6.44,  6.07,  5.00,  3.89,  2.40,  0.75,  0.00,  0.00,  0.00,  0.00,  0.00,  0.00,  0.00
SOLYCIELOI1 , INVD,  38.00,  38.00,  38.00,  38.00,  38.00,  38.00,  38.00,  38.00,  38.00,  38.00,  38.00,  38.00,  38.00,  38.00,  38.00,  38.00,  38.00,  38.00,  38.00,  38.00,  38.00,  38.00,  38.00,  38.00
SOLYCIELOIV1 , D,  0.00,  0.00,  0.00,  0.00,  0.00,  0.00,  0.00,  0.16,  0.28,  0.43,  0.55,  0.71,  0.71,  0.45,  0.42,  0.38,  0.19,  0.06,  0.00,  0.00,  0.00,  0.00,  0.00,  0.00
SOLYCIELOIV1 , INVD,  3.00,  3.00,  3.00,  3.00,  3.00,  3.00,  3.00,  3.00,  3.00,  3.00,  3.00,  3.00,  3.00,  3.00,  3.00,  3.00,  3.00,  3.00,  3.00,  3.00,  3.00,  3.00,  3.00,  3.00
SOLYCIELOII1 , D,  0.00,  0.00,  0.00,  0.00,  0.00,  0.00,  0.00,  0.16,  0.28,  0.43,  0.55,  0.71,  0.71,  0.45,  0.42,  0.38,  0.19,  0.06,  0.00,  0.00,  0.00,  0.00,  0.00,  0.00
SOLYCIELOII1 , INVD,  3.00,  3.00,  3.00,  3.00,  3.00,  3.00,  3.00,  3.00,  3.00,  3.00,  3.00,  3.00,  3.00,  3.00,  3.00,  3.00,  3.00,  3.00,  3.00,  3.00,  3.00,  3.00,  3.00,  3.00
SOLYCIELOIII1 , D,  0.00,  0.00,  0.00,  0.00,  0.00,  0.00,  0.00,  0.16,  0.28,  0.43,  0.55,  0.71,  0.71,  0.45,  0.42,  0.38,  0.19,  0.06,  0.00,  0.00,  0.00,  0.00,  0.00,  0.00
SOLYCIELOIII1 , INVD,  3.00,  3.00,  3.00,  3.00,  3.00,  3.00,  3.00,  3.00,  3.00,  3.00,  3.00,  3.00,  3.00,  3.00,  3.00,  3.00,  3.00,  3.00,  3.00,  3.00,  3.00,  3.00,  3.00,  3.00


AGENTE: ENREVSA SAS
ELBOSQUE1 , D,  1.70,  1.70,  1.70,  1.70,  1.70,  1.70,  1.70,  1.70,  1.70,  1.70,  1.70,  1.70,  1.70,  1.70,  1.70,  1.70,  1.70,  1.70,  1.70,  1.70,  1.70,  1.70,  1.70,  1.70


AGENTE: EPM
ESMERALDA , P,  103755
ESMERALDA1 , D,  0,  0,  0,  0,  0,  0,  0,  0,  0,  0,  0,  0,  0,  0,  0,  0,  0,  0,  0,  0,  0,  0,  0,  0
ESMERALDA2 , D,  0,  0,  0,  0,  0,  0,  0,  0,  0,  0,  0,  0,  0,  0,  0,  0,  0,  0,  0,  0,  0,  0,  0,  0
GUATAPE , P,  97238
GUATAPE1 , D,  70,  70,  70,  70,  70,  70,  70,  70,  70,  70,  70,  70,  70,  70,  70,  70,  70,  70,  70,  70,  70,  70,  70,  70
GUATAPE2 , D,  70,  70,  70,  70,  70,  70,  70,  70,  70,  70,  70,  70,  70,  70,  70,  70,  70,  70,  70,  70,  70,  70,  70,  70
GUATAPE3 , D,  0,  0,  0,  0,  0,  0,  0,  0,  0,  0,  0,  0,  0,  0,  0,  0,  0,  0,  0,  0,  0,  0,  0,  0
GUATAPE4 , D,  70,  70,  70,  70,  70,  70,  70,  70,  70,  70,  70,  70,  70,  70,  70,  70,  70,  70,  70,  70,  70,  70,  70,  70
GUATAPE5 , D,  70,  70,  70,  70,  70,  70,  70,  70,  70,  70,  70,  70,  70,  70,  70,  70,  70,  70,  70,  70,  70,  70,  70,  70
GUATAPE6 , D,  70,  70,  70,  70,  70,  70,  70,  70,  70,  70,  70,  70,  70,  70,  70,  70,  70,  70,  70,  70,  70,  70,  70,  70
GUATAPE7 , D,  70,  70,  70,  70,  70,  70,  70,  70,  70,  70,  70,  70,  70,  70,  70,  70,  70,  70,  70,  70,  70,  70,  70,  70
GUATAPE8 , D,  70,  70,  70,  70,  70,  70,  70,  70,  70,  70,  70,  70,  70,  70,  70,  70,  70,  70,  70,  70,  70,  70,  70,  70
GUATAPE , AGCP,  490,  490,  490,  490,  490,  490,  490,  490,  490,  490,  490,  490,  490,  490,  490,  490,  490,  490,  0,  0,  0,  490,  490,  490
GUATAPE1 , AGCU,  70,  70,  70,  70,  70,  70,  70,  70,  70,  70,  70,  70,  70,  70,  70,  70,  70,  70,  70,  70,  70,  70,  70,  70
GUATAPE2 , AGCU,  70,  70,  70,  70,  70,  70,  70,  70,  70,  70,  70,  70,  70,  70,  70,  70,  70,  70,  70,  70,  70,  70,  70,  70
GUATAPE3 , AGCU,  0,  0,  0,  0,  0,  0,  0,  0,  0,  0,  0,  0,  0,  0,  0,  0,  0,  0,  0,  0,  0,  0,  0,  0
GUATAPE4 , AGCU,  70,  70,  70,  70,  70,  70,  70,  70,  70,  70,  70,  70,  70,  70,  70,  70,  70,  70,  70,  70,  70,  70,  70,  70
GUATAPE5 , AGCU,  70,  70,  70,  70,  70,  70,  70,  70,  70,  70,  70,  70,  70,  70,  70,  70,  70,  70,  70,  70,  70,  70,  70,  70
GUATAPE6 , AGCU,  70,  70,  70,  70,  70,  70,  70,  70,  70,  70,  70,  70,  70,  70,  70,  70,  70,  70,  70,  70,  70,  70,  70,  70
GUATAPE7 , AGCU,  70,  70,  70,  70,  70,  70,  70,  70,  70,  70,  70,  70,  70,  70,  70,  70,  70,  70,  70,  70,  70,  70,  70,  70
GUATAPE8 , AGCU,  70,  70,  70,  70,  70,  70,  70,  70,  70,  70,  70,  70,  70,  70,  70,  70,  70,  70,  70,  70,  70,  70,  70,  70
LATASAJERA , P,  97238
LATASAJERA1 , D,  102,  102,  102,  102,  102,  102,  102,  102,  102,  102,  102,  102,  102,  102,  102,  102,  102,  102,  102,  102,  102,  102,  102,  102
LATASAJERA2 , D,  102,  102,  102,  102,  102,  102,  102,  102,  102,  102,  102,  102,  102,  102,  102,  102,  102,  102,  102,  102,  102,  102,  102,  102
LATASAJERA3 , D,  102,  102,  102,  102,  102,  102,  102,  102,  102,  102,  102,  102,  102,  102,  102,  102,  102,  102,  102,  102,  102,  102,  102,  102
LATASAJERA , AGCP,  306,  306,  306,  306,  306,  306,  306,  204,  204,  204,  204,  204,  204,  204,  204,  204,  204,  306,  0,  0,  0,  306,  306,  306
LATASAJERA1 , AGCU,  102,  102,  102,  102,  102,  102,  102,  0,  0,  0,  0,  0,  0,  0,  0,  0,  0,  102,  102,  102,  102,  102,  102,  102
LATASAJERA2 , AGCU,  102,  102,  102,  102,  102,  102,  102,  102,  102,  102,  102,  102,  102,  102,  102,  102,  102,  102,  102,  102,  102,  102,  102,  102
LATASAJERA3 , AGCU,  102,  102,  102,  102,  102,  102,  102,  102,  102,  102,  102,  102,  102,  102,  102,  102,  102,  102,  102,  102,  102,  102,  102,  102
LATASAJERA1 , PRU,  0,  0,  0,  0,  0,  0,  0,  15,  15,  15,  15,  15,  15,  15,  15,  15,  15,  0,  0,  0,  0,  0,  0,  0
PLAYAS , P,  103755
PLAYAS1 , D,  0,  0,  0,  0,  0,  0,  0,  0,  0,  0,  0,  0,  0,  0,  0,  0,  0,  0,  0,  0,  0,  0,  0,  0
PLAYAS2 , D,  69,  69,  69,  69,  69,  69,  69,  69,  69,  69,  69,  69,  69,  69,  69,  69,  69,  69,  69,  69,  69,  69,  69,  69
PLAYAS3 , D,  69,  69,  69,  69,  69,  69,  69,  69,  69,  69,  69,  69,  69,  69,  69,  69,  69,  69,  69,  69,  69,  69,  69,  69
PLAYAS , AGCP,  0,  0,  0,  0,  0,  0,  0,  0,  0,  0,  0,  0,  0,  0,  0,  0,  0,  0,  0,  0,  0,  0,  0,  0
PLAYAS1 , AGCU,  0,  0,  0,  0,  0,  0,  0,  0,  0,  0,  0,  0,  0,  0,  0,  0,  0,  0,  0,  0,  0,  0,  0,  0
PLAYAS2 , AGCU,  14,  14,  14,  14,  14,  14,  14,  14,  14,  14,  14,  14,  14,  14,  14,  14,  14,  14,  14,  14,  14,  14,  14,  14
PLAYAS3 , AGCU,  14,  14,  14,  14,  14,  14,  14,  14,  14,  14,  14,  14,  14,  14,  14,  14,  14,  14,  14,  14,  14,  14,  14,  14
SANFRANCISCO , P,  103755
SANFRANCISCO1 , D,  0,  0,  0,  0,  0,  0,  0,  0,  0,  0,  0,  0,  0,  0,  0,  0,  0,  0,  45,  45,  0,  0,  0,  0
SANFRANCISCO2 , D,  0,  0,  0,  0,  0,  0,  0,  0,  0,  0,  0,  0,  0,  0,  0,  0,  0,  0,  0,  0,  0,  0,  0,  0
SANFRANCISCO3 , D,  0,  0,  0,  0,  0,  0,  0,  0,  0,  0,  0,  0,  0,  0,  0,  0,  0,  0,  0,  0,  0,  0,  0,  0
GUATRON , P,  450000
GUADALUPE31 , D,  45,  45,  45,  45,  45,  45,  45,  45,  45,  45,  45,  45,  45,  45,  45,  45,  45,  45,  45,  45,  45,  45,  45,  45
GUADALUPE32 , D,  45,  45,  45,  45,  45,  45,  45,  45,  45,  45,  45,  45,  45,  45,  45,  45,  45,  45,  45,  45,  45,  45,  45,  45
GUADALUPE33 , D,  45,  45,  45,  45,  45,  45,  45,  45,  45,  45,  45,  45,  45,  45,  45,  45,  45,  45,  45,  45,  45,  45,  45,  45
GUADALUPE34 , D,  45,  45,  45,  45,  45,  45,  45,  45,  45,  45,  45,  45,  45,  45,  45,  45,  45,  45,  45,  45,  45,  45,  45,  45
GUADALUPE35 , D,  45,  45,  45,  45,  45,  45,  45,  45,  45,  45,  45,  45,  45,  45,  45,  45,  45,  45,  45,  45,  45,  45,  45,  45
GUADALUPE36 , D,  45,  45,  45,  45,  45,  45,  45,  45,  45,  45,  45,  45,  45,  45,  45,  45,  45,  45,  45,  45,  45,  45,  45,  45
GUADALUPE41 , D,  67,  67,  67,  67,  67,  67,  67,  67,  67,  67,  67,  67,  67,  67,  67,  67,  67,  67,  67,  67,  67,  67,  67,  67
GUADALUPE42 , D,  67,  67,  67,  67,  67,  67,  67,  67,  67,  67,  67,  67,  67,  67,  67,  67,  67,  67,  67,  67,  67,  67,  67,  67
GUADALUPE43 , D,  68,  68,  68,  68,  68,  68,  68,  68,  68,  68,  68,  68,  68,  68,  68,  68,  68,  68,  68,  68,  68,  68,  68,  68
TRONERAS1 , D,  20,  20,  20,  20,  20,  20,  20,  20,  20,  20,  20,  20,  20,  20,  20,  20,  20,  20,  20,  20,  20,  20,  20,  20
TRONERAS2 , D,  20,  20,  20,  20,  20,  20,  20,  0,  0,  0,  0,  0,  0,  0,  0,  0,  20,  20,  20,  20,  20,  20,  20,  20
PORCEII , P,  97238
PORCEII1 , D,  135,  135,  135,  135,  135,  135,  135,  135,  135,  135,  135,  135,  135,  135,  135,  135,  135,  135,  135,  135,  135,  135,  135,  135
PORCEII2 , D,  135,  135,  135,  135,  135,  135,  135,  135,  135,  135,  135,  135,  135,  135,  135,  135,  135,  135,  135,  135,  135,  135,  135,  135
PORCEII3 , D,  135,  135,  135,  135,  135,  135,  135,  135,  135,  135,  135,  135,  135,  135,  135,  135,  135,  135,  135,  135,  135,  135,  135,  135
PORCEII , AGCP,  180,  180,  180,  180,  180,  180,  180,  180,  180,  180,  180,  180,  180,  180,  180,  180,  180,  180,  0,  0,  0,  180,  180,  180
PORCEII1 , AGCU,  60,  60,  60,  60,  60,  60,  60,  60,  60,  60,  60,  60,  60,  60,  60,  60,  60,  60,  60,  60,  60,  60,  60,  60
PORCEII2 , AGCU,  60,  60,  60,  60,  60,  60,  60,  60,  60,  60,  60,  60,  60,  60,  60,  60,  60,  60,  60,  60,  60,  60,  60,  60
PORCEII3 , AGCU,  60,  60,  60,  60,  60,  60,  60,  60,  60,  60,  60,  60,  60,  60,  60,  60,  60,  60,  60,  60,  60,  60,  60,  60
PORCEIII , P,  260000
PORCEIII4 , D,  175,  175,  175,  175,  175,  175,  175,  175,  175,  175,  175,  175,  175,  175,  175,  175,  175,  175,  175,  175,  175,  175,  175,  175
PORCEIII3 , D,  175,  175,  175,  175,  175,  175,  175,  175,  175,  175,  175,  175,  175,  175,  175,  175,  175,  175,  175,  175,  175,  175,  175,  175
PORCEIII2 , D,  175,  175,  175,  175,  175,  175,  175,  175,  175,  175,  175,  175,  175,  175,  175,  175,  175,  175,  175,  175,  175,  175,  175,  175
PORCEIII1 , D,  175,  175,  175,  175,  175,  175,  175,  175,  175,  175,  175,  175,  175,  175,  175,  175,  175,  175,  175,  175,  175,  175,  175,  175
PORCEIII , AGCP,  150,  150,  150,  150,  150,  150,  150,  150,  150,  150,  150,  150,  150,  150,  150,  150,  150,  150,  150,  150,  150,  150,  150,  150
PORCEIII4 , AGCU,  50,  50,  50,  50,  50,  50,  50,  50,  50,  50,  50,  50,  50,  50,  50,  50,  50,  50,  50,  50,  50,  50,  50,  50
PORCEIII3 , AGCU,  50,  50,  50,  50,  50,  50,  50,  50,  50,  50,  50,  50,  50,  50,  50,  50,  50,  50,  50,  50,  50,  50,  50,  50
PORCEIII2 , AGCU,  50,  50,  50,  50,  50,  50,  50,  50,  50,  50,  50,  50,  50,  50,  50,  50,  50,  50,  50,  50,  50,  50,  50,  50
ITUANGO , P,  97238
ITUANGO1 , D,  300,  300,  300,  300,  300,  300,  300,  300,  300,  300,  300,  300,  300,  300,  300,  300,  300,  300,  300,  300,  300,  300,  300,  300
ITUANGO2 , D,  300,  300,  300,  300,  300,  300,  300,  300,  300,  300,  300,  300,  300,  300,  300,  300,  300,  300,  300,  300,  300,  300,  300,  300
ITUANGO3 , D,  300,  300,  300,  300,  300,  300,  300,  300,  300,  300,  300,  300,  300,  300,  300,  300,  300,  300,  300,  300,  300,  300,  300,  300
ITUANGO4 , D,  300,  300,  300,  300,  300,  300,  300,  300,  300,  300,  300,  300,  300,  300,  300,  300,  300,  300,  300,  300,  300,  300,  300,  300
ITUANGO , MO,  0,  0,  0,  0,  0,  0,  0,  0,  0,  0,  0,  0,  0,  0,  0,  0,  0,  0,  0,  0,  0,  0,  0,  0
ITUANGO , ZNOINF,  936,  936,  936,  936,  936,  936,  936,  936,  936,  936,  936,  936,  936,  936,  936,  936,  936,  936,  936,  936,  936,  936,  936,  936
ITUANGO , ZNOSUP,  1198,  1198,  1198,  1198,  1198,  1198,  1198,  1198,  1198,  1198,  1198,  1198,  1198,  1198,  1198,  1198,  1198,  1198,  1198,  1198,  1198,  1198,  1198,  1198
TERMOSIERRACC , P14,  1245662
TERMOSIERRACC , P3,  1266818
TERMOSIERRACC , P6,  1874136
TERMOSIERRACC , P2,  1841251
TERMOSIERRACC , P1,  1841251
TERMOSIERRACC , P13,  1855711
TERMOSIERRACC , P11,  1526296
TERMOSIERRACC , P7,  1874136
TERMOSIERRACC , P10,  1195675
TERMOSIERRACC , P4,  1253992
TERMOSIERRACC , P8,  1018050
TERMOSIERRACC , P9,  983667
TERMOSIERRACC , P5,  1496392
TERMOSIERRACC , P12,  1495599
TERMOSIERRA1 , PAPF13, 381263931
TERMOSIERRA1 , PAPT13, 381263931
TERMOSIERRA1 , PAPC07, 333854349
TERMOSIERRA1 , PAPT07, 541805821
TERMOSIERRA1 , PAPF07, 541805821
TERMOSIERRA1 , PAPC13, 261930811
TERMOSIERRA1 , PAPF02, 220726233
TERMOSIERRA1 , PAPC02, 190007272
TERMOSIERRA1 , PAPT02, 220726233
TERMOSIERRA2 , PAPF13, 381263931
TERMOSIERRA2 , PAPC13, 261930811
TERMOSIERRA2 , PAPT13, 381263931
TERMOSIERRA2 , PAPF07, 541805821
TERMOSIERRA2 , PAPC07, 333854349
TERMOSIERRA2 , PAPT07, 541805821
TERMOSIERRA2 , PAPF02, 220726233
TERMOSIERRA2 , PAPT02, 220726233
TERMOSIERRA2 , PAPC02, 190007272
TERMOSIERRA3 , PAPF13, 199109342
TERMOSIERRA3 , PAPT13, 199109342
TERMOSIERRA3 , PAPC13, 85754827
TERMOSIERRA3 , PAPT07, 6884200
TERMOSIERRA3 , PAPF07, 6884200
TERMOSIERRA3 , PAPC07, 7106406
TERMOSIERRA3 , PAPF02, 91196783
TERMOSIERRA3 , PAPT02, 91196783
TERMOSIERRA3 , PAPC02, 20422008
TERMOSIERRA1 , PAPUSDC02, 45320
TERMOSIERRA1 , PAPUSDT02, 52647
TERMOSIERRA1 , PAPUSDF02, 52647
TERMOSIERRA1 , PAPUSDT07, 129230
TERMOSIERRA1 , PAPUSDF07, 129230
TERMOSIERRA1 , PAPUSDC07, 79630
TERMOSIERRA1 , PAPUSDC13, 62475
TERMOSIERRA1 , PAPUSDT13, 90938
TERMOSIERRA1 , PAPUSDF13, 90938
TERMOSIERRA2 , PAPUSDC02, 45320
TERMOSIERRA2 , PAPUSDT02, 52647
TERMOSIERRA2 , PAPUSDF02, 52647
TERMOSIERRA2 , PAPUSDC07, 79630
TERMOSIERRA2 , PAPUSDT07, 129230
TERMOSIERRA2 , PAPUSDF07, 129230
TERMOSIERRA2 , PAPUSDC13, 62475
TERMOSIERRA2 , PAPUSDT13, 90938
TERMOSIERRA2 , PAPUSDF13, 90938
TERMOSIERRA3 , PAPUSDC02, 4871
TERMOSIERRA3 , PAPUSDT02, 21752
TERMOSIERRA3 , PAPUSDF02, 21752
TERMOSIERRA3 , PAPUSDC07, 1695
TERMOSIERRA3 , PAPUSDT07, 1642
TERMOSIERRA3 , PAPUSDF07, 1642
TERMOSIERRA3 , PAPUSDC13, 20454
TERMOSIERRA3 , PAPUSDT13, 47491
TERMOSIERRA3 , PAPUSDF13, 47491
TERMOSIERRA1 , D,  110,  110,  110,  110,  110,  110,  110,  110,  110,  110,  110,  110,  110,  110,  110,  110,  110,  110,  110,  110,  110,  110,  110,  110
TERMOSIERRA2 , D,  110,  110,  110,  110,  110,  110,  110,  110,  110,  110,  110,  110,  110,  110,  110,  110,  110,  110,  110,  110,  110,  110,  110,  110
TERMOSIERRA3 , D,  132,  132,  132,  132,  132,  132,  132,  132,  132,  132,  132,  132,  132,  132,  132,  132,  132,  132,  132,  132,  132,  132,  132,  132
TERMOSIERRACC , DISCONF7,  220,  220,  220,  220,  220,  220,  220,  220,  220,  220,  220,  220,  220,  220,  220,  220,  220,  220,  220,  220,  220,  220,  220,  220
TERMOSIERRACC , DISCONF8,  161,  161,  161,  161,  161,  161,  161,  161,  161,  161,  161,  161,  161,  161,  161,  161,  161,  161,  161,  161,  161,  161,  161,  161
TERMOSIERRACC , DISCONF1,  0,  0,  0,  0,  0,  0,  0,  0,  0,  0,  0,  0,  0,  0,  0,  0,  0,  0,  0,  0,  0,  0,  0,  0
TERMOSIERRACC , DISCONF2,  0,  0,  0,  0,  0,  0,  0,  0,  0,  0,  0,  0,  0,  0,  0,  0,  0,  0,  0,  0,  0,  0,  0,  0
TERMOSIERRACC , DISCONF13,  0,  0,  0,  0,  0,  0,  0,  0,  0,  0,  0,  0,  0,  0,  0,  0,  0,  0,  0,  0,  0,  0,  0,  0
TERMOSIERRACC , DISCONF14,  0,  0,  0,  0,  0,  0,  0,  0,  0,  0,  0,  0,  0,  0,  0,  0,  0,  0,  0,  0,  0,  0,  0,  0
TERMOSIERRACC , DISCONF3,  0,  0,  0,  0,  0,  0,  0,  0,  0,  0,  0,  0,  0,  0,  0,  0,  0,  0,  0,  0,  0,  0,  0,  0
TERMOSIERRACC , DISCONF4,  0,  0,  0,  0,  0,  0,  0,  0,  0,  0,  0,  0,  0,  0,  0,  0,  0,  0,  0,  0,  0,  0,  0,  0
TERMOSIERRACC , DISCONF5,  0,  0,  0,  0,  0,  0,  0,  0,  0,  0,  0,  0,  0,  0,  0,  0,  0,  0,  0,  0,  0,  0,  0,  0
TERMOSIERRACC , DISCONF6,  110,  110,  110,  110,  110,  110,  110,  110,  110,  110,  110,  110,  110,  110,  110,  110,  110,  110,  110,  110,  110,  110,  110,  110
TERMOSIERRACC , DISCONF9,  352,  352,  352,  352,  352,  352,  352,  352,  352,  352,  352,  352,  352,  352,  352,  352,  352,  352,  352,  352,  352,  352,  352,  352
TERMOSIERRACC , DISCONF10,  271,  271,  271,  271,  271,  271,  271,  271,  271,  271,  271,  271,  271,  271,  271,  271,  271,  271,  271,  271,  271,  271,  271,  271
TERMOSIERRACC , DISCONF11,  0,  0,  0,  0,  0,  0,  0,  0,  0,  0,  0,  0,  0,  0,  0,  0,  0,  0,  0,  0,  0,  0,  0,  0
TERMOSIERRACC , DISCONF12,  0,  0,  0,  0,  0,  0,  0,  0,  0,  0,  0,  0,  0,  0,  0,  0,  0,  0,  0,  0,  0,  0,  0,  0
PARQUESOLARTEPUY , P,  94303
PARQUESOLARTEPUY1 , D,  0,  0,  0,  0,  0,  0,  2,  11,  25,  41,  58,  68,  70,  68,  56,  39,  18,  4,  0,  0,  0,  0,  0,  0
PARQUESOLARTEPUY1 , INVD,  320,  320,  320,  320,  320,  320,  320,  320,  320,  320,  320,  320,  320,  320,  320,  320,  320,  320,  320,  320,  320,  320,  320,  320
TERMODORADA1 , P,  2306464
TERMODORADA1 , PAPT12, 151561406
TERMODORADA1 , PAPF12, 151561406
TERMODORADA1 , PAPF07, 151561406
TERMODORADA1 , PAPC12, 151561406
TERMODORADA1 , PAPT07, 151561406
TERMODORADA1 , PAPC07, 151561406
TERMODORADA1 , PAPF02, 80388337
TERMODORADA1 , PAPC02, 80388337
TERMODORADA1 , PAPT02, 80388337
TERMODORADA1 , PAPUSDC02, 19174
TERMODORADA1 , PAPUSDT02, 19174
TERMODORADA1 , PAPUSDF02, 19174
TERMODORADA1 , PAPUSDC07, 36150
TERMODORADA1 , PAPUSDT07, 36150
TERMODORADA1 , PAPUSDF07, 36150
TERMODORADA1 , PAPUSDF12, 36150
TERMODORADA1 , PAPUSDC12, 36150
TERMODORADA1 , PAPUSDT12, 36150
TERMODORADA1 , D,  47,  47,  47,  47,  47,  47,  47,  47,  47,  47,  47,  47,  47,  47,  47,  47,  47,  47,  47,  47,  47,  47,  47,  47
TERMODORADA1 , CONF,  3
TERMODORADA1 , C,  ACPM
AUTOGPTARBELLO1 , D,  0.00,  0.00,  0.00,  0.00,  0.00,  0.00,  0.00,  0.00,  0.00,  0.00,  0.00,  0.00,  0.00,  0.00,  0.00,  0.00,  0.00,  0.00,  0.00,  0.00,  0.00,  0.00,  0.00,  0.00
AUTOGPTARBELLO2 , D,  0.00,  0.00,  0.00,  0.00,  0.00,  0.00,  0.00,  0.00,  0.00,  0.00,  0.00,  0.00,  0.00,  0.00,  0.00,  0.00,  0.00,  0.00,  0.00,  0.00,  0.00,  0.00,  0.00,  0.00
AUTOGPTARBELLO3 , D,  0.00,  0.00,  0.00,  0.00,  0.00,  0.00,  0.00,  0.00,  0.00,  0.00,  0.00,  0.00,  0.00,  0.00,  0.00,  0.00,  0.00,  0.00,  0.00,  0.00,  0.00,  0.00,  0.00,  0.00
AUTOGPTARBELLO4 , D,  0.00,  0.00,  0.00,  0.00,  0.00,  0.00,  0.00,  0.00,  0.00,  0.00,  0.00,  0.00,  0.00,  0.00,  0.00,  0.00,  0.00,  0.00,  0.00,  0.00,  0.00,  0.00,  0.00,  0.00
AUTOGPTARBELLO5 , D,  0.00,  0.00,  0.00,  0.00,  0.00,  0.00,  0.00,  0.00,  0.00,  0.00,  0.00,  0.00,  0.00,  0.00,  0.00,  0.00,  0.00,  0.00,  0.00,  0.00,  0.00,  0.00,  0.00,  0.00
AUTOGPTARBELLO6 , D,  0.00,  0.00,  0.38,  0.38,  0.38,  0.38,  0.38,  0.38,  0.38,  0.38,  0.38,  0.38,  0.38,  0.38,  0.00,  0.00,  0.00,  0.00,  0.00,  0.00,  0.00,  0.00,  0.00,  0.00
AUTOGPTARBELLO7 , D,  0.00,  0.00,  0.00,  0.00,  0.00,  0.00,  0.00,  0.00,  0.00,  0.00,  0.00,  0.00,  0.00,  0.00,  0.00,  0.00,  0.00,  0.00,  0.00,  0.00,  0.00,  0.00,  0.00,  0.00
AUTOGBIOSCONTEGRALNEIVA1 , D,  0.00,  0.00,  0.00,  0.00,  0.00,  0.00,  0.00,  0.00,  0.00,  0.00,  0.00,  0.00,  0.00,  0.00,  0.00,  0.00,  0.00,  0.00,  0.00,  0.00,  0.00,  0.00,  0.00,  0.00
AUTOGBIOSCONTEGRALNEIVA1 , INVD,  16.00,  16.00,  16.00,  16.00,  16.00,  16.00,  16.00,  16.00,  16.00,  16.00,  16.00,  16.00,  16.00,  16.00,  16.00,  16.00,  16.00,  16.00,  16.00,  16.00,  16.00,  16.00,  16.00,  16.00
AUTOGBIOSCONTEGRALCARTAGO1 , D,  0.00,  0.00,  0.00,  0.00,  0.00,  0.00,  0.00,  0.00,  0.00,  0.00,  0.00,  0.00,  0.00,  0.00,  0.00,  0.00,  0.00,  0.00,  0.00,  0.00,  0.00,  0.00,  0.00,  0.00
AUTOGBIOSCONTEGRALCARTAGO1 , INVD,  15.00,  15.00,  15.00,  15.00,  15.00,  15.00,  15.00,  15.00,  15.00,  15.00,  15.00,  15.00,  15.00,  15.00,  15.00,  15.00,  15.00,  15.00,  15.00,  15.00,  15.00,  15.00,  15.00,  15.00
AUTOGBIOSCIENAGAORO1 , D,  0.00,  0.00,  0.00,  0.00,  0.00,  0.00,  0.00,  0.00,  0.00,  0.00,  0.00,  0.00,  0.00,  0.00,  0.00,  0.00,  0.00,  0.00,  0.00,  0.00,  0.00,  0.00,  0.00,  0.00
AUTOGBIOSCIENAGAORO1 , INVD,  11.00,  11.00,  11.00,  11.00,  11.00,  11.00,  11.00,  11.00,  11.00,  11.00,  11.00,  11.00,  11.00,  11.00,  11.00,  11.00,  11.00,  11.00,  11.00,  11.00,  11.00,  11.00,  11.00,  11.00
AUTOGBIOSFINCABUGA1 , D,  0.00,  0.00,  0.00,  0.00,  0.00,  0.00,  0.00,  0.00,  0.00,  0.00,  0.00,  0.00,  0.00,  0.00,  0.00,  0.00,  0.00,  0.00,  0.00,  0.00,  0.00,  0.00,  0.00,  0.00
AUTOGBIOSFINCABUGA1 , INVD,  11.00,  11.00,  11.00,  11.00,  11.00,  11.00,  11.00,  11.00,  11.00,  11.00,  11.00,  11.00,  11.00,  11.00,  11.00,  11.00,  11.00,  11.00,  11.00,  11.00,  11.00,  11.00,  11.00,  11.00
INSULA1 , D,  6.00,  6.00,  6.00,  6.00,  6.00,  6.00,  6.00,  6.00,  6.00,  6.00,  6.00,  6.00,  6.00,  6.00,  6.00,  6.00,  6.00,  6.00,  6.00,  6.00,  6.00,  6.00,  6.00,  6.00
INSULA2 , D,  0.00,  0.00,  0.00,  0.00,  0.00,  0.00,  0.00,  0.00,  0.00,  0.00,  0.00,  0.00,  0.00,  0.00,  0.00,  0.00,  0.00,  0.00,  0.00,  0.00,  0.00,  0.00,  0.00,  0.00
INSULA3 , D,  6.00,  6.00,  6.00,  6.00,  6.00,  6.00,  6.00,  6.00,  6.00,  6.00,  6.00,  6.00,  6.00,  6.00,  6.00,  6.00,  6.00,  6.00,  6.00,  6.00,  6.00,  6.00,  6.00,  6.00
RIOGRANDE1 , D,  0.30,  0.30,  0.30,  0.30,  0.30,  0.30,  0.30,  0.30,  0.30,  0.30,  0.30,  0.30,  0.30,  0.30,  0.30,  0.30,  0.30,  0.30,  0.30,  0.30,  0.30,  0.30,  0.30,  0.30
LAHERRADURA1 , D,  0.00,  0.00,  0.00,  0.00,  0.00,  0.00,  0.00,  0.00,  0.00,  0.00,  0.00,  0.00,  0.00,  0.00,  0.00,  0.00,  0.00,  0.00,  0.00,  0.00,  0.00,  0.00,  0.00,  0.00
LAHERRADURA2 , D,  9.90,  9.90,  9.90,  9.90,  9.90,  9.90,  9.90,  9.90,  9.90,  9.90,  9.90,  9.90,  9.90,  9.90,  9.90,  9.90,  9.90,  9.90,  9.90,  9.90,  9.90,  9.90,  9.90,  9.90
AMERICA1 , D,  0.27,  0.27,  0.27,  0.27,  0.27,  0.27,  0.27,  0.27,  0.27,  0.27,  0.27,  0.27,  0.27,  0.27,  0.27,  0.27,  0.27,  0.27,  0.27,  0.27,  0.27,  0.27,  0.27,  0.27
AUTOGAYURA1 , D,  10.00,  10.00,  10.00,  10.00,  10.00,  11.00,  11.00,  11.00,  11.00,  11.00,  11.00,  11.00,  11.00,  11.00,  11.00,  11.00,  11.00,  11.00,  11.00,  11.00,  11.00,  10.00,  10.00,  10.00
BELLO1 , D,  0.20,  0.20,  0.20,  0.20,  0.20,  0.20,  0.20,  0.20,  0.20,  0.20,  0.20,  0.20,  0.20,  0.20,  0.20,  0.20,  0.20,  0.20,  0.20,  0.20,  0.20,  0.20,  0.20,  0.20
CAMPESTRE(EPM)1 , D,  0.00,  0.00,  0.00,  0.00,  0.00,  0.00,  0.00,  0.00,  0.00,  0.00,  0.00,  0.00,  0.00,  0.00,  0.00,  0.00,  0.00,  0.00,  0.00,  0.00,  0.00,  0.00,  0.00,  0.00
CARACOLI1 , D,  3.75,  3.75,  3.75,  3.75,  3.75,  3.75,  3.75,  3.75,  3.75,  3.75,  3.75,  3.75,  3.75,  3.75,  3.75,  3.75,  3.75,  3.75,  3.75,  3.75,  3.75,  3.75,  3.75,  3.75
CASCADA1 , D,  0.90,  0.90,  0.90,  0.90,  0.90,  0.90,  0.90,  0.90,  0.90,  0.90,  0.90,  0.90,  0.90,  0.90,  0.90,  0.90,  0.90,  0.90,  0.90,  0.90,  0.90,  0.90,  0.90,  0.90
AUTOGCEMENTOSDELNARE1 , D,  7.80,  7.80,  7.80,  7.80,  7.80,  7.80,  6.30,  6.30,  6.30,  6.30,  6.30,  6.30,  6.30,  6.30,  6.50,  6.50,  6.50,  6.50,  6.50,  6.50,  6.50,  6.50,  7.80,  7.80
GUACAICA1 , D,  0.86,  0.86,  0.86,  0.86,  0.86,  0.86,  0.86,  0.86,  0.86,  0.86,  0.86,  0.86,  0.86,  0.86,  0.86,  0.86,  0.86,  0.86,  0.86,  0.86,  0.86,  0.86,  0.86,  0.86
INTERMEDIA1 , D,  0.00,  0.00,  0.00,  0.00,  0.00,  0.00,  0.00,  0.00,  0.00,  0.00,  0.00,  0.00,  0.00,  0.00,  0.00,  0.00,  0.00,  0.00,  0.00,  0.00,  0.00,  0.00,  0.00,  0.00
LAVUELTA1 , D,  9.00,  9.00,  9.00,  9.00,  9.00,  9.00,  9.00,  9.00,  9.00,  9.00,  9.00,  9.00,  9.00,  9.00,  9.00,  9.00,  9.00,  9.00,  9.00,  9.00,  9.00,  9.00,  9.00,  9.00
MANANTIALES1 , D,  0.00,  0.00,  0.00,  0.00,  0.00,  0.00,  0.00,  0.00,  0.00,  0.00,  0.00,  0.00,  0.00,  0.00,  0.00,  0.00,  0.00,  0.00,  0.00,  0.00,  0.00,  0.00,  0.00,  0.00
MUNICIPAL1 , D,  0.60,  0.60,  0.60,  0.60,  0.60,  0.60,  0.60,  0.60,  0.60,  0.60,  0.60,  0.60,  0.60,  0.60,  0.60,  0.60,  0.60,  0.60,  0.60,  0.60,  0.60,  0.60,  0.60,  0.60
NIQUIA1 , D,  14.00,  14.00,  14.00,  14.00,  14.00,  14.00,  14.00,  14.00,  14.00,  14.00,  14.00,  14.00,  14.00,  14.00,  14.00,  14.00,  14.00,  14.00,  14.00,  14.00,  14.00,  14.00,  14.00,  14.00
NUTIBARA1 , D,  0.00,  0.00,  0.00,  0.00,  0.00,  0.00,  0.00,  0.00,  0.00,  0.00,  0.00,  0.00,  0.00,  0.00,  0.00,  0.00,  0.00,  0.00,  0.00,  0.00,  0.00,  0.00,  0.00,  0.00
PAJARITO1 , D,  2.10,  2.10,  2.10,  2.10,  2.10,  2.10,  2.10,  2.10,  2.10,  2.10,  2.10,  2.10,  2.10,  2.10,  2.10,  2.10,  2.10,  2.10,  2.10,  2.10,  2.10,  2.10,  2.10,  2.10
PALMASSANGIL1 , D,  4.00,  4.00,  4.00,  4.00,  4.00,  4.00,  4.00,  4.00,  4.00,  4.00,  4.00,  4.00,  4.00,  4.00,  4.00,  4.00,  4.00,  4.00,  4.00,  4.00,  4.00,  4.00,  4.00,  4.00
PORCEIIIMENOR1 , D,  1.50,  1.50,  1.50,  1.50,  1.50,  1.50,  1.50,  1.50,  1.50,  1.50,  1.50,  1.50,  1.50,  1.50,  1.50,  1.50,  1.50,  1.50,  1.50,  1.50,  1.50,  1.50,  1.50,  1.50
RIOFRIO(TAMESIS)1 , D,  0.80,  0.80,  0.80,  0.80,  0.80,  0.80,  0.80,  0.80,  0.80,  0.80,  0.80,  0.80,  0.80,  0.80,  0.80,  0.80,  0.80,  0.80,  0.80,  0.80,  0.80,  0.80,  0.80,  0.80
RIOGRANDEI1 , D,  0.00,  0.00,  0.00,  0.00,  0.00,  0.00,  0.00,  0.00,  0.00,  0.00,  0.00,  0.00,  0.00,  0.00,  0.00,  0.00,  0.00,  0.00,  0.00,  0.00,  0.00,  0.00,  0.00,  0.00
SANCANCIO1 , D,  1.60,  1.60,  1.60,  1.60,  1.60,  1.60,  1.60,  1.60,  1.60,  1.60,  1.60,  1.60,  1.60,  1.60,  1.60,  1.60,  1.60,  1.60,  1.60,  1.60,  1.60,  1.60,  1.60,  1.60
SONSON1 , D,  0.00,  0.00,  0.00,  0.00,  0.00,  0.00,  0.00,  0.00,  0.00,  0.00,  0.00,  0.00,  0.00,  0.00,  0.00,  0.00,  0.00,  0.00,  0.00,  0.00,  0.00,  0.00,  0.00,  0.00
PAJARITO2 , D,  5.10,  5.10,  5.10,  5.10,  5.10,  5.10,  5.10,  5.10,  5.10,  5.10,  5.10,  5.10,  5.10,  5.10,  5.10,  5.10,  5.10,  5.10,  5.10,  5.10,  5.10,  5.10,  5.10,  5.10
AUTOGARGOSELCAIRO1 , D,  6.80,  6.80,  6.80,  6.80,  6.80,  6.80,  6.80,  6.80,  6.80,  6.80,  6.80,  6.80,  6.80,  6.80,  6.80,  6.80,  6.80,  6.80,  6.80,  6.80,  6.80,  6.80,  6.80,  6.80
AUTOGENKA1 , D,  4.00,  4.00,  4.00,  4.00,  4.00,  4.00,  4.00,  4.00,  4.00,  4.00,  4.00,  4.00,  4.00,  4.00,  4.00,  4.00,  4.00,  4.00,  4.00,  4.00,  4.00,  4.00,  4.00,  4.00
AUTOGARGOSSOGAMOSO1 , D,  0.90,  0.90,  0.90,  0.90,  0.90,  0.90,  0.90,  0.90,  0.90,  0.90,  0.90,  0.90,  0.90,  0.90,  0.90,  0.90,  0.90,  0.90,  0.90,  0.90,  0.90,  0.90,  0.90,  0.90


AGENTE: ERCO GENERADOR
AUTOGCIJEANS1 , D,  0.00,  0.00,  0.00,  0.00,  0.00,  0.00,  0.01,  0.03,  0.16,  0.35,  0.52,  0.51,  0.46,  0.42,  0.46,  0.35,  0.21,  0.07,  0.01,  0.00,  0.00,  0.00,  0.00,  0.00
AUTOGCIJEANS1 , INVD,  24.00,  24.00,  24.00,  24.00,  24.00,  24.00,  24.00,  24.00,  24.00,  24.00,  24.00,  24.00,  24.00,  24.00,  24.00,  24.00,  24.00,  24.00,  24.00,  24.00,  24.00,  24.00,  24.00,  24.00
AUTOGPINTUCO1 , D,  0.00,  0.00,  0.00,  0.00,  0.00,  0.00,  0.00,  0.01,  0.03,  0.05,  0.09,  0.10,  0.15,  0.16,  0.15,  0.10,  0.03,  0.01,  0.00,  0.00,  0.00,  0.00,  0.00,  0.00
AUTOGPINTUCO1 , INVD,  25.00,  25.00,  25.00,  25.00,  25.00,  25.00,  25.00,  25.00,  25.00,  25.00,  25.00,  25.00,  25.00,  25.00,  25.00,  25.00,  25.00,  25.00,  25.00,  25.00,  25.00,  25.00,  25.00,  25.00
COMUNIDADELSALVADORI1 , D,  0.00,  0.00,  0.00,  0.00,  0.00,  0.00,  0.00,  0.00,  0.00,  0.01,  0.01,  0.01,  0.01,  0.01,  0.00,  0.00,  0.00,  0.00,  0.00,  0.00,  0.00,  0.00,  0.00,  0.01
COMUNIDADELSALVADORI1 , INVD,  1.00,  1.00,  1.00,  1.00,  1.00,  1.00,  1.00,  1.00,  1.00,  1.00,  1.00,  1.00,  1.00,  1.00,  1.00,  1.00,  1.00,  1.00,  1.00,  1.00,  1.00,  1.00,  1.00,  1.00
COMUNIDADELSALVADORII1 , D,  0.00,  0.00,  0.00,  0.00,  0.00,  0.00,  0.00,  0.00,  0.00,  0.00,  0.00,  0.00,  0.00,  0.00,  0.00,  0.00,  0.00,  0.00,  0.00,  0.00,  0.00,  0.00,  0.00,  0.00
COMUNIDADELSALVADORII1 , INVD,  1.00,  1.00,  1.00,  1.00,  1.00,  1.00,  1.00,  1.00,  1.00,  1.00,  1.00,  1.00,  1.00,  1.00,  1.00,  1.00,  1.00,  1.00,  1.00,  1.00,  1.00,  1.00,  1.00,  1.00
NUMBANA1 , D,  0.00,  0.00,  0.00,  0.00,  0.00,  0.46,  2.00,  3.75,  5.38,  7.01,  7.93,  8.04,  7.46,  6.29,  4.67,  2.62,  0.63,  0.00,  0.00,  0.00,  0.00,  0.00,  0.00,  0.00
NUMBANA1 , INVD,  37.00,  37.00,  37.00,  37.00,  37.00,  37.00,  37.00,  37.00,  37.00,  37.00,  37.00,  37.00,  37.00,  37.00,  37.00,  37.00,  37.00,  37.00,  37.00,  37.00,  37.00,  37.00,  37.00,  37.00
GUAMO1 , D,  0.00,  0.00,  0.00,  0.00,  0.00,  0.42,  1.76,  3.31,  4.75,  6.21,  7.18,  7.28,  6.61,  5.55,  4.10,  2.31,  0.57,  0.00,  0.00,  0.00,  0.00,  0.00,  0.00,  0.00
GUAMO1 , INVD,  34.00,  34.00,  34.00,  34.00,  34.00,  34.00,  34.00,  34.00,  34.00,  34.00,  34.00,  34.00,  34.00,  34.00,  34.00,  34.00,  34.00,  34.00,  34.00,  34.00,  34.00,  34.00,  34.00,  34.00
LANENERA1 , D,  0.00,  0.00,  0.00,  0.00,  0.00,  0.00,  0.02,  0.06,  0.30,  0.66,  0.97,  0.96,  0.86,  0.79,  0.61,  0.47,  0.28,  0.09,  0.00,  0.00,  0.00,  0.00,  0.00,  0.00
LANENERA1 , INVD,  4.00,  4.00,  4.00,  4.00,  4.00,  4.00,  4.00,  4.00,  4.00,  4.00,  4.00,  4.00,  4.00,  4.00,  4.00,  4.00,  4.00,  4.00,  4.00,  4.00,  4.00,  4.00,  4.00,  4.00
GDERCOTOLDADO1 , D,  0.00,  0.00,  0.00,  0.00,  0.00,  0.00,  0.02,  0.06,  0.30,  0.66,  0.97,  0.96,  0.86,  0.79,  0.61,  0.47,  0.28,  0.09,  0.00,  0.00,  0.00,  0.00,  0.00,  0.00
GDERCOTOLDADO1 , INVD,  3.00,  3.00,  3.00,  3.00,  3.00,  3.00,  3.00,  3.00,  3.00,  3.00,  3.00,  3.00,  3.00,  3.00,  3.00,  3.00,  3.00,  3.00,  3.00,  3.00,  3.00,  3.00,  3.00,  3.00
GDERCOSALDANAI1 , D,  0.00,  0.00,  0.00,  0.00,  0.00,  0.00,  0.06,  0.22,  0.45,  0.67,  0.79,  0.85,  0.85,  0.77,  0.63,  0.43,  0.18,  0.02,  0.00,  0.00,  0.00,  0.00,  0.00,  0.00
GDERCOSALDANAI1 , INVD,  3.00,  3.00,  3.00,  3.00,  3.00,  3.00,  3.00,  3.00,  3.00,  3.00,  3.00,  3.00,  3.00,  3.00,  3.00,  3.00,  3.00,  3.00,  3.00,  3.00,  3.00,  3.00,  3.00,  3.00
GDERCOSALDANAII1 , D,  0.00,  0.00,  0.00,  0.00,  0.00,  0.00,  0.06,  0.22,  0.45,  0.67,  0.79,  0.85,  0.85,  0.77,  0.63,  0.43,  0.18,  0.02,  0.00,  0.00,  0.00,  0.00,  0.00,  0.00
GDERCOSALDANAII1 , INVD,  3.00,  3.00,  3.00,  3.00,  3.00,  3.00,  3.00,  3.00,  3.00,  3.00,  3.00,  3.00,  3.00,  3.00,  3.00,  3.00,  3.00,  3.00,  3.00,  3.00,  3.00,  3.00,  3.00,  3.00
ROKRA1 , D,  0.00,  0.00,  0.00,  0.00,  0.00,  0.00,  0.17,  0.95,  2.21,  5.89,  7.28,  6.92,  7.97,  9.18,  4.85,  4.57,  2.27,  0.52,  0.00,  0.00,  0.00,  0.00,  0.00,  0.00
ROKRA1 , INVD,  37.00,  37.00,  37.00,  37.00,  37.00,  37.00,  37.00,  37.00,  37.00,  37.00,  37.00,  37.00,  37.00,  37.00,  37.00,  37.00,  37.00,  37.00,  37.00,  37.00,  37.00,  37.00,  37.00,  37.00
GDERCOGUAMOII1 , D,  0.00,  0.00,  0.00,  0.00,  0.00,  0.00,  0.06,  0.23,  0.45,  0.67,  0.79,  0.85,  0.85,  0.77,  0.63,  0.43,  0.18,  0.02,  0.00,  0.00,  0.00,  0.00,  0.00,  0.00
GDERCOGUAMOII1 , INVD,  3.00,  3.00,  3.00,  3.00,  3.00,  3.00,  3.00,  3.00,  3.00,  3.00,  3.00,  3.00,  3.00,  3.00,  3.00,  3.00,  3.00,  3.00,  3.00,  3.00,  3.00,  3.00,  3.00,  3.00
GDERCOGUAMOIII1 , D,  0.00,  0.00,  0.00,  0.00,  0.00,  0.00,  0.06,  0.23,  0.45,  0.67,  0.79,  0.85,  0.85,  0.77,  0.63,  0.43,  0.18,  0.02,  0.00,  0.00,  0.00,  0.00,  0.00,  0.00
GDERCOGUAMOIII1 , INVD,  3.00,  3.00,  3.00,  3.00,  3.00,  3.00,  3.00,  3.00,  3.00,  3.00,  3.00,  3.00,  3.00,  3.00,  3.00,  3.00,  3.00,  3.00,  3.00,  3.00,  3.00,  3.00,  3.00,  3.00
GDERCOGUAMOIV1 , D,  0.00,  0.00,  0.00,  0.00,  0.00,  0.00,  0.06,  0.23,  0.45,  0.67,  0.79,  0.85,  0.85,  0.77,  0.63,  0.43,  0.18,  0.02,  0.00,  0.00,  0.00,  0.00,  0.00,  0.00
GDERCOGUAMOIV1 , INVD,  3.00,  3.00,  3.00,  3.00,  3.00,  3.00,  3.00,  3.00,  3.00,  3.00,  3.00,  3.00,  3.00,  3.00,  3.00,  3.00,  3.00,  3.00,  3.00,  3.00,  3.00,  3.00,  3.00,  3.00
AUTOGHIDROSOLARI1 , D,  0.00,  0.00,  0.00,  0.00,  0.00,  0.00,  0.00,  0.02,  0.72,  0.96,  1.44,  1.87,  1.89,  1.83,  1.82,  1.62,  0.91,  0.08,  0.00,  0.00,  0.00,  0.00,  0.00,  0.00
AUTOGHIDROSOLARI1 , INVD,  7.00,  7.00,  7.00,  7.00,  7.00,  7.00,  7.00,  7.00,  7.00,  7.00,  7.00,  7.00,  7.00,  7.00,  7.00,  7.00,  7.00,  7.00,  7.00,  7.00,  7.00,  7.00,  7.00,  7.00
LAMARTINA1 , D,  0.00,  0.00,  0.00,  0.00,  0.00,  0.00,  0.17,  0.95,  2.21,  5.89,  7.28,  6.92,  7.97,  9.18,  4.85,  4.57,  2.27,  0.52,  0.00,  0.00,  0.00,  0.00,  0.00,  0.00
LAMARTINA1 , INVD,  13.00,  13.00,  13.00,  13.00,  13.00,  13.00,  13.00,  13.00,  13.00,  13.00,  13.00,  13.00,  13.00,  13.00,  13.00,  13.00,  13.00,  13.00,  13.00,  13.00,  13.00,  13.00,  13.00,  13.00
INGENIORISARALDA1 , D,  13.00,  13.00,  13.00,  13.00,  13.00,  13.00,  13.00,  13.00,  13.00,  13.00,  13.00,  13.00,  13.00,  13.00,  13.00,  13.00,  13.00,  13.00,  13.00,  13.00,  13.00,  13.00,  13.00,  13.00


AGENTE: ESPROD SAS ESP
RIONEGRO1 , D,  7.00,  7.00,  7.00,  7.00,  7.00,  7.00,  7.00,  7.00,  7.00,  7.00,  7.00,  7.00,  7.00,  7.00,  7.00,  7.00,  7.00,  7.00,  7.00,  7.00,  7.00,  7.00,  7.00,  7.00


AGENTE: FURESAS
GRANJASOLARELSALADO1 , D,  0.00,  0.00,  0.00,  0.00,  0.00,  0.00,  0.00,  0.01,  0.03,  0.05,  0.06,  0.06,  0.07,  0.07,  0.06,  0.04,  0.02,  0.01,  0.00,  0.00,  0.00,  0.00,  0.00,  0.00
GRANJASOLARELSALADO1 , INVD,  2.00,  2.00,  2.00,  2.00,  2.00,  2.00,  2.00,  2.00,  2.00,  2.00,  2.00,  2.00,  2.00,  2.00,  2.00,  2.00,  2.00,  2.00,  2.00,  2.00,  2.00,  2.00,  2.00,  2.00
SANJOSE1 , D,  0.18,  0.18,  0.18,  0.18,  0.18,  0.18,  0.18,  0.18,  0.18,  0.18,  0.19,  0.19,  0.19,  0.19,  0.19,  0.19,  0.19,  0.19,  0.19,  0.18,  0.19,  0.19,  0.18,  0.19


AGENTE: GECELCA S.A. E.S.P
GUAJIRA1 , P,  542805
GUAJIRA1 , PAPT14, 50985844
GUAJIRA1 , PAPF14, 98923689
GUAJIRA1 , PAPT01, 50985844
GUAJIRA1 , PAPF01, 98923689
GUAJIRA1 , PAPC14, 35951288
GUAJIRA1 , PAPC01, 35951288
GUAJIRA1 , PAPUSDF01, 23595
GUAJIRA1 , PAPUSDC01, 8575
GUAJIRA1 , PAPUSDT01, 12161
GUAJIRA1 , PAPUSDT14, 12161
GUAJIRA1 , PAPUSDF14, 23595
GUAJIRA1 , PAPUSDC14, 8575
GUAJIRA1 , D,  145,  145,  145,  145,  145,  145,  145,  145,  145,  145,  145,  145,  145,  145,  145,  145,  145,  145,  145,  145,  145,  145,  145,  145
GUAJIRA1 , CONF,  2
GUAJIRA1 , C,  MEZCLA GAS - CARBÓN
GUAJIRA2 , P,  525231
GUAJIRA2 , PAPT14, 50985844
GUAJIRA2 , PAPF14, 98923689
GUAJIRA2 , PAPF01, 98923689
GUAJIRA2 , PAPC14, 35951288
GUAJIRA2 , PAPC01, 35951288
GUAJIRA2 , PAPT01, 50985844
GUAJIRA2 , PAPUSDC01, 8575
GUAJIRA2 , PAPUSDF01, 23595
GUAJIRA2 , PAPUSDF14, 23595
GUAJIRA2 , PAPUSDT01, 12161
GUAJIRA2 , PAPUSDC14, 8575
GUAJIRA2 , PAPUSDT14, 12161
GUAJIRA2 , D,  130,  130,  130,  130,  130,  130,  130,  130,  130,  130,  130,  130,  130,  130,  130,  130,  130,  130,  130,  130,  130,  130,  130,  130
GUAJIRA2 , CONF,  2
GUAJIRA2 , C,  MEZCLA GAS - CARBÓN
GECELCA3 , P,  264727
GECELCA3 , PAPF01, 127462513
GECELCA3 , PAPT01, 82652325
GECELCA3 , PAPC01, 54205738
GECELCA3 , PAPUSDC01, 12929
GECELCA3 , PAPUSDT01, 19714
GECELCA3 , PAPUSDF01, 30402
GECELCA3 , D,  164,  164,  164,  164,  164,  164,  164,  164,  164,  164,  164,  164,  164,  164,  164,  164,  164,  164,  164,  164,  164,  164,  164,  164
GECELCA3 , CONF,  1
GECELCA3 , C,  CARBON
GECELCA32 , P,  281521
GECELCA32 , PAPC01, 48290021
GECELCA32 , PAPT01, 72925563
GECELCA32 , PAPF01, 104994531
GECELCA32 , PAPUSDT01, 17394
GECELCA32 , PAPUSDC01, 11518
GECELCA32 , PAPUSDF01, 25043
GECELCA32 , D,  255,  255,  255,  255,  255,  255,  255,  255,  255,  255,  255,  255,  255,  255,  255,  255,  255,  130,  130,  255,  255,  255,  255,  255
GECELCA32 , CONF,  1
GECELCA32 , C,  CARBON
AUTOGELCOPEY1 , D,  0.00,  0.00,  0.00,  0.00,  0.00,  0.00,  0.50,  2.40,  4.30,  4.70,  5.70,  6.20,  6.20,  5.30,  4.00,  2.90,  1.30,  0.30,  0.00,  0.00,  0.00,  0.00,  0.00,  0.00
AUTOGELCOPEY1 , INVD,  34.00,  34.00,  34.00,  34.00,  34.00,  34.00,  34.00,  34.00,  34.00,  34.00,  34.00,  34.00,  34.00,  34.00,  34.00,  34.00,  34.00,  34.00,  34.00,  34.00,  34.00,  34.00,  34.00,  34.00
ECOPARQUEBRISAS1 , D,  0.00,  0.00,  0.00,  0.00,  0.00,  0.00,  0.00,  1.00,  2.00,  4.00,  4.00,  4.00,  4.00,  4.00,  4.00,  2.00,  1.00,  0.00,  0.00,  0.00,  0.00,  0.00,  0.00,  0.00
ECOPARQUEBRISAS1 , INVD,  0.00,  0.00,  0.00,  0.00,  0.00,  0.00,  0.00,  6.00,  6.00,  6.00,  6.00,  6.00,  6.00,  6.00,  6.00,  6.00,  6.00,  0.00,  0.00,  0.00,  0.00,  0.00,  0.00,  0.00
AUTOGCANTAYUS1 , D,  1.25,  1.31,  1.30,  1.33,  1.32,  1.28,  1.33,  1.53,  1.56,  1.54,  1.51,  1.48,  1.46,  1.45,  1.43,  1.32,  1.13,  1.15,  1.44,  1.42,  1.41,  1.42,  1.40,  1.43
AUTOGCANTAYUS2 , D,  1.25,  1.31,  1.30,  1.33,  1.32,  1.28,  1.33,  1.53,  1.56,  1.54,  1.51,  1.48,  1.46,  1.45,  1.43,  1.32,  1.13,  1.15,  1.44,  1.42,  1.41,  1.42,  1.40,  1.43
AUTOGECOPETROLORITO , D,  1.00,  1.00,  1.00,  1.00,  1.00,  1.00,  1.00,  1.00,  1.00,  1.00,  1.00,  1.00,  1.00,  1.00,  1.00,  1.00,  1.00,  1.00,  1.00,  1.00,  1.00,  1.00,  1.00,  1.00
AUTOGREFICAR1 , D,  8.00,  8.00,  8.00,  8.00,  8.00,  8.00,  8.00,  8.00,  8.00,  8.00,  8.00,  8.00,  8.00,  8.00,  8.00,  8.00,  8.00,  8.00,  8.00,  8.00,  8.00,  8.00,  8.00,  8.00


AGENTE: GENERSA
AUTOGTERMOTAME1 , D,  1.00,  1.00,  1.00,  1.00,  1.00,  1.00,  1.00,  1.00,  1.00,  1.00,  1.00,  1.00,  1.00,  1.00,  1.00,  1.00,  1.00,  1.00,  1.00,  1.00,  1.00,  1.00,  1.00,  1.00
AUTOGTERMOTAME2 , D,  1.00,  1.00,  1.00,  1.00,  1.00,  1.00,  1.00,  1.00,  1.00,  1.00,  1.00,  1.00,  1.00,  1.00,  1.00,  1.00,  1.00,  1.00,  1.00,  1.00,  1.00,  1.00,  1.00,  1.00
AUTOGTERMOTAME3 , D,  1.00,  1.00,  1.00,  1.00,  1.00,  1.00,  1.00,  1.00,  1.00,  1.00,  1.00,  1.00,  1.00,  1.00,  1.00,  1.00,  1.00,  1.00,  1.00,  1.00,  1.00,  1.00,  1.00,  1.00
TERMOCAPACHOS1 , D,  5.00,  5.00,  5.00,  5.00,  5.00,  5.00,  5.00,  5.00,  5.00,  5.00,  5.00,  5.00,  5.00,  5.00,  5.00,  5.00,  5.00,  5.00,  5.00,  5.00,  5.00,  5.00,  5.00,  5.00
AUTOGTERMOMACAGUA1 , D,  4.80,  4.80,  4.80,  4.80,  4.80,  4.80,  4.80,  4.80,  4.80,  4.80,  4.80,  4.80,  4.80,  4.80,  4.80,  4.80,  4.80,  4.80,  4.80,  4.80,  4.80,  4.80,  4.80,  4.80
AUTOGTERMOCOROCITO1 , D,  0.00,  0.00,  0.00,  0.00,  0.00,  0.00,  0.00,  0.00,  0.00,  0.00,  0.00,  0.00,  0.00,  0.00,  0.00,  0.00,  0.00,  0.00,  0.00,  0.00,  0.00,  0.00,  0.00,  0.00
TERMOBOLIVAR1 , D,  0.00,  0.00,  0.00,  0.00,  0.00,  0.00,  0.00,  0.00,  0.00,  0.00,  0.00,  0.00,  0.00,  0.00,  0.00,  0.00,  0.00,  0.00,  0.00,  0.00,  0.00,  0.00,  0.00,  0.00


AGENTE: GENERSOL
SUNNORTE , P,  85898
SUNNORTE1 , D,  0,  0,  0,  0,  0,  0,  1,  6,  13,  19,  22,  23,  21,  18,  14,  10,  5,  1,  0,  0,  0,  0,  0,  0
SUNNORTE1 , INVD,  109,  109,  109,  109,  109,  109,  109,  109,  109,  109,  109,  109,  109,  109,  109,  109,  109,  109,  109,  109,  109,  109,  109,  109


AGENTE: GENMAS S.A. E.S.P.
LACASCADA(ABEJORRAL)1 , D,  3.00,  3.00,  3.00,  3.00,  3.00,  3.00,  3.00,  3.00,  3.00,  3.00,  3.00,  3.00,  3.00,  3.00,  3.00,  3.00,  3.00,  3.00,  3.00,  3.00,  3.00,  3.00,  3.00,  3.00
SANJOSEDELAMONTAÑA1 , D,  0.00,  0.00,  0.00,  0.00,  0.00,  0.00,  0.00,  0.00,  0.00,  0.00,  0.00,  0.00,  0.00,  0.00,  0.00,  0.00,  0.00,  0.00,  0.00,  0.00,  0.00,  0.00,  0.00,  0.00
SANTARITA1 , D,  1.10,  1.10,  1.10,  1.10,  1.10,  1.10,  1.10,  1.10,  1.10,  1.10,  1.10,  1.10,  1.10,  1.10,  1.10,  1.10,  1.10,  1.10,  1.10,  1.10,  1.10,  1.10,  1.10,  1.10
SANJOSEDELAMONTAÑAII1 , D,  0.90,  0.90,  0.90,  0.90,  0.90,  0.90,  0.90,  0.90,  0.90,  0.90,  0.90,  0.90,  0.90,  0.90,  0.90,  0.90,  0.90,  0.90,  0.90,  0.90,  0.90,  0.90,  0.90,  0.90
JUANGARCIA1 , D,  1.90,  1.90,  1.90,  1.90,  1.90,  1.90,  1.90,  1.90,  1.90,  1.90,  1.90,  1.90,  1.90,  1.90,  1.90,  1.90,  1.90,  1.90,  1.90,  1.90,  1.90,  1.90,  1.90,  1.90
JUANGARCIA2 , D,  1.90,  1.90,  1.90,  1.90,  1.90,  1.90,  1.90,  1.90,  1.90,  1.90,  1.90,  1.90,  1.90,  1.90,  1.90,  1.90,  1.90,  1.90,  1.90,  1.90,  1.90,  1.90,  1.90,  1.90


AGENTE: GENSA
PAIPA1 , P,  290613
PAIPA1 , PAPT01, 28211804
PAIPA1 , PAPF01, 45522925
PAIPA1 , PAPC01, 15407695
PAIPA1 , PAPUSDT01, 6729
PAIPA1 , PAPUSDF01, 10858
PAIPA1 , PAPUSDC01, 3675
PAIPA1 , D,  21,  21,  21,  21,  21,  21,  21,  21,  21,  21,  21,  21,  21,  21,  21,  21,  21,  21,  21,  21,  21,  21,  21,  21
PAIPA1 , CONF,  1
PAIPA1 , C,  CARBON
PAIPA2 , P,  267169
PAIPA2 , PAPF01, 83092545
PAIPA2 , PAPC01, 45422303
PAIPA2 , PAPT01, 51279324
PAIPA2 , PAPUSDC01, 10834
PAIPA2 , PAPUSDF01, 19819
PAIPA2 , PAPUSDT01, 12231
PAIPA2 , D,  60,  60,  60,  60,  60,  60,  60,  60,  60,  60,  60,  60,  60,  60,  60,  60,  60,  60,  60,  60,  60,  60,  60,  60
PAIPA2 , CONF,  1
PAIPA2 , C,  CARBON
PAIPA3 , P,  278163
PAIPA3 , PAPT01, 51279324
PAIPA3 , PAPF01, 83092545
PAIPA3 , PAPC01, 45422303
PAIPA3 , PAPUSDC01, 10834
PAIPA3 , PAPUSDT01, 12231
PAIPA3 , PAPUSDF01, 19819
PAIPA3 , D,  0,  0,  0,  0,  0,  0,  0,  0,  0,  0,  0,  0,  0,  0,  0,  0,  0,  0,  0,  0,  0,  0,  0,  0
PAIPA3 , CONF,  1
PAIPA3 , C,  CARBON


AGENTE: GR POWER COLOMBIA
BUENAVISTA1 , D,  0.00,  0.00,  0.00,  0.00,  0.00,  0.00,  0.05,  1.11,  2.44,  3.57,  4.42,  3.48,  4.19,  3.27,  2.89,  1.49,  0.16,  0.23,  0.00,  0.00,  0.00,  0.00,  0.00,  0.00
BUENAVISTA1 , INVD,  8.00,  8.00,  8.00,  8.00,  8.00,  8.00,  8.00,  8.00,  8.00,  8.00,  8.00,  8.00,  8.00,  8.00,  8.00,  8.00,  8.00,  8.00,  8.00,  8.00,  8.00,  8.00,  8.00,  8.00
CENTROSOLAR1 , D,  0.00,  0.00,  0.00,  0.00,  0.00,  0.00,  0.23,  5.28,  7.84,  8.59,  9.15,  9.51,  9.32,  9.21,  9.37,  8.74,  7.87,  2.28,  0.00,  0.00,  0.00,  0.00,  0.00,  0.00
CENTROSOLAR1 , INVD,  8.00,  8.00,  8.00,  8.00,  8.00,  8.00,  8.00,  8.00,  8.00,  8.00,  8.00,  8.00,  8.00,  8.00,  8.00,  8.00,  8.00,  8.00,  8.00,  8.00,  8.00,  8.00,  8.00,  8.00
SOLDELMARII1 , D,  0.00,  0.00,  0.00,  0.00,  0.00,  0.00,  0.11,  4.61,  7.88,  9.10,  9.58,  9.73,  9.80,  9.90,  9.57,  9.02,  7.41,  1.99,  0.00,  0.00,  0.00,  0.00,  0.00,  0.00
SOLDELMARII1 , INVD,  8.00,  8.00,  8.00,  8.00,  8.00,  8.00,  8.00,  8.00,  8.00,  8.00,  8.00,  8.00,  8.00,  8.00,  8.00,  8.00,  8.00,  8.00,  8.00,  8.00,  8.00,  8.00,  8.00,  8.00


AGENTE: GREENYELLOW
GYSOLARAURORA1 , D,  0.00,  0.00,  0.00,  0.00,  0.00,  0.01,  0.03,  0.24,  0.36,  0.51,  0.63,  0.54,  0.61,  0.20,  0.10,  0.00,  0.00,  0.00,  0.00,  0.00,  0.00,  0.00,  0.00,  0.00
GYSOLARAURORA1 , INVD,  57.00,  57.00,  57.00,  57.00,  57.00,  57.00,  57.00,  57.00,  57.00,  57.00,  57.00,  57.00,  57.00,  57.00,  57.00,  57.00,  57.00,  57.00,  57.00,  57.00,  57.00,  57.00,  57.00,  57.00
PARQUESOLARDINAMARCA1 , D,  0.00,  0.00,  0.00,  0.00,  0.00,  0.01,  0.03,  0.24,  0.36,  0.51,  0.63,  0.54,  0.61,  0.20,  0.10,  0.00,  0.00,  0.00,  0.00,  0.00,  0.00,  0.00,  0.00,  0.00
PARQUESOLARDINAMARCA1 , INVD,  49.00,  49.00,  49.00,  49.00,  49.00,  49.00,  49.00,  49.00,  49.00,  49.00,  49.00,  49.00,  49.00,  49.00,  49.00,  49.00,  49.00,  49.00,  49.00,  49.00,  49.00,  49.00,  49.00,  49.00
PARQUESOLARVERSALLES1 , D,  0.00,  0.00,  0.00,  0.00,  0.00,  0.01,  0.03,  0.24,  0.36,  0.51,  0.63,  0.54,  0.61,  0.20,  0.10,  0.00,  0.00,  0.00,  0.00,  0.00,  0.00,  0.00,  0.00,  0.00
PARQUESOLARVERSALLES1 , INVD,  49.00,  49.00,  49.00,  49.00,  49.00,  49.00,  49.00,  49.00,  49.00,  49.00,  49.00,  49.00,  49.00,  49.00,  49.00,  49.00,  49.00,  49.00,  49.00,  49.00,  49.00,  49.00,  49.00,  49.00
PARQUESOLARLAMENA1 , D,  0.00,  0.00,  0.00,  0.00,  0.00,  0.01,  0.03,  0.24,  0.36,  0.51,  0.63,  0.54,  0.61,  0.20,  0.10,  0.00,  0.00,  0.00,  0.00,  0.00,  0.00,  0.00,  0.00,  0.00
PARQUESOLARLAMENA1 , INVD,  49.00,  49.00,  49.00,  49.00,  49.00,  49.00,  49.00,  49.00,  49.00,  49.00,  49.00,  49.00,  49.00,  49.00,  49.00,  49.00,  49.00,  49.00,  49.00,  49.00,  49.00,  49.00,  49.00,  49.00
CAIMANCIENAGUERO1 , D,  0.00,  0.00,  0.00,  0.00,  0.00,  0.01,  0.03,  0.24,  0.36,  0.51,  0.63,  0.54,  0.61,  0.20,  0.10,  0.00,  0.00,  0.00,  0.00,  0.00,  0.00,  0.00,  0.00,  0.00
CAIMANCIENAGUERO1 , INVD,  49.00,  49.00,  49.00,  49.00,  49.00,  49.00,  49.00,  49.00,  49.00,  49.00,  49.00,  49.00,  49.00,  49.00,  49.00,  49.00,  49.00,  49.00,  49.00,  49.00,  49.00,  49.00,  49.00,  49.00
JEQUES1 , D,  0.00,  0.00,  0.00,  0.00,  0.00,  0.00,  0.03,  0.24,  0.36,  0.51,  0.63,  0.54,  0.61,  0.20,  0.10,  0.00,  0.00,  0.00,  0.00,  0.00,  0.00,  0.00,  0.00,  0.00
JEQUES1 , INVD,  34.00,  34.00,  34.00,  34.00,  34.00,  34.00,  34.00,  34.00,  34.00,  34.00,  34.00,  34.00,  34.00,  34.00,  34.00,  34.00,  34.00,  34.00,  34.00,  34.00,  34.00,  34.00,  34.00,  34.00
SOLARALEJANDRIA1 , D,  0.00,  0.00,  0.00,  0.00,  0.00,  0.01,  0.03,  0.24,  0.36,  0.51,  0.63,  0.54,  0.61,  0.20,  0.10,  0.00,  0.00,  0.00,  0.00,  0.00,  0.00,  0.00,  0.00,  0.00
SOLARALEJANDRIA1 , INVD,  33.00,  33.00,  33.00,  33.00,  33.00,  33.00,  33.00,  33.00,  33.00,  33.00,  33.00,  33.00,  33.00,  33.00,  33.00,  33.00,  33.00,  33.00,  33.00,  33.00,  33.00,  33.00,  33.00,  33.00
GDFINCAJM1 , D,  0.00,  0.00,  0.00,  0.00,  0.00,  0.00,  0.01,  0.04,  0.07,  0.12,  0.08,  0.07,  0.06,  0.05,  0.02,  0.00,  0.00,  0.00,  0.00,  0.00,  0.00,  0.00,  0.00,  0.00
GDFINCAJM1 , INVD,  3.00,  3.00,  3.00,  3.00,  3.00,  3.00,  3.00,  3.00,  3.00,  3.00,  3.00,  3.00,  3.00,  3.00,  3.00,  3.00,  3.00,  3.00,  3.00,  3.00,  3.00,  3.00,  3.00,  3.00
GDFINCAISABELLOPEZ1 , D,  0.00,  0.00,  0.00,  0.00,  0.00,  0.00,  0.01,  0.04,  0.07,  0.12,  0.08,  0.07,  0.06,  0.05,  0.02,  0.00,  0.00,  0.00,  0.00,  0.00,  0.00,  0.00,  0.00,  0.00
GDFINCAISABELLOPEZ1 , INVD,  3.00,  3.00,  3.00,  3.00,  3.00,  3.00,  3.00,  3.00,  3.00,  3.00,  3.00,  3.00,  3.00,  3.00,  3.00,  3.00,  3.00,  3.00,  3.00,  3.00,  3.00,  3.00,  3.00,  3.00


AGENTE: HIDRALPOR SAS ESP
CARLOSLLERAS , P,  87000
CARLOSLLERAS1 , D,  39,  39,  39,  39,  39,  39,  39,  39,  39,  39,  39,  39,  39,  39,  39,  39,  39,  39,  39,  39,  39,  39,  39,  39
CARLOSLLERAS2 , D,  39,  39,  39,  39,  39,  39,  39,  39,  39,  39,  39,  39,  39,  39,  39,  39,  39,  39,  39,  39,  39,  39,  39,  39
ESCUELADEMINAS , P,  87000
ESCUELADEMINAS1 , D,  19,  19,  19,  19,  19,  19,  19,  19,  19,  19,  19,  19,  19,  19,  19,  19,  19,  19,  19,  19,  19,  19,  19,  19
ESCUELADEMINAS2 , D,  18,  18,  18,  18,  18,  18,  18,  18,  18,  18,  18,  18,  18,  18,  18,  18,  18,  18,  18,  18,  18,  18,  18,  18
ESCUELADEMINAS3 , D,  18,  18,  18,  18,  18,  18,  18,  18,  18,  18,  18,  18,  18,  18,  18,  18,  18,  18,  18,  18,  18,  18,  18,  18


AGENTE: HIDROBARRANCAS
HIDROBARRANCAS1 , D,  3.10,  3.10,  3.10,  3.10,  3.10,  3.10,  3.10,  3.10,  3.10,  3.10,  3.10,  3.10,  3.10,  3.10,  3.10,  3.10,  3.10,  3.10,  3.10,  3.10,  3.10,  3.10,  3.10,  3.10


AGENTE: HIDROMONT
LACHORRERA1 , D,  2.00,  2.00,  2.00,  2.00,  2.00,  2.00,  2.00,  2.00,  2.00,  2.00,  2.00,  2.00,  2.00,  2.00,  2.00,  2.00,  2.00,  2.00,  2.00,  2.00,  2.00,  2.00,  2.00,  2.00
LACHORRERA2 , D,  2.00,  2.00,  2.00,  2.00,  2.00,  2.00,  2.00,  2.00,  2.00,  2.00,  2.00,  2.00,  2.00,  2.00,  2.00,  2.00,  2.00,  2.00,  2.00,  2.00,  2.00,  2.00,  2.00,  2.00


AGENTE: HIDROTOLIMA
SANTIAGO1 , D,  1.04,  1.04,  1.04,  1.04,  1.04,  1.04,  1.04,  1.04,  1.04,  1.04,  1.04,  1.04,  1.04,  1.04,  1.04,  1.04,  1.04,  1.04,  1.04,  1.04,  1.04,  1.04,  1.04,  1.04
MIROLINDO1 , D,  2.75,  2.75,  2.75,  2.75,  2.75,  2.75,  2.75,  2.75,  2.75,  2.75,  2.75,  2.75,  2.75,  2.75,  2.75,  2.75,  2.75,  2.75,  2.75,  2.75,  2.75,  2.75,  2.75,  2.75
PASTALES1 , D,  0.61,  0.61,  0.61,  0.61,  0.61,  0.61,  0.61,  0.61,  0.61,  0.61,  0.61,  0.61,  0.61,  0.61,  0.61,  0.61,  0.61,  0.61,  0.61,  0.61,  0.61,  0.61,  0.61,  0.61
RIORECIO1 , D,  0.46,  0.46,  0.46,  0.46,  0.46,  0.46,  0.46,  0.46,  0.46,  0.46,  0.46,  0.46,  0.46,  0.46,  0.46,  0.46,  0.46,  0.46,  0.46,  0.46,  0.46,  0.46,  0.46,  0.46
VENTANAA1 , D,  2.50,  2.50,  2.50,  2.50,  2.50,  2.50,  2.50,  2.50,  2.50,  2.50,  2.50,  2.50,  2.50,  2.50,  2.50,  2.50,  2.50,  2.50,  2.50,  2.50,  2.50,  2.50,  2.50,  2.50
VENTANAB1 , D,  0.00,  0.00,  0.00,  0.00,  0.00,  0.00,  0.00,  0.00,  0.00,  0.00,  0.00,  0.00,  0.00,  0.00,  0.00,  0.00,  0.00,  0.00,  0.00,  0.00,  0.00,  0.00,  0.00,  0.00


AGENTE: HZ ENERGY
AMALFI1 , D,  0.50,  0.50,  0.50,  0.50,  0.50,  0.50,  0.50,  0.50,  0.50,  0.50,  0.50,  0.50,  0.50,  0.50,  0.50,  0.50,  0.50,  0.50,  0.50,  0.50,  0.50,  0.50,  0.50,  0.50
LAREBUSCA1 , D,  0.65,  0.65,  0.65,  0.65,  0.65,  0.65,  0.65,  0.65,  0.65,  0.65,  0.65,  0.65,  0.65,  0.65,  0.65,  0.65,  0.65,  0.65,  0.65,  0.65,  0.65,  0.65,  0.65,  0.65
PROVIDENCIA1 , D,  0.00,  0.00,  0.00,  0.00,  0.00,  0.00,  0.46,  0.00,  0.00,  0.00,  0.72,  0.00,  3.96,  4.90,  4.90,  1.48,  0.00,  0.00,  0.00,  0.00,  0.00,  0.00,  0.00,  0.00


AGENTE: IAC ENERGY
LANAVETA1 , D,  4.00,  4.00,  4.00,  4.00,  4.00,  4.00,  4.00,  4.00,  4.00,  4.00,  4.00,  4.00,  4.00,  4.00,  4.00,  4.00,  4.00,  4.00,  4.00,  4.00,  4.00,  4.00,  4.00,  4.00


AGENTE: ISAGEN
JAGUAS , P,  200000
JAGUAS1 , D,  85,  85,  85,  85,  85,  85,  85,  85,  85,  85,  85,  85,  85,  85,  85,  85,  85,  85,  85,  85,  85,  85,  85,  85
JAGUAS2 , D,  85,  85,  85,  85,  85,  85,  85,  85,  85,  85,  85,  85,  85,  85,  85,  85,  85,  85,  85,  85,  85,  85,  85,  85
JAGUAS , AGCP,  140,  140,  140,  140,  140,  140,  140,  140,  140,  140,  140,  140,  140,  140,  140,  140,  140,  140,  140,  140,  140,  140,  140,  140
JAGUAS1 , AGCU,  70,  70,  70,  70,  70,  70,  70,  70,  70,  70,  70,  70,  70,  70,  70,  70,  70,  70,  70,  70,  70,  70,  70,  70
JAGUAS2 , AGCU,  70,  70,  70,  70,  70,  70,  70,  70,  70,  70,  70,  70,  70,  70,  70,  70,  70,  70,  70,  70,  70,  70,  70,  70
SANCARLOS , P,  97238
SANCARLOS1 , D,  155,  155,  155,  155,  155,  155,  155,  155,  155,  155,  155,  155,  155,  155,  155,  155,  155,  155,  155,  155,  155,  155,  155,  155
SANCARLOS2 , D,  155,  155,  155,  155,  155,  155,  155,  155,  155,  155,  155,  155,  155,  155,  155,  155,  155,  155,  155,  155,  155,  155,  155,  155
SANCARLOS3 , D,  155,  155,  155,  155,  155,  155,  155,  155,  155,  155,  155,  155,  155,  155,  155,  155,  155,  155,  155,  155,  155,  155,  155,  155
SANCARLOS4 , D,  155,  155,  155,  155,  155,  155,  155,  155,  155,  155,  155,  155,  155,  155,  155,  155,  155,  155,  155,  155,  155,  155,  155,  155
SANCARLOS5 , D,  155,  155,  155,  155,  155,  155,  155,  155,  155,  155,  155,  155,  155,  155,  155,  155,  155,  155,  155,  155,  155,  155,  155,  155
SANCARLOS6 , D,  155,  155,  155,  155,  155,  155,  155,  155,  155,  155,  155,  155,  155,  155,  155,  155,  155,  155,  155,  155,  155,  155,  155,  155
SANCARLOS7 , D,  0,  0,  0,  0,  0,  0,  0,  0,  0,  0,  0,  0,  0,  0,  0,  0,  0,  0,  0,  0,  0,  0,  0,  0
SANCARLOS8 , D,  155,  155,  155,  155,  155,  155,  155,  155,  155,  155,  155,  155,  155,  155,  155,  155,  155,  155,  155,  155,  155,  155,  155,  155
SANCARLOS , AGCP,  910,  910,  910,  910,  0,  0,  0,  0,  0,  0,  0,  0,  0,  0,  0,  0,  0,  910,  0,  0,  0,  910,  910,  910
SANCARLOS1 , AGCU,  130,  130,  130,  130,  0,  0,  0,  0,  0,  0,  0,  0,  0,  0,  0,  0,  0,  130,  0,  0,  0,  130,  130,  130
SANCARLOS2 , AGCU,  130,  130,  130,  130,  0,  0,  0,  0,  0,  0,  0,  0,  0,  0,  0,  0,  0,  130,  0,  0,  0,  130,  130,  130
SANCARLOS3 , AGCU,  130,  130,  130,  130,  0,  0,  0,  0,  0,  0,  0,  0,  0,  0,  0,  0,  0,  130,  0,  0,  0,  130,  130,  130
SANCARLOS4 , AGCU,  130,  130,  130,  130,  0,  0,  0,  0,  0,  0,  0,  0,  0,  0,  0,  0,  0,  130,  0,  0,  0,  130,  130,  130
SANCARLOS5 , AGCU,  130,  130,  130,  130,  0,  0,  0,  0,  0,  0,  0,  0,  0,  0,  0,  0,  0,  130,  0,  0,  0,  130,  130,  130
SANCARLOS6 , AGCU,  130,  130,  130,  130,  0,  0,  0,  0,  0,  0,  0,  0,  0,  0,  0,  0,  0,  130,  0,  0,  0,  130,  130,  130
SANCARLOS8 , AGCU,  130,  130,  130,  130,  0,  0,  0,  0,  0,  0,  0,  0,  0,  0,  0,  0,  0,  130,  0,  0,  0,  130,  130,  130
SANCARLOS1 , PRU,  0,  0,  0,  0,  16,  16,  16,  16,  16,  16,  16,  16,  16,  16,  16,  16,  16,  0,  0,  0,  0,  0,  0,  0
SANCARLOS2 , PRU,  0,  0,  0,  0,  16,  16,  16,  16,  16,  16,  16,  16,  16,  16,  16,  16,  16,  0,  0,  0,  0,  0,  0,  0
SANCARLOS3 , PRU,  0,  0,  0,  0,  16,  16,  16,  16,  16,  16,  16,  16,  16,  16,  16,  16,  16,  0,  0,  0,  0,  0,  0,  0
SANCARLOS4 , PRU,  0,  0,  0,  0,  16,  16,  16,  16,  16,  16,  16,  16,  16,  16,  16,  16,  16,  0,  0,  0,  0,  0,  0,  0
SANCARLOS5 , PRU,  0,  0,  0,  0,  16,  16,  16,  16,  16,  16,  16,  16,  16,  16,  16,  16,  16,  0,  0,  0,  0,  0,  0,  0
SANCARLOS6 , PRU,  0,  0,  0,  0,  16,  16,  16,  16,  16,  16,  16,  16,  16,  16,  16,  16,  16,  0,  0,  0,  0,  0,  0,  0
SANCARLOS8 , PRU,  0,  0,  0,  0,  16,  16,  16,  16,  16,  16,  16,  16,  16,  16,  16,  16,  16,  0,  0,  0,  0,  0,  0,  0
MIELI , P,  97238
MIELI1 , D,  132,  132,  132,  132,  132,  132,  132,  132,  132,  132,  132,  132,  132,  132,  132,  132,  132,  132,  132,  132,  132,  132,  132,  132
MIELI2 , D,  132,  132,  132,  132,  132,  132,  132,  132,  132,  132,  132,  132,  132,  132,  132,  132,  132,  132,  132,  132,  132,  132,  132,  132
MIELI3 , D,  0,  0,  0,  0,  0,  0,  0,  0,  0,  0,  0,  0,  0,  0,  0,  0,  0,  0,  0,  0,  0,  0,  0,  0
MIELI , AGCP,  156,  156,  156,  156,  156,  156,  156,  156,  156,  156,  156,  156,  156,  156,  156,  156,  156,  156,  0,  0,  0,  156,  156,  156
MIELI1 , AGCU,  78,  78,  78,  78,  78,  78,  78,  78,  78,  78,  78,  78,  78,  78,  78,  78,  78,  78,  0,  0,  0,  78,  78,  78
MIELI2 , AGCU,  78,  78,  78,  78,  78,  78,  78,  78,  78,  78,  78,  78,  78,  78,  78,  78,  78,  78,  0,  0,  0,  78,  78,  78
MIELI3 , AGCU,  0,  0,  0,  0,  0,  0,  0,  0,  0,  0,  0,  0,  0,  0,  0,  0,  0,  0,  0,  0,  0,  0,  0,  0
MIELI , MO,  33,  33,  33,  33,  33,  33,  33,  33,  33,  33,  33,  33,  33,  33,  33,  33,  33,  33,  33,  33,  33,  33,  33,  33
AMOYALAESPERANZA , P,  104578
AMOYALAESPERANZA1 , D,  38,  38,  38,  38,  38,  38,  38,  38,  38,  38,  38,  38,  38,  38,  38,  38,  38,  38,  38,  38,  38,  38,  38,  38
AMOYALAESPERANZA2 , D,  37,  37,  37,  37,  37,  37,  37,  37,  37,  37,  37,  37,  37,  37,  37,  37,  37,  37,  37,  37,  37,  37,  37,  37
SOGAMOSO , P,  97238
SOGAMOSO1 , D,  259,  259,  259,  259,  259,  259,  259,  259,  259,  259,  259,  259,  259,  259,  259,  259,  259,  259,  259,  259,  259,  259,  259,  259
SOGAMOSO2 , D,  259,  259,  259,  259,  259,  259,  259,  259,  259,  259,  259,  259,  259,  259,  259,  259,  259,  259,  259,  259,  259,  259,  259,  259
SOGAMOSO3 , D,  259,  259,  259,  259,  259,  259,  259,  259,  259,  259,  259,  259,  259,  259,  259,  259,  259,  259,  259,  259,  259,  259,  259,  259
SOGAMOSO , AGCP,  417,  417,  417,  417,  417,  417,  417,  417,  417,  417,  417,  417,  417,  417,  417,  417,  417,  417,  0,  0,  0,  417,  417,  417
SOGAMOSO1 , AGCU,  139,  139,  139,  139,  139,  139,  139,  139,  139,  139,  139,  139,  139,  139,  139,  139,  139,  139,  0,  0,  0,  139,  139,  139
SOGAMOSO2 , AGCU,  139,  139,  139,  139,  139,  139,  139,  139,  139,  139,  139,  139,  139,  139,  139,  139,  139,  139,  0,  0,  0,  139,  139,  139
SOGAMOSO3 , AGCU,  139,  139,  139,  139,  139,  139,  139,  139,  139,  139,  139,  139,  139,  139,  139,  139,  139,  139,  0,  0,  0,  139,  139,  139
SOGAMOSO , MO,  120,  120,  120,  120,  120,  120,  120,  120,  120,  120,  120,  120,  120,  120,  120,  120,  120,  120,  120,  120,  120,  120,  120,  120
SANMIGUEL , P,  97238
SANMIGUEL1 , D,  0,  0,  0,  0,  0,  0,  0,  0,  0,  0,  0,  0,  0,  0,  0,  0,  0,  0,  0,  0,  0,  0,  0,  0
SANMIGUEL2 , D,  25,  25,  25,  25,  25,  25,  25,  25,  25,  25,  25,  25,  25,  25,  25,  25,  25,  25,  25,  25,  25,  25,  25,  25
PARQUEEOLICOGUAJIRAI1 , D,  11.94,  11.94,  11.94,  11.94,  11.60,  11.03,  10.59,  10.48,  11.94,  11.94,  11.94,  11.94,  11.94,  11.94,  11.94,  11.94,  11.94,  11.94,  11.94,  11.94,  11.94,  11.94,  11.94,  11.94
PARQUEEOLICOGUAJIRAI1 , INVD,  6.00,  6.00,  6.00,  6.00,  6.00,  6.00,  6.00,  6.00,  6.00,  6.00,  6.00,  6.00,  6.00,  6.00,  6.00,  6.00,  6.00,  6.00,  6.00,  6.00,  6.00,  6.00,  6.00,  6.00
PARQUEEOLICOWESP011 , D,  11.12,  10.68,  10.20,  9.72,  9.23,  9.53,  9.82,  10.12,  10.55,  10.98,  11.42,  11.50,  11.59,  11.67,  11.70,  11.72,  11.74,  11.83,  11.91,  12.00,  11.97,  11.94,  11.90,  11.85
PARQUEEOLICOWESP011 , INVD,  4.00,  4.00,  4.00,  4.00,  4.00,  4.00,  4.00,  4.00,  4.00,  4.00,  4.00,  4.00,  4.00,  4.00,  4.00,  4.00,  4.00,  4.00,  4.00,  4.00,  4.00,  4.00,  4.00,  4.00
TRINA-VATIABSLI1 , D,  0.00,  0.00,  0.00,  0.00,  1.99,  1.99,  3.66,  5.89,  7.27,  9.12,  9.96,  11.29,  11.01,  9.09,  8.43,  8.23,  6.84,  0.00,  0.00,  0.00,  0.00,  0.00,  0.00,  0.00
TRINA-VATIABSLI1 , INVD,  126.00,  126.00,  126.00,  126.00,  126.00,  126.00,  126.00,  126.00,  126.00,  126.00,  126.00,  126.00,  126.00,  126.00,  126.00,  126.00,  126.00,  126.00,  126.00,  126.00,  126.00,  126.00,  126.00,  126.00
TRINA-VATIABSLII1 , D,  0.00,  0.00,  0.00,  0.00,  1.99,  1.99,  3.66,  5.89,  7.27,  9.12,  9.96,  11.29,  11.01,  9.09,  8.43,  8.23,  6.84,  0.00,  0.00,  0.00,  0.00,  0.00,  0.00,  0.00
TRINA-VATIABSLII1 , INVD,  126.00,  126.00,  126.00,  126.00,  126.00,  126.00,  126.00,  126.00,  126.00,  126.00,  126.00,  126.00,  126.00,  126.00,  126.00,  126.00,  126.00,  126.00,  126.00,  126.00,  126.00,  126.00,  126.00,  126.00
TRINA-VATIABSLIII1 , D,  0.00,  0.00,  0.00,  0.00,  1.99,  1.99,  3.66,  5.89,  7.27,  9.12,  9.96,  11.29,  11.01,  9.09,  8.43,  8.23,  6.84,  0.00,  0.00,  0.00,  0.00,  0.00,  0.00,  0.00
TRINA-VATIABSLIII1 , INVD,  126.00,  126.00,  126.00,  126.00,  126.00,  126.00,  126.00,  126.00,  126.00,  126.00,  126.00,  126.00,  126.00,  126.00,  126.00,  126.00,  126.00,  126.00,  126.00,  126.00,  126.00,  126.00,  126.00,  126.00
BOSQUESSOLARESDELOSLLANOS41 , D,  0.00,  0.00,  0.00,  0.00,  1.99,  1.99,  3.66,  5.89,  7.27,  9.12,  9.96,  11.29,  11.01,  9.09,  8.43,  8.23,  6.84,  0.00,  0.00,  0.00,  0.00,  0.00,  0.00,  0.00
BOSQUESSOLARESDELOSLLANOS41 , INVD,  121.00,  121.00,  121.00,  121.00,  121.00,  121.00,  121.00,  121.00,  121.00,  121.00,  121.00,  121.00,  121.00,  121.00,  121.00,  121.00,  121.00,  121.00,  121.00,  121.00,  121.00,  121.00,  121.00,  121.00
BOSQUESSOLARESDELOSLLANOS51 , D,  0.00,  0.00,  0.00,  0.00,  1.99,  2.18,  4.88,  5.69,  7.68,  10.15,  10.35,  11.17,  10.57,  10.02,  8.56,  7.89,  5.93,  0.00,  0.00,  0.00,  0.00,  0.00,  0.00,  0.00
BOSQUESSOLARESDELOSLLANOS51 , INVD,  111.00,  111.00,  111.00,  111.00,  111.00,  111.00,  111.00,  111.00,  111.00,  111.00,  111.00,  111.00,  111.00,  111.00,  111.00,  111.00,  111.00,  111.00,  111.00,  111.00,  111.00,  111.00,  111.00,  111.00
BSB5001 , D,  0.00,  0.00,  0.00,  0.00,  0.00,  0.00,  0.00,  4.00,  9.00,  13.00,  15.00,  16.00,  16.00,  16.00,  13.00,  11.00,  3.00,  2.00,  0.00,  0.00,  0.00,  0.00,  0.00,  0.00
BSB5001 , INVD,  77.00,  77.00,  77.00,  77.00,  77.00,  77.00,  77.00,  77.00,  77.00,  77.00,  77.00,  77.00,  77.00,  77.00,  77.00,  77.00,  77.00,  77.00,  77.00,  77.00,  77.00,  77.00,  77.00,  77.00
BSB5011 , D,  0.00,  0.00,  0.00,  0.00,  2.50,  2.54,  4.71,  6.56,  9.50,  13.48,  15.02,  14.75,  15.02,  14.25,  13.63,  13.62,  13.68,  10.06,  0.00,  0.00,  0.00,  0.00,  0.00,  0.00
BSB5011 , INVD,  77.00,  77.00,  77.00,  77.00,  77.00,  77.00,  77.00,  77.00,  77.00,  77.00,  77.00,  77.00,  77.00,  77.00,  77.00,  77.00,  77.00,  77.00,  77.00,  77.00,  77.00,  77.00,  77.00,  77.00
BSB5031 , D,  0.00,  0.00,  0.00,  0.00,  2.50,  2.54,  4.71,  6.56,  9.50,  13.48,  15.02,  14.75,  15.02,  14.25,  13.63,  13.62,  13.68,  10.06,  0.00,  0.00,  0.00,  0.00,  0.00,  0.00
BSB5031 , INVD,  77.00,  77.00,  77.00,  77.00,  77.00,  77.00,  77.00,  77.00,  77.00,  77.00,  77.00,  77.00,  77.00,  77.00,  77.00,  77.00,  77.00,  77.00,  77.00,  77.00,  77.00,  77.00,  77.00,  77.00
BSB5021 , D,  0.00,  0.00,  0.00,  0.00,  2.50,  2.54,  4.71,  6.56,  9.50,  13.48,  15.02,  14.75,  15.02,  14.25,  13.63,  13.62,  13.68,  10.06,  0.00,  0.00,  0.00,  0.00,  0.00,  0.00
BSB5021 , INVD,  77.00,  77.00,  77.00,  77.00,  77.00,  77.00,  77.00,  77.00,  77.00,  77.00,  77.00,  77.00,  77.00,  77.00,  77.00,  77.00,  77.00,  77.00,  77.00,  77.00,  77.00,  77.00,  77.00,  77.00
BSB5041 , D,  0.00,  0.00,  0.00,  0.00,  2.50,  2.54,  4.71,  6.56,  9.50,  13.48,  15.02,  14.75,  15.02,  14.25,  13.63,  13.62,  13.68,  10.06,  0.00,  0.00,  0.00,  0.00,  0.00,  0.00
BSB5041 , INVD,  77.00,  77.00,  77.00,  77.00,  77.00,  77.00,  77.00,  77.00,  77.00,  77.00,  77.00,  77.00,  77.00,  77.00,  77.00,  77.00,  77.00,  77.00,  77.00,  77.00,  77.00,  77.00,  77.00,  77.00
CALDERAS1 , D,  4.00,  4.00,  4.00,  4.00,  4.00,  4.00,  4.00,  4.00,  4.00,  4.00,  4.00,  9.00,  9.00,  4.00,  4.00,  4.00,  4.00,  4.00,  9.95,  9.95,  9.95,  4.00,  4.00,  4.00
CALDERAS2 , D,  4.00,  4.00,  4.00,  4.00,  4.00,  4.00,  4.00,  4.00,  4.00,  4.00,  4.00,  9.00,  9.00,  4.00,  4.00,  4.00,  4.00,  4.00,  9.95,  9.95,  9.95,  4.00,  4.00,  4.00
ELPOPAL1 , D,  0.00,  0.00,  0.00,  0.00,  0.00,  0.00,  0.00,  0.00,  0.00,  0.00,  0.00,  0.00,  0.00,  0.00,  0.00,  0.00,  0.00,  0.00,  0.00,  0.00,  0.00,  0.00,  0.00,  0.00
ELPOPAL2 , D,  0.00,  0.00,  0.00,  0.00,  0.00,  0.00,  0.00,  0.00,  0.00,  0.00,  0.00,  0.00,  0.00,  0.00,  0.00,  0.00,  0.00,  0.00,  0.00,  0.00,  0.00,  0.00,  0.00,  0.00
ELMOLINO1 , D,  5.76,  6.00,  6.00,  6.00,  8.00,  7.00,  6.00,  6.00,  6.00,  6.00,  6.00,  5.76,  5.76,  5.76,  5.76,  5.76,  5.76,  5.76,  6.00,  7.00,  6.00,  6.00,  6.00,  5.76
ELMOLINO2 , D,  5.76,  6.00,  6.00,  6.00,  8.00,  7.00,  6.00,  6.00,  6.00,  6.00,  6.00,  5.76,  5.76,  5.76,  5.76,  5.76,  5.76,  5.76,  6.00,  7.00,  6.00,  6.00,  6.00,  5.76
BARROSO1 , D,  3.00,  3.00,  3.00,  3.00,  3.00,  3.00,  3.00,  3.00,  3.00,  3.00,  3.00,  3.00,  3.00,  3.00,  3.00,  3.00,  3.00,  3.00,  3.00,  3.00,  3.00,  3.00,  3.00,  3.00
CARUQUIA1 , D,  6.00,  5.00,  5.00,  5.00,  5.00,  4.00,  4.00,  4.00,  3.50,  3.50,  3.50,  3.50,  3.50,  3.50,  3.50,  4.00,  5.00,  5.00,  5.00,  5.00,  8.00,  8.00,  8.00,  8.00
GUANAQUITAS1 , D,  8.00,  7.00,  7.00,  7.00,  7.00,  7.00,  7.00,  6.00,  6.00,  6.00,  5.00,  5.00,  5.00,  5.00,  5.00,  6.00,  7.00,  7.00,  7.00,  7.00,  7.00,  8.00,  8.00,  9.00
SANMATIAS1 , D,  5.76,  6.00,  6.00,  6.00,  8.00,  7.00,  7.00,  6.00,  6.00,  6.00,  6.00,  6.00,  5.76,  5.76,  5.76,  5.76,  5.76,  5.76,  6.00,  7.00,  6.00,  6.00,  6.00,  6.00
SANMATIAS2 , D,  5.76,  6.00,  6.00,  6.00,  8.00,  7.00,  7.00,  6.00,  6.00,  6.00,  6.00,  6.00,  5.76,  5.76,  5.76,  5.76,  5.76,  5.76,  6.00,  7.00,  6.00,  6.00,  6.00,  6.00
LUZMAI1 , D,  6.00,  6.00,  6.00,  5.00,  5.00,  5.00,  5.00,  5.00,  5.00,  6.00,  7.00,  6.00,  6.00,  6.00,  6.00,  6.00,  6.00,  6.00,  5.00,  5.00,  5.00,  6.00,  6.00,  6.00
LUZMAII1 , D,  5.00,  5.00,  5.00,  5.00,  5.00,  5.00,  5.00,  5.00,  5.00,  6.00,  6.00,  6.00,  6.00,  6.00,  6.00,  6.00,  5.00,  5.00,  5.00,  5.00,  5.00,  5.00,  6.00,  6.00
LUZMAII2 , D,  5.00,  5.00,  5.00,  5.00,  5.00,  5.00,  5.00,  5.00,  5.00,  6.00,  6.00,  6.00,  6.00,  6.00,  6.00,  6.00,  5.00,  5.00,  5.00,  5.00,  5.00,  5.00,  6.00,  6.00
LUZMAI2 , D,  6.00,  6.00,  6.00,  5.00,  5.00,  5.00,  5.00,  5.00,  5.00,  6.00,  7.00,  6.00,  6.00,  6.00,  6.00,  6.00,  6.00,  6.00,  5.00,  5.00,  5.00,  6.00,  6.00,  6.00
BARROSO2 , D,  3.00,  3.00,  3.00,  3.00,  3.00,  3.00,  3.00,  3.00,  3.00,  3.00,  3.00,  3.00,  3.00,  3.00,  3.00,  3.00,  3.00,  3.00,  3.00,  3.00,  3.00,  3.00,  3.00,  3.00


AGENTE: NITRO ENERGY
CARTAGENA1 , P,  1720425
CARTAGENA1 , PAPT13, 81050763
CARTAGENA1 , PAPF13, 123584386
CARTAGENA1 , PAPF09, 151565598
CARTAGENA1 , PAPC13, 53224676
CARTAGENA1 , PAPC09, 65580180
CARTAGENA1 , PAPT09, 88387761
CARTAGENA1 , PAPT02, 61723016
CARTAGENA1 , PAPF02, 101426653
CARTAGENA1 , PAPC02, 43497914
CARTAGENA1 , PAPUSDC02, 10375
CARTAGENA1 , PAPUSDT02, 14722
CARTAGENA1 , PAPUSDF02, 24192
CARTAGENA1 , PAPUSDC09, 15642
CARTAGENA1 , PAPUSDT09, 21082
CARTAGENA1 , PAPUSDF09, 36151
CARTAGENA1 , PAPUSDT13, 19332
CARTAGENA1 , PAPUSDF13, 29477
CARTAGENA1 , PAPUSDC13, 12695
CARTAGENA1 , D,  52,  52,  52,  52,  52,  52,  52,  52,  52,  52,  52,  52,  52,  52,  52,  52,  52,  52,  52,  52,  52,  52,  52,  52
CARTAGENA1 , CONF,  1
CARTAGENA1 , C,  COMBUSTOLEO
CARTAGENA2 , P,  1630037
CARTAGENA2 , PAPT13, 73323857
CARTAGENA2 , PAPF13, 114109178
CARTAGENA2 , PAPC13, 52532902
CARTAGENA2 , PAPF09, 122192453
CARTAGENA2 , PAPT09, 82304342
CARTAGENA2 , PAPC09, 59953751
CARTAGENA2 , PAPF02, 96018238
CARTAGENA2 , PAPC02, 40760166
CARTAGENA2 , PAPT02, 57899392
CARTAGENA2 , PAPUSDC02, 9722
CARTAGENA2 , PAPUSDT02, 13810
CARTAGENA2 , PAPUSDF02, 22902
CARTAGENA2 , PAPUSDC09, 14300
CARTAGENA2 , PAPUSDT09, 19631
CARTAGENA2 , PAPUSDF09, 29145
CARTAGENA2 , PAPUSDC13, 12530
CARTAGENA2 , PAPUSDT13, 17489
CARTAGENA2 , PAPUSDF13, 27217
CARTAGENA2 , D,  57,  57,  57,  57,  57,  57,  57,  57,  57,  57,  57,  57,  57,  57,  57,  57,  57,  57,  57,  57,  57,  57,  57,  57
CARTAGENA2 , CONF,  1
CARTAGENA2 , C,  COMBUSTOLEO
CARTAGENA3 , P,  1463352
CARTAGENA3 , PAPF09, 120213560
CARTAGENA3 , PAPT09, 83130278
CARTAGENA3 , PAPF02, 87624713
CARTAGENA3 , PAPC09, 60326890
CARTAGENA3 , PAPT02, 50470158
CARTAGENA3 , PAPC02, 42412038
CARTAGENA3 , PAPUSDC02, 10116
CARTAGENA3 , PAPUSDT02, 12038
CARTAGENA3 , PAPUSDF02, 20900
CARTAGENA3 , PAPUSDC09, 14389
CARTAGENA3 , PAPUSDT09, 19828
CARTAGENA3 , PAPUSDF09, 28673
CARTAGENA3 , D,  0,  0,  0,  0,  0,  0,  0,  0,  0,  0,  0,  0,  0,  0,  0,  0,  0,  0,  0,  0,  0,  0,  0,  0
CARTAGENA3 , CONF,  1
CARTAGENA3 , C,  COMBUSTOLEO
PARQUESOLARARENAL1 , D,  0.00,  0.00,  0.00,  0.00,  0.00,  0.00,  0.30,  0.70,  0.70,  1.20,  1.40,  1.60,  1.80,  1.60,  1.40,  1.20,  0.70,  0.30,  0.00,  0.00,  0.00,  0.00,  0.00,  0.00
PARQUESOLARARENAL1 , INVD,  9.00,  9.00,  9.00,  9.00,  9.00,  9.00,  9.00,  9.00,  9.00,  9.00,  9.00,  9.00,  9.00,  9.00,  9.00,  9.00,  9.00,  9.00,  9.00,  9.00,  9.00,  9.00,  9.00,  9.00
MINIGRANJASANPEDRO1 , D,  0.00,  0.00,  0.00,  0.00,  0.00,  0.00,  0.14,  0.32,  0.32,  0.55,  0.64,  0.73,  0.82,  0.73,  0.64,  0.55,  0.32,  0.14,  0.00,  0.00,  0.00,  0.00,  0.00,  0.00
MINIGRANJASANPEDRO1 , INVD,  11.00,  11.00,  11.00,  11.00,  11.00,  11.00,  11.00,  11.00,  11.00,  11.00,  11.00,  11.00,  11.00,  11.00,  11.00,  11.00,  11.00,  11.00,  11.00,  11.00,  11.00,  11.00,  11.00,  11.00
INCAUCA1 , D,  25.00,  25.00,  25.00,  25.00,  25.00,  25.00,  25.00,  25.00,  25.00,  25.00,  25.00,  25.00,  25.00,  25.00,  25.00,  25.00,  25.00,  25.00,  25.00,  25.00,  25.00,  25.00,  25.00,  25.00
INGENIOPROVIDENCIA2 , D,  12.50,  12.50,  12.50,  12.50,  12.50,  12.50,  12.50,  12.50,  12.50,  12.50,  12.50,  12.50,  12.50,  12.50,  12.50,  12.50,  12.50,  12.50,  12.50,  12.50,  12.50,  12.50,  12.50,  12.50
AUTOGBIODIANA1 , D,  0.00,  0.00,  0.00,  0.00,  0.00,  0.00,  0.00,  0.00,  1.50,  1.50,  1.50,  1.50,  1.50,  1.50,  2.50,  2.50,  2.50,  2.50,  2.50,  2.50,  2.50,  0.00,  0.00,  0.00


AGENTE: PCH ALEJANDRÍA
ALEJANDRIA1 , D,  3.96,  3.96,  3.96,  3.96,  3.96,  3.96,  3.96,  3.96,  3.96,  3.96,  3.96,  3.96,  3.96,  3.96,  3.96,  3.96,  3.96,  3.96,  3.96,  3.96,  3.96,  3.96,  3.96,  3.96
ALEJANDRIA2 , D,  3.96,  3.96,  3.96,  3.96,  3.96,  3.96,  3.96,  3.96,  3.96,  3.96,  3.96,  3.96,  3.96,  3.96,  3.96,  3.96,  3.96,  3.96,  3.96,  3.96,  3.96,  3.96,  3.96,  3.96
ALEJANDRIA3 , D,  0.97,  0.97,  0.97,  0.97,  0.97,  0.97,  0.97,  0.97,  0.97,  0.97,  0.97,  0.97,  0.97,  0.97,  0.97,  0.97,  0.97,  0.97,  0.97,  0.97,  0.97,  0.97,  0.97,  0.97


AGENTE: PCH EL COCUYO
ELCOCUYO1 , D,  0.45,  0.45,  0.45,  0.45,  0.45,  0.45,  0.45,  0.45,  0.45,  0.45,  0.45,  0.45,  0.45,  0.45,  0.45,  0.45,  0.45,  0.45,  0.45,  0.45,  0.45,  0.45,  0.45,  0.45
LASVIOLETAS1 , D,  0.45,  0.45,  0.45,  0.45,  0.45,  0.45,  0.45,  0.45,  0.45,  0.45,  0.45,  0.45,  0.45,  0.45,  0.45,  0.45,  0.45,  0.45,  0.45,  0.45,  0.45,  0.45,  0.45,  0.00


AGENTE: PDS
PORTONDELSOL , P,  88000
PORTONDELSOL1 , D,  0,  0,  0,  0,  0,  0,  3,  16,  38,  68,  83,  90,  91,  89,  81,  61,  29,  8,  0,  0,  0,  0,  0,  0
PORTONDELSOL1 , INVD,  26,  26,  26,  26,  26,  26,  26,  26,  26,  26,  26,  26,  26,  26,  26,  26,  26,  26,  26,  26,  26,  26,  26,  26


AGENTE: PLSG
LOSGIRASOLES1 , D,  0.00,  0.00,  0.00,  0.00,  0.00,  0.51,  3.03,  5.59,  7.73,  9.17,  9.50,  9.50,  8.96,  7.55,  5.57,  3.08,  0.65,  0.00,  0.00,  0.00,  0.00,  0.00,  0.00,  0.00
LOSGIRASOLES1 , INVD,  48.00,  48.00,  48.00,  48.00,  48.00,  48.00,  48.00,  48.00,  48.00,  48.00,  48.00,  48.00,  48.00,  48.00,  48.00,  48.00,  48.00,  48.00,  48.00,  48.00,  48.00,  48.00,  48.00,  48.00


AGENTE: PROELECTRICA
PROELECTRICA , P,  947672
PROELECTRICA1 , PAPT02, 96982529
PROELECTRICA1 , PAPF02, 104965183
PROELECTRICA1 , PAPC02, 83725623
PROELECTRICA2 , PAPF02, 104965183
PROELECTRICA2 , PAPT02, 96982529
PROELECTRICA2 , PAPC02, 83725623
PROELECTRICA1 , PAPUSDC02, 19970
PROELECTRICA1 , PAPUSDT02, 23132
PROELECTRICA1 , PAPUSDF02, 25036
PROELECTRICA2 , PAPUSDC02, 19970
PROELECTRICA2 , PAPUSDT02, 23132
PROELECTRICA2 , PAPUSDF02, 25036
PROELECTRICA1 , D,  0,  0,  0,  0,  0,  0,  0,  0,  0,  0,  0,  0,  0,  0,  0,  0,  0,  0,  0,  0,  0,  0,  0,  0
PROELECTRICA2 , D,  0,  0,  0,  0,  0,  0,  0,  0,  0,  0,  0,  0,  0,  0,  0,  0,  0,  0,  0,  0,  0,  0,  0,  0
PROELECTRICA , CONF,  1
PROELECTRICA , C,  GAS
GDELROBLE1 , D,  0.00,  0.00,  0.00,  0.00,  0.00,  0.06,  0.22,  0.41,  0.57,  0.69,  0.75,  0.74,  0.68,  0.56,  0.40,  0.21,  0.06,  0.00,  0.00,  0.00,  0.00,  0.00,  0.00,  0.00
GDELROBLE1 , INVD,  0.00,  0.00,  0.00,  0.00,  0.00,  5.00,  5.00,  5.00,  5.00,  5.00,  5.00,  5.00,  5.00,  5.00,  5.00,  5.00,  5.00,  0.00,  0.00,  0.00,  0.00,  0.00,  0.00,  0.00
ELEDEN1 , D,  5.50,  5.50,  5.50,  5.50,  5.50,  5.50,  5.50,  5.50,  5.50,  5.50,  5.50,  5.50,  5.50,  5.50,  5.50,  5.50,  5.50,  5.50,  5.50,  5.50,  5.50,  5.50,  5.50,  5.50
ELEDEN2 , D,  5.50,  5.50,  5.50,  5.50,  5.50,  5.50,  5.50,  5.50,  5.50,  5.50,  5.50,  5.50,  5.50,  5.50,  5.50,  5.50,  5.50,  5.50,  5.50,  5.50,  5.50,  5.50,  5.50,  5.50
AUTOGGRANCOLOMBIAGOLD1 , D,  0.00,  0.00,  0.00,  0.00,  0.00,  0.00,  0.00,  0.00,  0.00,  0.00,  0.00,  0.00,  0.00,  0.00,  0.00,  0.00,  0.00,  0.00,  0.00,  0.00,  0.00,  0.00,  0.00,  0.00


AGENTE: PROENCA 
PROENCAII1 , D,  0.00,  0.00,  0.00,  0.00,  0.00,  0.00,  0.00,  0.00,  0.00,  0.00,  0.00,  0.00,  0.00,  0.00,  0.00,  0.00,  0.00,  0.00,  0.00,  0.00,  0.00,  0.00,  0.00,  0.00
COGENERADORPROENCA , D,  10.00,  10.00,  10.00,  10.00,  10.00,  10.00,  10.00,  10.00,  10.00,  10.00,  10.00,  10.00,  10.00,  10.00,  10.00,  10.00,  10.00,  10.00,  10.00,  10.00,  10.00,  10.00,  10.00,  10.00


AGENTE: RIO PIEDRAS
AGUAFRESCA1 , D,  7.29,  7.29,  7.29,  7.29,  7.29,  7.29,  7.29,  7.29,  7.29,  7.29,  7.29,  7.29,  7.29,  7.29,  7.29,  7.29,  7.29,  7.29,  7.29,  7.29,  7.29,  7.29,  7.29,  7.29


AGENTE: RIOEN SAS  E.S.P.
CENTRALCASTILLA1 , D,  3.00,  3.00,  3.00,  3.00,  3.00,  3.00,  3.00,  3.00,  3.00,  3.00,  3.00,  3.00,  3.00,  3.00,  3.00,  3.00,  3.00,  3.00,  3.00,  3.00,  3.00,  3.00,  3.00,  3.00
INGENIORIOPAILA1 , D,  16.00,  16.00,  16.00,  16.00,  16.00,  16.00,  16.00,  16.00,  16.00,  16.00,  16.00,  16.00,  16.00,  16.00,  16.00,  16.00,  16.00,  16.00,  16.00,  16.00,  16.00,  16.00,  16.00,  16.00


AGENTE: RISARALDA
MORROAZUL1 , D,  14.00,  14.00,  14.00,  14.00,  14.00,  14.00,  14.00,  14.00,  14.00,  14.00,  14.00,  14.00,  14.00,  14.00,  14.00,  14.00,  14.00,  14.00,  14.00,  14.00,  14.00,  14.00,  14.00,  14.00


AGENTE: SAN BARTOLOME
OIBITA1 , D,  9.95,  9.95,  9.95,  9.95,  9.95,  9.95,  9.95,  9.95,  9.95,  9.95,  9.95,  9.95,  9.95,  9.95,  9.95,  9.95,  9.95,  9.95,  9.95,  9.95,  9.95,  9.95,  9.95,  9.95
SANBARTOLOME1 , D,  9.95,  9.95,  9.95,  9.95,  9.95,  9.95,  9.95,  9.95,  9.95,  9.95,  9.95,  9.95,  9.95,  9.95,  9.95,  9.95,  9.95,  9.95,  9.95,  9.95,  9.95,  9.95,  9.95,  9.95
SANBARTOLOME2 , D,  9.95,  9.95,  9.95,  9.95,  9.95,  9.95,  9.95,  9.95,  9.95,  9.95,  9.95,  9.95,  9.95,  9.95,  9.95,  9.95,  9.95,  9.95,  9.95,  9.95,  9.95,  9.95,  9.95,  9.95
OIBITA2 , D,  9.95,  9.95,  9.95,  9.95,  9.95,  9.95,  9.95,  9.95,  9.95,  9.95,  9.95,  9.95,  9.95,  9.95,  9.95,  9.95,  9.95,  9.95,  9.95,  9.95,  9.95,  9.95,  9.95,  9.95


AGENTE: SANTA FE ENERGY
URRAO1 , D,  0.40,  0.40,  0.40,  0.40,  0.40,  0.40,  0.40,  0.40,  0.40,  0.40,  0.40,  0.40,  0.40,  0.40,  0.40,  0.40,  0.40,  0.40,  0.40,  0.40,  0.40,  0.40,  0.40,  0.40
CAUYA1 , D,  0.10,  0.10,  0.10,  0.10,  0.10,  0.10,  0.10,  0.10,  0.10,  0.10,  0.10,  0.10,  0.10,  0.10,  0.10,  0.10,  0.10,  0.10,  0.10,  0.10,  0.10,  0.10,  0.10,  0.10
CAUYA2 , D,  0.10,  0.10,  0.10,  0.10,  0.10,  0.10,  0.10,  0.10,  0.10,  0.10,  0.10,  0.10,  0.10,  0.10,  0.10,  0.10,  0.10,  0.10,  0.10,  0.10,  0.10,  0.10,  0.10,  0.10
LACASCADADEGRANADA1 , D,  0.70,  0.70,  0.70,  0.70,  0.70,  0.70,  0.70,  0.70,  0.70,  0.70,  0.70,  0.70,  0.70,  0.70,  0.70,  0.70,  0.70,  0.70,  0.70,  0.70,  0.70,  0.70,  0.70,  0.70


AGENTE: SIGMA2 SAS ESP
LAFRISOLERA1 , D,  0.29,  0.29,  0.29,  0.29,  0.29,  0.29,  0.29,  0.29,  0.29,  0.29,  0.29,  0.29,  0.29,  0.29,  0.29,  0.29,  0.29,  0.29,  0.29,  0.29,  0.29,  0.29,  0.29,  0.29
SANFRANCISCO(PUTUMAYO)1 , D,  0.35,  0.35,  0.35,  0.35,  0.35,  0.35,  0.35,  0.35,  0.35,  0.35,  0.35,  0.35,  0.35,  0.35,  0.35,  0.35,  0.35,  0.35,  0.35,  0.35,  0.35,  0.35,  0.35,  0.35


AGENTE: SOL DE LAS CIENAGAS
CARACOLII , P,  90000
CARACOLII1 , D,  0,  0,  0,  0,  0,  0,  1,  17,  29,  35,  37,  37,  37,  36,  34,  29,  17,  3,  0,  0,  0,  0,  0,  0
CARACOLII1 , INVD,  17,  17,  17,  17,  17,  17,  17,  17,  17,  17,  17,  17,  17,  17,  17,  17,  17,  17,  17,  17,  17,  17,  17,  17


AGENTE: SPECTRUM
POCUNE1 , D,  1.00,  1.00,  1.00,  1.00,  1.00,  1.00,  1.00,  1.00,  1.00,  1.00,  1.00,  1.00,  1.00,  1.00,  1.00,  1.00,  1.00,  1.00,  1.00,  1.00,  1.00,  1.00,  1.00,  1.00


AGENTE: SPK LA MATA
LAMATA , P,  88000
LAMATA1 , D,  0,  0,  0,  0,  0,  0,  9,  19,  55,  64,  65,  65,  65,  64,  63,  48,  13,  0,  0,  0,  0,  0,  0,  0
LAMATA1 , INVD,  27,  27,  27,  27,  27,  27,  27,  27,  27,  27,  27,  27,  27,  27,  27,  27,  27,  27,  27,  27,  27,  27,  27,  27


AGENTE: SPK LA UNIÓN
PARQUESOLARLAUNION , P,  88000
PARQUESOLARLAUNION1 , D,  0,  0,  0,  0,  0,  0,  8,  22,  75,  90,  90,  90,  90,  90,  90,  78,  22,  5,  0,  0,  0,  0,  0,  0
PARQUESOLARLAUNION1 , INVD,  32,  32,  32,  32,  32,  32,  32,  32,  32,  32,  32,  32,  32,  32,  32,  32,  32,  32,  32,  32,  32,  32,  32,  32


AGENTE: TCNG
TERMOCENTROCC , P4,  1958638
TERMOCENTROCC , P5,  2595975
TERMOCENTROCC , P1,  1934432
TERMOCENTROCC , P2,  2202671
TERMOCENTROCC , P3,  2596176
TERMOCENTRO1 , PAPT02, 80992067
TERMOCENTRO1 , PAPF02, 80992067
TERMOCENTRO1 , PAPC02, 80992067
TERMOCENTRO2 , PAPT02, 80992067
TERMOCENTRO2 , PAPF02, 80992067
TERMOCENTRO2 , PAPC02, 80992067
TERMOCENTRO3 , PAPT02, 17835193
TERMOCENTRO3 , PAPF02, 17835193
TERMOCENTRO3 , PAPC02, 17835193
TERMOCENTRO1 , PAPUSDC02, 19318
TERMOCENTRO1 , PAPUSDT02, 19318
TERMOCENTRO1 , PAPUSDF02, 19318
TERMOCENTRO2 , PAPUSDF02, 19318
TERMOCENTRO2 , PAPUSDC02, 19318
TERMOCENTRO2 , PAPUSDT02, 19318
TERMOCENTRO3 , PAPUSDC02, 4254
TERMOCENTRO3 , PAPUSDT02, 4254
TERMOCENTRO3 , PAPUSDF02, 4254
TERMOCENTRO1 , D,  0,  0,  0,  0,  0,  0,  0,  0,  0,  0,  0,  0,  0,  0,  0,  0,  0,  0,  0,  0,  0,  0,  0,  0
TERMOCENTRO2 , D,  0,  0,  0,  0,  0,  0,  0,  0,  0,  0,  0,  0,  0,  0,  0,  0,  0,  0,  0,  0,  0,  0,  0,  0
TERMOCENTRO3 , D,  0,  0,  0,  0,  0,  0,  0,  0,  0,  0,  0,  0,  0,  0,  0,  0,  0,  0,  0,  0,  0,  0,  0,  0
TERMOCENTROCC , DISCONF1,  0,  0,  0,  0,  0,  0,  0,  0,  0,  0,  0,  0,  0,  0,  0,  0,  0,  0,  0,  0,  0,  0,  0,  0
TERMOCENTROCC , DISCONF2,  0,  0,  0,  0,  0,  0,  0,  0,  0,  0,  0,  0,  0,  0,  0,  0,  0,  0,  0,  0,  0,  0,  0,  0
TERMOCENTROCC , DISCONF3,  0,  0,  0,  0,  0,  0,  0,  0,  0,  0,  0,  0,  0,  0,  0,  0,  0,  0,  0,  0,  0,  0,  0,  0
TERMOCENTROCC , DISCONF4,  0,  0,  0,  0,  0,  0,  0,  0,  0,  0,  0,  0,  0,  0,  0,  0,  0,  0,  0,  0,  0,  0,  0,  0
TERMOCENTROCC , DISCONF5,  0,  0,  0,  0,  0,  0,  0,  0,  0,  0,  0,  0,  0,  0,  0,  0,  0,  0,  0,  0,  0,  0,  0,  0


AGENTE: TEBSA S.A. (E.S.P.)
TEBSABCC , P5,  1905579
TEBSABCC , P7,  792680
TEBSABCC , P4,  871810
TEBSABCC , P10,  803369
TEBSABCC , P8,  1785430
TEBSABCC , P9,  961700
TEBSABCC , P1,  1796450
TEBSABCC , P2,  841823
TEBSABCC , P3,  2044603
TEBSABCC , P6,  937033
TEBSA11 , PAPF02, 80174516
TEBSA11 , PAPT02, 80174516
TEBSA11 , PAPC02, 80174516
TEBSA12 , PAPT02, 80174516
TEBSA12 , PAPF02, 80174516
TEBSA12 , PAPC02, 80174516
TEBSA13 , PAPF02, 80174516
TEBSA13 , PAPC02, 80174516
TEBSA13 , PAPT02, 80174516
TEBSA14 , PAPT02, 27130120
TEBSA14 , PAPF02, 37032971
TEBSA14 , PAPC02, 27130120
TEBSA21 , PAPT02, 80174516
TEBSA21 , PAPF02, 80174516
TEBSA21 , PAPC02, 80174516
TEBSA22 , PAPT02, 80174516
TEBSA22 , PAPF02, 80174516
TEBSA22 , PAPC02, 80174516
TEBSA24 , PAPF02, 37032971
TEBSA24 , PAPT02, 27130120
TEBSA24 , PAPC02, 27130120
TEBSA11 , PAPUSDC02, 19123
TEBSA11 , PAPUSDT02, 19123
TEBSA11 , PAPUSDF02, 19123
TEBSA12 , PAPUSDC02, 19123
TEBSA12 , PAPUSDF02, 19123
TEBSA12 , PAPUSDT02, 19123
TEBSA13 , PAPUSDC02, 19123
TEBSA13 , PAPUSDT02, 19123
TEBSA13 , PAPUSDF02, 19123
TEBSA14 , PAPUSDC02, 6471
TEBSA14 , PAPUSDT02, 6471
TEBSA14 , PAPUSDF02, 8833
TEBSA21 , PAPUSDF02, 19123
TEBSA21 , PAPUSDC02, 19123
TEBSA21 , PAPUSDT02, 19123
TEBSA22 , PAPUSDC02, 19123
TEBSA22 , PAPUSDT02, 19123
TEBSA22 , PAPUSDF02, 19123
TEBSA24 , PAPUSDC02, 6471
TEBSA24 , PAPUSDT02, 6471
TEBSA24 , PAPUSDF02, 8833
TEBSA11 , D,  92,  92,  92,  92,  92,  92,  92,  92,  92,  92,  92,  92,  92,  92,  92,  92,  92,  92,  92,  92,  92,  92,  92,  92
TEBSA12 , D,  92,  92,  92,  92,  92,  92,  92,  92,  92,  92,  92,  92,  92,  92,  92,  92,  92,  92,  92,  92,  92,  92,  92,  92
TEBSA13 , D,  92,  92,  92,  92,  92,  92,  92,  92,  92,  92,  92,  92,  92,  92,  92,  92,  92,  92,  92,  92,  92,  92,  92,  92
TEBSA14 , D,  166,  166,  166,  166,  166,  166,  166,  166,  166,  166,  166,  166,  166,  166,  166,  166,  166,  166,  166,  166,  166,  166,  166,  166
TEBSA21 , D,  92,  92,  92,  92,  92,  92,  92,  92,  92,  92,  92,  92,  92,  92,  92,  92,  92,  92,  92,  92,  92,  92,  92,  92
TEBSA22 , D,  92,  92,  92,  92,  92,  92,  92,  92,  92,  92,  92,  92,  92,  92,  92,  92,  92,  92,  92,  92,  92,  92,  92,  92
TEBSA24 , D,  165,  165,  165,  165,  165,  165,  165,  165,  165,  165,  165,  165,  165,  165,  165,  165,  165,  165,  165,  165,  165,  165,  165,  165
TEBSABCC , DISCONF5,  370,  370,  370,  370,  370,  370,  370,  370,  370,  370,  370,  370,  370,  370,  370,  370,  370,  370,  370,  370,  370,  370,  370,  370
TEBSABCC , DISCONF6,  530,  530,  530,  530,  530,  530,  530,  530,  530,  530,  530,  530,  530,  530,  530,  530,  530,  530,  530,  530,  530,  530,  530,  530
TEBSABCC , DISCONF9,  624,  624,  624,  624,  624,  624,  624,  624,  624,  624,  624,  624,  624,  624,  624,  624,  624,  624,  624,  624,  624,  624,  624,  624
TEBSABCC , DISCONF10,  791,  791,  791,  791,  791,  791,  791,  791,  791,  791,  791,  791,  791,  791,  791,  791,  791,  791,  791,  791,  791,  791,  791,  791
TEBSABCC , DISCONF1,  182,  182,  182,  182,  182,  182,  182,  182,  182,  182,  182,  182,  182,  182,  182,  182,  182,  182,  182,  182,  182,  182,  182,  182
TEBSABCC , DISCONF2,  319,  319,  319,  319,  319,  319,  319,  319,  319,  319,  319,  319,  319,  319,  319,  319,  319,  319,  319,  319,  319,  319,  319,  319
TEBSABCC , DISCONF3,  276,  276,  276,  276,  276,  276,  276,  276,  276,  276,  276,  276,  276,  276,  276,  276,  276,  276,  276,  276,  276,  276,  276,  276
TEBSABCC , DISCONF4,  436,  436,  436,  436,  436,  436,  436,  436,  436,  436,  436,  436,  436,  436,  436,  436,  436,  436,  436,  436,  436,  436,  436,  436
TEBSABCC , DISCONF7,  642,  642,  642,  642,  642,  642,  642,  642,  642,  642,  642,  642,  642,  642,  642,  642,  642,  642,  642,  642,  642,  642,  642,  642
TEBSABCC , DISCONF8,  464,  464,  464,  464,  464,  464,  464,  464,  464,  464,  464,  464,  464,  464,  464,  464,  464,  464,  464,  464,  464,  464,  464,  464
BARRANQUILLA3 , P,  1434478
BARRANQUILLA3 , PAPT02, 118905478
BARRANQUILLA3 , PAPF02, 129324014
BARRANQUILLA3 , PAPC02, 82752947
BARRANQUILLA3 , PAPUSDC02, 19738
BARRANQUILLA3 , PAPUSDT02, 28361
BARRANQUILLA3 , PAPUSDF02, 30846
BARRANQUILLA3 , D,  60,  60,  60,  60,  60,  60,  60,  60,  60,  60,  60,  60,  60,  60,  60,  60,  60,  60,  60,  60,  60,  60,  60,  60
BARRANQUILLA3 , CONF,  1
BARRANQUILLA3 , C,  GAS
BARRANQUILLA4 , P,  1428791
BARRANQUILLA4 , PAPT02, 118905478
BARRANQUILLA4 , PAPF02, 129324014
BARRANQUILLA4 , PAPC02, 82752947
BARRANQUILLA4 , PAPUSDF02, 30846
BARRANQUILLA4 , PAPUSDC02, 19738
BARRANQUILLA4 , PAPUSDT02, 28361
BARRANQUILLA4 , D,  60,  60,  60,  60,  60,  60,  60,  60,  60,  60,  60,  60,  60,  60,  60,  60,  60,  60,  60,  60,  60,  60,  60,  60
BARRANQUILLA4 , CONF,  1
BARRANQUILLA4 , C,  GAS


AGENTE: TERMO MECHERO MORRO
TERMOMECHERO4 , D,  9.30,  9.30,  9.30,  9.30,  9.30,  9.30,  18.60,  18.60,  18.60,  18.60,  18.60,  18.60,  18.60,  18.60,  18.60,  18.60,  18.60,  18.60,  18.60,  18.60,  18.60,  18.60,  18.60,  18.60
TERMOMECHERO5 , D,  18.60,  18.60,  18.60,  18.60,  18.60,  18.60,  18.60,  18.60,  18.60,  18.60,  18.60,  18.60,  18.60,  18.60,  18.60,  18.60,  18.60,  18.60,  18.60,  18.60,  18.60,  18.60,  18.60,  18.60
TERMOMECHERO6 , D,  18.60,  18.60,  18.60,  18.60,  18.60,  18.60,  18.60,  18.60,  18.60,  18.60,  18.60,  18.60,  18.60,  18.60,  18.60,  18.60,  18.60,  18.60,  18.60,  18.60,  18.60,  18.60,  18.60,  18.60


AGENTE: TERMOCANDELARIA
TERMOCANDELARIACC , P3,  884025
TERMOCANDELARIACC , P4,  847122
TERMOCANDELARIACC , P2,  1329458
TERMOCANDELARIACC , P1,  1455879
TERMOCANDELARIACC1 , PAPF02, 119735607
TERMOCANDELARIACC1 , PAPC02, 119735607
TERMOCANDELARIACC1 , PAPT02, 119735607
TERMOCANDELARIACC2 , PAPF02, 119735607
TERMOCANDELARIACC2 , PAPC02, 119735607
TERMOCANDELARIACC2 , PAPT02, 119735607
TERMOCANDELARIACC3 , PAPF02, 34379074
TERMOCANDELARIACC3 , PAPC02, 28840689
TERMOCANDELARIACC3 , PAPT02, 28840689
TERMOCANDELARIACC1 , PAPUSDC02, 28559
TERMOCANDELARIACC1 , PAPUSDT02, 28559
TERMOCANDELARIACC1 , PAPUSDF02, 28559
TERMOCANDELARIACC2 , PAPUSDC02, 28559
TERMOCANDELARIACC2 , PAPUSDT02, 28559
TERMOCANDELARIACC2 , PAPUSDF02, 28559
TERMOCANDELARIACC3 , PAPUSDC02, 6879
TERMOCANDELARIACC3 , PAPUSDT02, 6879
TERMOCANDELARIACC3 , PAPUSDF02, 8200
TERMOCANDELARIACC3 , D,  197,  197,  197,  197,  197,  197,  197,  197,  197,  197,  197,  197,  197,  197,  197,  197,  197,  197,  197,  197,  197,  197,  197,  197
TERMOCANDELARIACC1 , D,  179,  179,  179,  179,  179,  179,  179,  179,  179,  179,  179,  179,  179,  179,  179,  179,  179,  179,  179,  179,  179,  179,  179,  179
TERMOCANDELARIACC2 , D,  179,  179,  179,  179,  179,  179,  179,  179,  179,  179,  179,  179,  179,  179,  179,  179,  179,  179,  179,  179,  179,  179,  179,  179
TERMOCANDELARIACC , DISCONF3,  260,  260,  260,  260,  260,  260,  260,  260,  260,  260,  260,  260,  260,  260,  260,  260,  260,  260,  260,  260,  260,  260,  260,  260
TERMOCANDELARIACC , DISCONF4,  555,  555,  555,  555,  555,  555,  555,  555,  555,  555,  555,  555,  555,  555,  555,  555,  555,  555,  555,  555,  555,  555,  555,  555
TERMOCANDELARIACC , DISCONF1,  179,  179,  179,  179,  179,  179,  179,  179,  179,  179,  179,  179,  179,  179,  179,  179,  179,  179,  179,  179,  179,  179,  179,  179
TERMOCANDELARIACC , DISCONF2,  358,  358,  358,  358,  358,  358,  358,  358,  358,  358,  358,  358,  358,  358,  358,  358,  358,  358,  358,  358,  358,  358,  358,  358


AGENTE: TERMOCARIBE
TERMOCARIBEIII1 , P,  935000
TERMOCARIBEIII1 , PAPT21, 120955644
TERMOCARIBEIII1 , PAPF21, 120955644
TERMOCARIBEIII1 , PAPF02, 82090521
TERMOCARIBEIII1 , PAPC21, 120955644
TERMOCARIBEIII1 , PAPC02, 82090521
TERMOCARIBEIII1 , PAPT02, 82090521
TERMOCARIBEIII1 , PAPUSDC02, 19580
TERMOCARIBEIII1 , PAPUSDT02, 19580
TERMOCARIBEIII1 , PAPUSDF02, 19580
TERMOCARIBEIII1 , PAPUSDC21, 28850
TERMOCARIBEIII1 , PAPUSDT21, 28850
TERMOCARIBEIII1 , PAPUSDF21, 28850
TERMOCARIBEIII1 , D,  0,  0,  0,  0,  0,  0,  0,  0,  0,  0,  0,  0,  0,  0,  0,  0,  0,  0,  0,  0,  0,  0,  0,  0
TERMOCARIBEIII1 , CONF,  2
TERMOCARIBEIII1 , C,  GAS


AGENTE: TERMOCARTAGENA
ROVIRA1 , D,  0.00,  0.00,  0.00,  0.00,  0.00,  0.32,  1.60,  2.24,  2.70,  3.00,  3.10,  3.10,  2.50,  2.17,  2.00,  1.26,  0.21,  0.14,  0.00,  0.00,  0.00,  0.00,  0.00,  0.00
ROVIRA1 , INVD,  9.00,  9.00,  9.00,  9.00,  9.00,  9.00,  9.00,  9.00,  9.00,  9.00,  9.00,  9.00,  9.00,  9.00,  9.00,  9.00,  9.00,  9.00,  9.00,  9.00,  9.00,  9.00,  9.00,  9.00


AGENTE: TERMOEMCALI
TERMOEMCALICC , P2,  1414931
TERMOEMCALICC , P1,  1414931
TERMOEMCALI1GAS , PAPF07, 276491606
TERMOEMCALI1GAS , PAPC07, 235303799
TERMOEMCALI1GAS , PAPT07, 241592654
TERMOEMCALI1GAS , PAPT02, 192879183
TERMOEMCALI1GAS , PAPF02, 225551881
TERMOEMCALI1GAS , PAPC02, 185466719
TERMOEMCALI1VAPOR , PAPF07, 0
TERMOEMCALI1VAPOR , PAPC07, 0
TERMOEMCALI1VAPOR , PAPT07, 0
TERMOEMCALI1VAPOR , PAPT02, 0
TERMOEMCALI1VAPOR , PAPF02, 0
TERMOEMCALI1VAPOR , PAPC02, 0
TERMOEMCALI1GAS , PAPUSDF07, 65948
TERMOEMCALI1GAS , PAPUSDC02, 44237
TERMOEMCALI1GAS , PAPUSDT02, 46005
TERMOEMCALI1GAS , PAPUSDF02, 53798
TERMOEMCALI1GAS , PAPUSDC07, 56124
TERMOEMCALI1GAS , PAPUSDT07, 57624
TERMOEMCALI1VAPOR , PAPUSDC02, 0
TERMOEMCALI1VAPOR , PAPUSDT02, 0
TERMOEMCALI1VAPOR , PAPUSDF02, 0
TERMOEMCALI1VAPOR , PAPUSDC07, 0
TERMOEMCALI1VAPOR , PAPUSDT07, 0
TERMOEMCALI1VAPOR , PAPUSDF07, 0
TERMOEMCALI1VAPOR , D,  75,  75,  75,  75,  75,  75,  75,  75,  75,  75,  75,  75,  75,  75,  75,  75,  75,  75,  75,  75,  75,  75,  75,  75
TERMOEMCALI1GAS , D,  138,  138,  138,  138,  138,  138,  138,  138,  138,  138,  138,  138,  138,  138,  138,  138,  138,  138,  138,  138,  138,  138,  138,  138
TERMOEMCALICC , DISCONF1,  0,  0,  0,  0,  0,  0,  0,  0,  0,  0,  0,  0,  0,  0,  0,  0,  0,  0,  0,  0,  0,  0,  0,  0
TERMOEMCALICC , DISCONF2,  213,  213,  213,  213,  213,  213,  213,  213,  213,  213,  213,  213,  213,  213,  213,  213,  213,  213,  213,  213,  213,  213,  213,  213


AGENTE: TERMOFLORES
FLORESICC , P1,  1151113
FLORES1GAS , PAPT02, 104881331
FLORES1GAS , PAPF02, 104881331
FLORES1GAS , PAPC02, 104881331
FLORES1VAPOR , PAPT02, 8024579
FLORES1VAPOR , PAPF02, 7269916
FLORES1VAPOR , PAPC02, 7269916
FLORES1GAS , PAPUSDC02, 25016
FLORES1GAS , PAPUSDT02, 25016
FLORES1GAS , PAPUSDF02, 25016
FLORES1VAPOR , PAPUSDC02, 1734
FLORES1VAPOR , PAPUSDT02, 1914
FLORES1VAPOR , PAPUSDF02, 1734
FLORES1GAS , D,  116,  116,  116,  116,  116,  116,  116,  116,  116,  116,  116,  116,  116,  116,  116,  116,  116,  116,  116,  116,  116,  116,  116,  116
FLORES1VAPOR , D,  44,  44,  44,  44,  44,  44,  44,  44,  44,  44,  44,  44,  44,  44,  44,  44,  44,  44,  44,  44,  44,  44,  44,  44
FLORESICC , DISCONF1,  160,  160,  160,  160,  160,  160,  160,  160,  160,  160,  160,  160,  160,  160,  160,  160,  160,  160,  160,  160,  160,  160,  160,  160
FLORES4CC , P1,  1298405
FLORES4CC , P2,  1165881
FLORES4CC , P3,  1187261
FLORES4CC , P4,  1534687
FLORES2 , PAPT02, 96035008
FLORES2 , PAPF02, 96035008
FLORES2 , PAPC02, 96035008
FLORES3 , PAPF02, 102059732
FLORES3 , PAPT02, 102059732
FLORES3 , PAPC02, 102059732
FLORES4 , PAPF02, 13705511
FLORES4 , PAPT02, 14040917
FLORES4 , PAPC02, 13705511
FLORES2 , PAPUSDC02, 22906
FLORES2 , PAPUSDT02, 22906
FLORES2 , PAPUSDF02, 22906
FLORES3 , PAPUSDC02, 24343
FLORES3 , PAPUSDT02, 24343
FLORES3 , PAPUSDF02, 24343
FLORES4 , PAPUSDC02, 3269
FLORES4 , PAPUSDT02, 3349
FLORES4 , PAPUSDF02, 3269
FLORES2 , D,  120,  120,  120,  120,  120,  120,  120,  120,  120,  120,  120,  120,  120,  120,  120,  120,  120,  120,  120,  120,  120,  120,  120,  120
FLORES3 , D,  169,  169,  169,  169,  169,  169,  169,  169,  169,  169,  169,  169,  169,  169,  169,  169,  169,  169,  169,  169,  169,  169,  169,  169
FLORES4 , D,  156,  156,  156,  156,  156,  156,  156,  156,  156,  156,  156,  156,  156,  156,  156,  156,  156,  156,  156,  156,  156,  156,  156,  156
FLORES4CC , DISCONF1,  445,  445,  445,  445,  445,  445,  445,  445,  445,  445,  445,  445,  445,  445,  445,  445,  445,  445,  445,  445,  445,  445,  445,  445
FLORES4CC , DISCONF2,  190,  190,  190,  190,  190,  190,  190,  190,  190,  190,  190,  190,  190,  190,  190,  190,  190,  190,  190,  190,  190,  190,  190,  190
FLORES4CC , DISCONF3,  240,  240,  240,  240,  240,  240,  240,  240,  240,  240,  240,  240,  240,  240,  240,  240,  240,  240,  240,  240,  240,  240,  240,  240
FLORES4CC , DISCONF4,  120,  120,  120,  120,  120,  120,  120,  120,  120,  120,  120,  120,  120,  120,  120,  120,  120,  120,  120,  120,  120,  120,  120,  120


AGENTE: TERMONORTE
TERMONORTE , P,  930000
TERMONORTE1 , PAPF07, 18795291
TERMONORTE1 , PAPC09, 11546338
TERMONORTE1 , PAPC07, 18795291
TERMONORTE1 , PAPT07, 18795291
TERMONORTE1 , PAPT02, 5706088
TERMONORTE1 , PAPF02, 5706088
TERMONORTE1 , PAPT09, 11546338
TERMONORTE1 , PAPF09, 11546338
TERMONORTE1 , PAPC02, 5706088
TERMONORTE10 , PAPT09, 11546338
TERMONORTE10 , PAPF09, 11546338
TERMONORTE10 , PAPC09, 11546338
TERMONORTE10 , PAPT07, 18795291
TERMONORTE10 , PAPF07, 18795291
TERMONORTE10 , PAPC07, 18795291
TERMONORTE10 , PAPT02, 5706088
TERMONORTE10 , PAPF02, 5706088
TERMONORTE10 , PAPC02, 5706088
TERMONORTE2 , PAPF09, 11546338
TERMONORTE2 , PAPT09, 11546338
TERMONORTE2 , PAPC09, 11546338
TERMONORTE2 , PAPF07, 18795291
TERMONORTE2 , PAPT07, 18795291
TERMONORTE2 , PAPC07, 18795291
TERMONORTE2 , PAPF02, 5706088
TERMONORTE2 , PAPT02, 5706088
TERMONORTE2 , PAPC02, 5706088
TERMONORTE3 , PAPF09, 11546338
TERMONORTE3 , PAPT09, 11546338
TERMONORTE3 , PAPC09, 11546338
TERMONORTE3 , PAPF07, 18795291
TERMONORTE3 , PAPT07, 18795291
TERMONORTE3 , PAPF02, 5706088
TERMONORTE3 , PAPC07, 18795291
TERMONORTE3 , PAPC02, 5706088
TERMONORTE3 , PAPT02, 5706088
TERMONORTE4 , PAPF09, 11546338
TERMONORTE4 , PAPT09, 11546338
TERMONORTE4 , PAPC09, 11546338
TERMONORTE4 , PAPT07, 18795291
TERMONORTE4 , PAPF07, 18795291
TERMONORTE4 , PAPC07, 18795291
TERMONORTE4 , PAPF02, 5706088
TERMONORTE4 , PAPT02, 5706088
TERMONORTE4 , PAPC02, 5706088
TERMONORTE5 , PAPF09, 11546338
TERMONORTE5 , PAPC09, 11546338
TERMONORTE5 , PAPT09, 11546338
TERMONORTE5 , PAPT07, 18795291
TERMONORTE5 , PAPF07, 18795291
TERMONORTE5 , PAPF02, 5706088
TERMONORTE5 , PAPC07, 18795291
TERMONORTE5 , PAPC02, 5706088
TERMONORTE5 , PAPT02, 5706088
TERMONORTE6 , PAPT09, 11546338
TERMONORTE6 , PAPF09, 11546338
TERMONORTE6 , PAPC09, 11546338
TERMONORTE6 , PAPF07, 18795291
TERMONORTE6 , PAPT07, 18795291
TERMONORTE6 , PAPC07, 18795291
TERMONORTE6 , PAPF02, 5706088
TERMONORTE6 , PAPT02, 5706088
TERMONORTE6 , PAPC02, 5706088
TERMONORTE7 , PAPF09, 11546338
TERMONORTE7 , PAPC09, 11546338
TERMONORTE7 , PAPT09, 11546338
TERMONORTE7 , PAPF07, 18795291
TERMONORTE7 , PAPC07, 18795291
TERMONORTE7 , PAPT07, 18795291
TERMONORTE7 , PAPF02, 5706088
TERMONORTE7 , PAPC02, 5706088
TERMONORTE7 , PAPT02, 5706088
TERMONORTE8 , PAPC09, 11546338
TERMONORTE8 , PAPT09, 11546338
TERMONORTE8 , PAPF09, 11546338
TERMONORTE8 , PAPF07, 18795291
TERMONORTE8 , PAPF02, 5706088
TERMONORTE8 , PAPC07, 18795291
TERMONORTE8 , PAPT07, 18795291
TERMONORTE8 , PAPT02, 5706088
TERMONORTE8 , PAPC02, 5706088
TERMONORTE9 , PAPF09, 11546338
TERMONORTE9 , PAPC09, 11546338
TERMONORTE9 , PAPT09, 11546338
TERMONORTE9 , PAPF07, 18795291
TERMONORTE9 , PAPT07, 18795291
TERMONORTE9 , PAPF02, 5706088
TERMONORTE9 , PAPC07, 18795291
TERMONORTE9 , PAPT02, 5706088
TERMONORTE9 , PAPC02, 5706088
TERMONORTE1 , PAPUSDC09, 2754
TERMONORTE1 , PAPUSDT09, 2754
TERMONORTE1 , PAPUSDF09, 2754
TERMONORTE1 , PAPUSDC02, 1361
TERMONORTE1 , PAPUSDT02, 1361
TERMONORTE1 , PAPUSDF02, 1361
TERMONORTE1 , PAPUSDC07, 4483
TERMONORTE1 , PAPUSDT07, 4483
TERMONORTE1 , PAPUSDF07, 4483
TERMONORTE10 , PAPUSDC02, 1361
TERMONORTE10 , PAPUSDT02, 1361
TERMONORTE10 , PAPUSDF02, 1361
TERMONORTE10 , PAPUSDC07, 4483
TERMONORTE10 , PAPUSDT07, 4483
TERMONORTE10 , PAPUSDF07, 4483
TERMONORTE10 , PAPUSDC09, 2754
TERMONORTE10 , PAPUSDT09, 2754
TERMONORTE10 , PAPUSDF09, 2754
TERMONORTE2 , PAPUSDC02, 1361
TERMONORTE2 , PAPUSDT02, 1361
TERMONORTE2 , PAPUSDF02, 1361
TERMONORTE2 , PAPUSDC07, 4483
TERMONORTE2 , PAPUSDT07, 4483
TERMONORTE2 , PAPUSDF07, 4483
TERMONORTE2 , PAPUSDC09, 2754
TERMONORTE2 , PAPUSDT09, 2754
TERMONORTE2 , PAPUSDF09, 2754
TERMONORTE3 , PAPUSDC02, 1361
TERMONORTE3 , PAPUSDT02, 1361
TERMONORTE3 , PAPUSDF02, 1361
TERMONORTE3 , PAPUSDC07, 4483
TERMONORTE3 , PAPUSDT07, 4483
TERMONORTE3 , PAPUSDF07, 4483
TERMONORTE3 , PAPUSDC09, 2754
TERMONORTE3 , PAPUSDT09, 2754
TERMONORTE3 , PAPUSDF09, 2754
TERMONORTE4 , PAPUSDC02, 1361
TERMONORTE4 , PAPUSDT02, 1361
TERMONORTE4 , PAPUSDF02, 1361
TERMONORTE4 , PAPUSDC07, 4483
TERMONORTE4 , PAPUSDT07, 4483
TERMONORTE4 , PAPUSDF07, 4483
TERMONORTE4 , PAPUSDC09, 2754
TERMONORTE4 , PAPUSDT09, 2754
TERMONORTE4 , PAPUSDF09, 2754
TERMONORTE5 , PAPUSDC02, 1361
TERMONORTE5 , PAPUSDT02, 1361
TERMONORTE5 , PAPUSDF02, 1361
TERMONORTE5 , PAPUSDC07, 4483
TERMONORTE5 , PAPUSDT07, 4483
TERMONORTE5 , PAPUSDF07, 4483
TERMONORTE5 , PAPUSDC09, 2754
TERMONORTE5 , PAPUSDT09, 2754
TERMONORTE5 , PAPUSDF09, 2754
TERMONORTE6 , PAPUSDC02, 1361
TERMONORTE6 , PAPUSDT02, 1361
TERMONORTE6 , PAPUSDF02, 1361
TERMONORTE6 , PAPUSDC07, 4483
TERMONORTE6 , PAPUSDT07, 4483
TERMONORTE6 , PAPUSDF07, 4483
TERMONORTE6 , PAPUSDT09, 2754
TERMONORTE6 , PAPUSDF09, 2754
TERMONORTE6 , PAPUSDC09, 2754
TERMONORTE7 , PAPUSDC02, 1361
TERMONORTE7 , PAPUSDT02, 1361
TERMONORTE7 , PAPUSDF02, 1361
TERMONORTE7 , PAPUSDC07, 4483
TERMONORTE7 , PAPUSDT07, 4483
TERMONORTE7 , PAPUSDF07, 4483
TERMONORTE7 , PAPUSDC09, 2754
TERMONORTE7 , PAPUSDT09, 2754
TERMONORTE7 , PAPUSDF09, 2754
TERMONORTE8 , PAPUSDC02, 1361
TERMONORTE8 , PAPUSDF02, 1361
TERMONORTE8 , PAPUSDC07, 4483
TERMONORTE8 , PAPUSDT02, 1361
TERMONORTE8 , PAPUSDT07, 4483
TERMONORTE8 , PAPUSDF07, 4483
TERMONORTE8 , PAPUSDT09, 2754
TERMONORTE8 , PAPUSDF09, 2754
TERMONORTE8 , PAPUSDC09, 2754
TERMONORTE9 , PAPUSDC02, 1361
TERMONORTE9 , PAPUSDT02, 1361
TERMONORTE9 , PAPUSDF02, 1361
TERMONORTE9 , PAPUSDC07, 4483
TERMONORTE9 , PAPUSDT07, 4483
TERMONORTE9 , PAPUSDF07, 4483
TERMONORTE9 , PAPUSDC09, 2754
TERMONORTE9 , PAPUSDF09, 2754
TERMONORTE9 , PAPUSDT09, 2754
TERMONORTE1 , D,  9,  9,  9,  9,  9,  9,  9,  9,  9,  9,  9,  9,  9,  9,  9,  9,  9,  9,  9,  9,  9,  9,  9,  9
TERMONORTE2 , D,  9,  9,  9,  9,  9,  9,  9,  9,  9,  9,  9,  9,  9,  9,  9,  9,  9,  9,  9,  9,  9,  9,  9,  9
TERMONORTE3 , D,  9,  9,  9,  9,  9,  9,  9,  9,  9,  9,  9,  9,  9,  9,  9,  9,  9,  9,  9,  9,  9,  9,  9,  9
TERMONORTE4 , D,  9,  9,  9,  9,  9,  9,  9,  9,  9,  9,  9,  9,  9,  9,  9,  9,  9,  9,  9,  9,  9,  9,  9,  9
TERMONORTE5 , D,  9,  9,  9,  9,  9,  9,  9,  9,  9,  9,  9,  9,  9,  9,  9,  9,  9,  9,  9,  9,  9,  9,  9,  9
TERMONORTE6 , D,  9,  9,  9,  9,  9,  9,  9,  9,  9,  9,  9,  9,  9,  9,  9,  9,  9,  9,  9,  9,  9,  9,  9,  9
TERMONORTE7 , D,  9,  9,  9,  9,  9,  9,  9,  9,  9,  9,  9,  9,  9,  9,  9,  9,  9,  9,  9,  9,  9,  9,  9,  9
TERMONORTE8 , D,  9,  9,  9,  9,  9,  9,  9,  9,  9,  9,  9,  9,  9,  9,  9,  9,  9,  9,  9,  9,  9,  9,  9,  9
TERMONORTE9 , D,  0,  0,  0,  0,  0,  0,  0,  0,  0,  0,  0,  0,  0,  0,  0,  0,  0,  0,  0,  0,  0,  0,  0,  0
TERMONORTE10 , D,  8,  8,  8,  8,  8,  8,  8,  8,  8,  8,  8,  8,  8,  8,  8,  8,  8,  8,  8,  8,  8,  8,  8,  8
TERMONORTE , CONF,  4
TERMONORTE , C,  ACPM


AGENTE: TERMOPIEDRAS S.A.
AUTOGTURGAS , D,  3.50,  3.50,  3.50,  3.50,  3.50,  3.50,  3.50,  3.50,  3.50,  3.50,  3.50,  3.50,  3.50,  3.50,  3.50,  3.50,  3.50,  3.50,  3.50,  3.50,  3.50,  3.50,  3.50,  3.50
TERMOPIEDRAS1 , D,  3.75,  3.75,  3.75,  3.75,  3.75,  3.75,  3.75,  3.75,  3.75,  3.75,  3.75,  3.75,  3.75,  3.75,  3.75,  3.75,  3.75,  3.75,  3.75,  3.75,  3.75,  3.75,  3.75,  3.75


AGENTE: TERMOTASAJERO
TASAJERO1 , P,  303000
TASAJERO1 , PAPT01, 89733576
TASAJERO1 , PAPF01, 162952618
TASAJERO1 , PAPC01, 44101644
TASAJERO1 , PAPUSDC01, 10519
TASAJERO1 , PAPUSDT01, 21403
TASAJERO1 , PAPUSDF01, 38867
TASAJERO1 , D,  165,  165,  165,  165,  165,  165,  165,  165,  165,  165,  165,  165,  165,  165,  165,  165,  165,  165,  165,  165,  165,  165,  165,  165
TASAJERO1 , CONF,  1
TASAJERO1 , C,  CARBON


AGENTE: TERMOTASAJERO DOS
TASAJERO2 , P,  319000
TASAJERO2 , PAPF01, 151691375
TASAJERO2 , PAPC01, 90614015
TASAJERO2 , PAPT01, 119253461
TASAJERO2 , PAPUSDC01, 21613
TASAJERO2 , PAPUSDF01, 36181
TASAJERO2 , PAPUSDT01, 28444
TASAJERO2 , D,  170,  170,  170,  170,  170,  170,  170,  170,  170,  170,  170,  170,  170,  170,  170,  170,  170,  170,  170,  170,  170,  170,  170,  170
TASAJERO2 , CONF,  1
TASAJERO2 , C,  CARBON
TERMOTASAJERODOSSOLAR1 , D,  0.00,  0.00,  0.00,  0.00,  0.00,  0.00,  0.30,  0.50,  1.70,  2.70,  3.40,  3.40,  3.40,  3.40,  2.70,  1.70,  0.40,  0.20,  0.00,  0.00,  0.00,  0.00,  0.00,  0.00
TERMOTASAJERODOSSOLAR1 , INVD,  21.00,  21.00,  21.00,  21.00,  21.00,  21.00,  21.00,  21.00,  21.00,  21.00,  21.00,  21.00,  21.00,  21.00,  21.00,  21.00,  21.00,  21.00,  21.00,  21.00,  21.00,  21.00,  21.00,  21.00


AGENTE: TERMOVALLE
TERMOVALLECC , P1,  1185535
TERMOVALLECC , P2,  1184535
TERMOVALLECC , P3,  1200000
TERMOVALLECC , P4,  1300000
TERMOVALLE1GAS , PAPF07, 143377509
TERMOVALLE1GAS , PAPF02, 103367813
TERMOVALLE1GAS , PAPC07, 143377509
TERMOVALLE1GAS , PAPT07, 143377509
TERMOVALLE1GAS , PAPT02, 103367813
TERMOVALLE1GAS , PAPC02, 103367813
TERMOVALLE1VAPOR , PAPF07, 7521471
TERMOVALLE1VAPOR , PAPC07, 7186065
TERMOVALLE1VAPOR , PAPT07, 7186065
TERMOVALLE1VAPOR , PAPF02, 7521471
TERMOVALLE1VAPOR , PAPT02, 7186065
TERMOVALLE1VAPOR , PAPC02, 7186065
TERMOVALLE1GAS , PAPUSDC02, 24655
TERMOVALLE1GAS , PAPUSDF02, 24655
TERMOVALLE1GAS , PAPUSDC07, 34198
TERMOVALLE1GAS , PAPUSDT02, 24655
TERMOVALLE1GAS , PAPUSDT07, 34198
TERMOVALLE1GAS , PAPUSDF07, 34198
TERMOVALLE1VAPOR , PAPUSDC02, 1714
TERMOVALLE1VAPOR , PAPUSDT02, 1714
TERMOVALLE1VAPOR , PAPUSDF02, 1794
TERMOVALLE1VAPOR , PAPUSDC07, 1714
TERMOVALLE1VAPOR , PAPUSDT07, 1714
TERMOVALLE1VAPOR , PAPUSDF07, 1794
TERMOVALLE1GAS , D,  165,  165,  165,  165,  165,  165,  165,  165,  165,  165,  165,  165,  165,  165,  165,  165,  165,  165,  165,  165,  165,  165,  165,  165
TERMOVALLE1VAPOR , D,  76,  76,  76,  76,  76,  76,  76,  76,  76,  76,  76,  76,  76,  76,  76,  76,  76,  76,  76,  76,  76,  76,  76,  76
TERMOVALLECC , DISCONF1,  239,  239,  239,  239,  239,  239,  239,  239,  239,  239,  239,  239,  239,  239,  239,  239,  239,  239,  239,  239,  239,  239,  239,  239
TERMOVALLECC , DISCONF3,  163,  163,  163,  163,  163,  163,  163,  163,  163,  163,  163,  163,  163,  163,  163,  163,  163,  163,  163,  163,  163,  163,  163,  163
TERMOVALLECC , DISCONF4,  165,  165,  165,  165,  165,  165,  165,  165,  165,  165,  165,  165,  165,  165,  165,  165,  165,  165,  165,  165,  165,  165,  165,  165
TERMOVALLECC , DISCONF2,  241,  241,  241,  241,  241,  241,  241,  241,  241,  241,  241,  241,  241,  241,  241,  241,  241,  241,  241,  241,  241,  241,  241,  241


AGENTE: TERMOYOPAL
TERMOYOPAL2 , P,  950000
TERMOYOPAL2 , PAPF02, 4469280
TERMOYOPAL2 , PAPC02, 4469280
TERMOYOPAL2 , PAPT02, 4469280
TERMOYOPAL2 , PAPUSDC02, 1066
TERMOYOPAL2 , PAPUSDT02, 1066
TERMOYOPAL2 , PAPUSDF02, 1066
TERMOYOPAL2 , D,  0,  0,  0,  0,  0,  0,  0,  0,  0,  0,  0,  0,  0,  0,  0,  0,  0,  0,  0,  0,  0,  0,  0,  0
TERMOYOPAL2 , CONF,  1
TERMOYOPAL2 , C,  GAS
TERMOYOPAL1 , P,  94000
TERMOYOPAL1 , PAPF02, 4989158
TERMOYOPAL1 , PAPC02, 4989158
TERMOYOPAL1 , PAPT02, 4989158
TERMOYOPAL1 , PAPUSDT02, 1190
TERMOYOPAL1 , PAPUSDF02, 1190
TERMOYOPAL1 , PAPUSDC02, 1190
TERMOYOPAL1 , D,  8,  8,  8,  8,  8,  8,  8,  8,  8,  8,  8,  8,  8,  8,  8,  8,  8,  8,  8,  8,  8,  8,  8,  8
TERMOYOPAL1 , CONF,  1
TERMOYOPAL1 , C,  GAS
TERMOYOPAL1 , PRU,  11,  11,  11,  11,  11,  11,  11,  11,  11,  11,  11,  11,  11,  11,  11,  11,  11,  11,  11,  11,  11,  11,  11,  11
TERMOYOPALG3 , P,  94000
TERMOYOPALG3 , PAPT02, 2708400
TERMOYOPALG3 , PAPF02, 2708400
TERMOYOPALG3 , PAPC02, 2708400
TERMOYOPALG3 , PAPUSDC02, 646
TERMOYOPALG3 , PAPUSDT02, 646
TERMOYOPALG3 , PAPUSDF02, 646
TERMOYOPALG3 , D,  49,  49,  49,  49,  49,  49,  49,  49,  49,  49,  49,  49,  49,  49,  49,  49,  49,  49,  49,  49,  49,  49,  49,  49
TERMOYOPALG3 , CONF,  1
TERMOYOPALG3 , C,  GAS
TERMOYOPALG4 , P,  94000
TERMOYOPALG4 , PAPT02, 2708400
TERMOYOPALG4 , PAPF02, 2708400
TERMOYOPALG4 , PAPC02, 2708400
TERMOYOPALG4 , PAPUSDC02, 646
TERMOYOPALG4 , PAPUSDT02, 646
TERMOYOPALG4 , PAPUSDF02, 646
TERMOYOPALG4 , D,  46,  46,  46,  46,  46,  46,  46,  46,  46,  46,  46,  46,  46,  46,  46,  46,  46,  46,  46,  46,  46,  46,  46,  46
TERMOYOPALG4 , CONF,  1
TERMOYOPALG4 , C,  GAS
TERMOYOPALG5 , P,  94500
TERMOYOPALG5 , PAPF02, 2708400
TERMOYOPALG5 , PAPC02, 2708400
TERMOYOPALG5 , PAPT02, 2708400
TERMOYOPALG5 , PAPUSDC02, 646
TERMOYOPALG5 , PAPUSDF02, 646
TERMOYOPALG5 , PAPUSDT02, 646
TERMOYOPALG5 , D,  0,  0,  0,  0,  0,  0,  0,  0,  0,  0,  0,  0,  0,  0,  0,  0,  0,  0,  0,  0,  0,  0,  0,  0
TERMOYOPALG5 , CONF,  1
TERMOYOPALG5 , C,  GAS


AGENTE: UNERGY
URUACO1 , D,  0.00,  0.00,  0.00,  0.00,  0.00,  0.01,  0.30,  0.60,  0.60,  0.70,  0.70,  0.80,  0.70,  0.70,  0.70,  0.30,  0.01,  0.05,  0.00,  0.00,  0.00,  0.00,  0.00,  0.00
URUACO1 , INVD,  0.00,  0.00,  0.00,  0.00,  0.00,  11.00,  11.00,  11.00,  11.00,  11.00,  11.00,  11.00,  11.00,  11.00,  11.00,  11.00,  11.00,  11.00,  0.00,  0.00,  0.00,  0.00,  0.00,  0.00
BARAYA1 , D,  0.00,  0.00,  0.00,  0.00,  0.00,  0.01,  0.30,  0.60,  0.60,  0.70,  0.70,  0.80,  0.70,  0.70,  0.70,  0.30,  0.01,  0.05,  0.00,  0.00,  0.00,  0.00,  0.00,  0.00
BARAYA1 , INVD,  0.00,  0.00,  0.00,  0.00,  0.00,  11.00,  11.00,  11.00,  11.00,  11.00,  11.00,  11.00,  11.00,  11.00,  11.00,  11.00,  11.00,  11.00,  0.00,  0.00,  0.00,  0.00,  0.00,  0.00
CANAHUATE1 , D,  0.00,  0.00,  0.00,  0.00,  0.00,  0.01,  0.30,  0.60,  0.60,  0.70,  0.70,  0.80,  0.70,  0.70,  0.70,  0.30,  0.01,  0.05,  0.00,  0.00,  0.00,  0.00,  0.00,  0.00
CANAHUATE1 , INVD,  0.00,  0.00,  0.00,  0.00,  0.00,  5.00,  5.00,  5.00,  5.00,  5.00,  5.00,  5.00,  5.00,  5.00,  5.00,  5.00,  5.00,  5.00,  0.00,  0.00,  0.00,  0.00,  0.00,  0.00
GANDALF1 , D,  0.00,  0.00,  0.00,  0.00,  0.00,  0.01,  0.30,  0.60,  0.60,  0.70,  0.70,  0.80,  0.70,  0.70,  0.70,  0.30,  0.01,  0.05,  0.00,  0.00,  0.00,  0.00,  0.00,  0.00
GANDALF1 , INVD,  0.00,  0.00,  0.00,  0.00,  0.00,  5.00,  5.00,  5.00,  5.00,  5.00,  5.00,  5.00,  5.00,  5.00,  5.00,  5.00,  5.00,  5.00,  0.00,  0.00,  0.00,  0.00,  0.00,  0.00
LAINGLESA1 , D,  0.00,  0.00,  0.00,  0.00,  0.00,  0.01,  0.30,  0.60,  0.60,  0.70,  0.70,  0.80,  0.70,  0.70,  0.70,  0.30,  0.01,  0.05,  0.00,  0.00,  0.00,  0.00,  0.00,  0.00
LAINGLESA1 , INVD,  0.00,  0.00,  0.00,  0.00,  0.00,  5.00,  5.00,  5.00,  5.00,  5.00,  5.00,  5.00,  5.00,  5.00,  5.00,  5.00,  5.00,  5.00,  0.00,  0.00,  0.00,  0.00,  0.00,  0.00
MINIGRANJAELMOLINO1 , D,  0.00,  0.00,  0.00,  0.00,  0.00,  0.01,  0.30,  0.60,  0.60,  0.70,  0.70,  0.80,  0.70,  0.70,  0.70,  0.30,  0.01,  0.05,  0.00,  0.00,  0.00,  0.00,  0.00,  0.00
MINIGRANJAELMOLINO1 , INVD,  0.00,  0.00,  0.00,  0.00,  0.00,  5.00,  5.00,  5.00,  5.00,  5.00,  5.00,  5.00,  5.00,  5.00,  5.00,  5.00,  5.00,  5.00,  0.00,  0.00,  0.00,  0.00,  0.00,  0.00
MINIGRANJALAPAZVALLENATA1 , D,  0.00,  0.00,  0.00,  0.00,  0.00,  0.01,  0.30,  0.60,  0.60,  0.70,  0.70,  0.80,  0.70,  0.70,  0.70,  0.30,  0.01,  0.05,  0.00,  0.00,  0.00,  0.00,  0.00,  0.00
MINIGRANJALAPAZVALLENATA1 , INVD,  0.00,  0.00,  0.00,  0.00,  0.00,  5.00,  5.00,  5.00,  5.00,  5.00,  5.00,  5.00,  5.00,  5.00,  5.00,  5.00,  5.00,  5.00,  0.00,  0.00,  0.00,  0.00,  0.00,  0.00
GDNAOSI1 , D,  0.00,  0.00,  0.00,  0.00,  0.00,  0.01,  0.30,  0.60,  0.60,  0.70,  0.70,  0.80,  0.70,  0.70,  0.70,  0.30,  0.01,  0.05,  0.00,  0.00,  0.00,  0.00,  0.00,  0.00
GDNAOSI1 , INVD,  0.00,  0.00,  0.00,  0.00,  0.00,  4.00,  4.00,  4.00,  4.00,  4.00,  4.00,  4.00,  4.00,  4.00,  4.00,  4.00,  4.00,  4.00,  0.00,  0.00,  0.00,  0.00,  0.00,  0.00
MINIGRANJALAPAZESMERALDA1 , D,  0.00,  0.00,  0.00,  0.00,  0.00,  0.01,  0.30,  0.60,  0.60,  0.70,  0.70,  0.80,  0.70,  0.70,  0.70,  0.30,  0.10,  0.05,  0.00,  0.00,  0.00,  0.00,  0.00,  0.00
MINIGRANJALAPAZESMERALDA1 , INVD,  0.00,  0.00,  0.00,  0.00,  0.00,  5.00,  5.00,  5.00,  5.00,  5.00,  5.00,  5.00,  5.00,  5.00,  5.00,  5.00,  5.00,  5.00,  0.00,  0.00,  0.00,  0.00,  0.00,  0.00
MINIGRANJALAPAZVERSO1 , D,  0.00,  0.00,  0.00,  0.00,  0.00,  0.01,  0.30,  0.60,  0.60,  0.70,  0.70,  0.80,  0.70,  0.70,  0.70,  0.30,  0.10,  0.05,  0.00,  0.00,  0.00,  0.00,  0.00,  0.00
MINIGRANJALAPAZVERSO1 , INVD,  0.00,  0.00,  0.00,  0.00,  0.00,  5.00,  5.00,  5.00,  5.00,  5.00,  5.00,  5.00,  5.00,  5.00,  5.00,  5.00,  5.00,  5.00,  0.00,  0.00,  0.00,  0.00,  0.00,  0.00
MINIGRANJALAPAZLEYENDA1 , D,  0.00,  0.00,  0.00,  0.00,  0.00,  0.01,  0.30,  0.60,  0.60,  0.70,  0.70,  0.80,  0.70,  0.70,  0.70,  0.30,  0.01,  0.05,  0.00,  0.00,  0.00,  0.00,  0.00,  0.00
MINIGRANJALAPAZLEYENDA1 , INVD,  0.00,  0.00,  0.00,  0.00,  0.00,  5.00,  5.00,  5.00,  5.00,  5.00,  5.00,  5.00,  5.00,  5.00,  5.00,  5.00,  5.00,  5.00,  0.00,  0.00,  0.00,  0.00,  0.00,  0.00
MINIGRANJAELSON1 , D,  0.00,  0.00,  0.00,  0.00,  0.00,  0.01,  0.30,  0.60,  0.60,  0.70,  0.70,  0.80,  0.70,  0.70,  0.70,  0.30,  0.10,  0.05,  0.00,  0.00,  0.00,  0.00,  0.00,  0.00
MINIGRANJAELSON1 , INVD,  0.00,  0.00,  0.00,  0.00,  0.00,  5.00,  5.00,  5.00,  5.00,  5.00,  5.00,  5.00,  5.00,  5.00,  5.00,  5.00,  5.00,  5.00,  0.00,  0.00,  0.00,  0.00,  0.00,  0.00
MINIGRANJALAPUYA1 , D,  0.00,  0.00,  0.00,  0.00,  0.00,  0.01,  0.30,  0.60,  0.60,  0.70,  0.70,  0.80,  0.70,  0.70,  0.70,  0.30,  0.10,  0.05,  0.00,  0.00,  0.00,  0.00,  0.00,  0.00
MINIGRANJALAPUYA1 , INVD,  0.00,  0.00,  0.00,  0.00,  0.00,  5.00,  5.00,  5.00,  5.00,  5.00,  5.00,  5.00,  5.00,  5.00,  5.00,  5.00,  5.00,  5.00,  0.00,  0.00,  0.00,  0.00,  0.00,  0.00
GDNAOSII1 , D,  0.00,  0.00,  0.00,  0.00,  0.00,  0.10,  0.30,  0.60,  0.60,  0.70,  0.70,  0.80,  0.70,  0.70,  0.70,  0.30,  0.10,  0.05,  0.00,  0.00,  0.00,  0.00,  0.00,  0.00
GDNAOSII1 , INVD,  0.00,  0.00,  0.00,  0.00,  0.00,  4.00,  4.00,  4.00,  4.00,  4.00,  4.00,  4.00,  4.00,  4.00,  4.00,  4.00,  4.00,  4.00,  0.00,  0.00,  0.00,  0.00,  0.00,  0.00


AGENTE: URRA
URRA , P,  250000
URRA1 , D,  70,  70,  70,  70,  70,  70,  70,  70,  69,  69,  69,  69,  69,  69,  69,  69,  69,  69,  69,  69,  69,  69,  68,  69
URRA2 , D,  0,  0,  0,  0,  0,  0,  0,  0,  69,  69,  69,  69,  69,  69,  69,  69,  69,  69,  69,  69,  69,  69,  68,  0
URRA3 , D,  0,  0,  0,  0,  0,  0,  0,  0,  0,  0,  0,  0,  0,  0,  0,  0,  0,  0,  0,  0,  0,  0,  0,  0
URRA4 , D,  0,  0,  0,  0,  0,  70,  70,  70,  69,  69,  69,  69,  69,  69,  69,  69,  69,  69,  69,  69,  69,  69,  69,  70
URRA , MO,  70,  70,  70,  70,  70,  140,  140,  140,  207,  207,  207,  207,  207,  207,  207,  207,  207,  207,  207,  207,  207,  207,  205,  139


AGENTE: VATIA S.A.
SOLAROLDT1 , D,  0.00,  0.00,  0.00,  0.00,  0.00,  0.66,  2.59,  4.86,  6.89,  8.56,  9.55,  9.67,  8.85,  7.60,  5.60,  3.11,  0.94,  0.02,  0.00,  0.00,  0.00,  0.00,  0.00,  0.00
SOLAROLDT1 , INVD,  37.00,  37.00,  37.00,  37.00,  37.00,  37.00,  37.00,  37.00,  37.00,  37.00,  37.00,  37.00,  37.00,  37.00,  37.00,  37.00,  37.00,  37.00,  37.00,  37.00,  37.00,  37.00,  37.00,  37.00
JUMI1 , D,  0.00,  0.00,  0.00,  0.00,  0.00,  0.70,  2.74,  5.13,  7.27,  9.04,  9.90,  9.90,  9.34,  8.03,  5.91,  3.29,  1.00,  0.03,  0.00,  0.00,  0.00,  0.00,  0.00,  0.00
JUMI1 , INVD,  37.00,  37.00,  37.00,  37.00,  37.00,  37.00,  37.00,  37.00,  37.00,  37.00,  37.00,  37.00,  37.00,  37.00,  37.00,  37.00,  37.00,  37.00,  37.00,  37.00,  37.00,  37.00,  37.00,  37.00
FLORIDA21 , D,  8.00,  8.00,  8.00,  8.00,  8.00,  8.00,  9.95,  9.95,  9.95,  9.95,  9.95,  9.95,  9.95,  9.95,  9.95,  9.95,  8.00,  9.00,  9.00,  9.00,  9.00,  9.00,  6.00,  6.00
FLORIDA22 , D,  0.00,  0.00,  0.00,  0.00,  0.00,  0.00,  0.00,  0.00,  0.00,  0.00,  0.00,  0.00,  0.00,  0.00,  0.00,  0.00,  9.00,  9.00,  9.00,  9.00,  9.00,  9.00,  6.00,  6.00
ASNAZU1 , D,  0.43,  0.43,  0.43,  0.43,  0.43,  0.43,  0.43,  0.43,  0.43,  0.43,  0.43,  0.43,  0.43,  0.43,  0.43,  0.43,  0.43,  0.43,  0.43,  0.43,  0.43,  0.43,  0.43,  0.43
INZA1 , D,  0.00,  0.00,  0.00,  0.00,  0.00,  0.00,  0.00,  0.00,  0.00,  0.00,  0.00,  0.00,  0.00,  0.00,  0.00,  0.00,  0.00,  0.00,  0.00,  0.00,  0.00,  0.00,  0.00,  0.00
LACASCADA(ANTIOQUIA)1 , D,  1.50,  1.50,  1.50,  1.50,  1.50,  1.50,  1.50,  1.50,  1.50,  1.50,  1.50,  1.50,  1.50,  1.50,  1.50,  1.50,  1.50,  1.50,  1.50,  1.50,  1.50,  1.50,  1.50,  1.50
MONDOMO1 , D,  0.20,  0.20,  0.20,  0.20,  0.20,  0.20,  0.20,  0.20,  0.20,  0.20,  0.20,  0.20,  0.20,  0.20,  0.20,  0.20,  0.20,  0.20,  0.20,  0.20,  0.20,  0.20,  0.20,  0.20
OVEJAS1 , D,  0.80,  0.80,  0.80,  0.80,  0.80,  0.80,  0.80,  0.80,  0.80,  0.80,  0.80,  0.80,  0.80,  0.80,  0.80,  0.80,  0.80,  0.80,  0.80,  0.80,  0.80,  0.80,  0.80,  0.80
RIOPALO1 , D,  0.90,  0.90,  0.90,  0.90,  0.90,  0.90,  0.90,  0.90,  0.90,  0.90,  0.90,  0.90,  0.90,  0.90,  0.90,  0.90,  0.90,  0.90,  0.90,  0.90,  0.90,  0.90,  0.90,  0.90
SAJANDI1 , D,  0.00,  0.00,  0.00,  0.00,  0.00,  0.00,  0.00,  0.00,  0.00,  0.00,  0.00,  0.00,  0.00,  0.00,  0.00,  0.00,  0.00,  0.00,  0.00,  0.00,  0.00,  0.00,  0.00,  0.00
SILVIA1 , D,  0.34,  0.34,  0.34,  0.34,  0.34,  0.34,  0.34,  0.34,  0.34,  0.34,  0.34,  0.34,  0.34,  0.34,  0.34,  0.34,  0.34,  0.34,  0.34,  0.34,  0.34,  0.34,  0.34,  0.34
LASPALMAS1 , D,  1.40,  1.40,  1.40,  1.40,  1.40,  1.40,  1.40,  1.40,  1.40,  1.40,  1.40,  1.40,  1.40,  1.40,  1.40,  1.40,  1.40,  1.40,  1.40,  1.40,  1.40,  1.40,  1.40,  1.40
LASPALMAS2 , D,  1.40,  1.40,  1.40,  1.40,  1.40,  1.40,  1.40,  1.40,  1.40,  1.40,  1.40,  1.40,  1.40,  1.40,  1.40,  1.40,  1.40,  1.40,  1.40,  1.40,  1.40,  1.40,  1.40,  1.40


AGENTE: VOLTAJE EMPRESARIAL
TEQUENDAMABIOGAS1 , D,  0.00,  0.00,  0.00,  0.00,  0.00,  0.00,  0.00,  0.00,  0.00,  0.00,  0.00,  0.00,  0.00,  0.00,  0.00,  0.00,  0.00,  0.00,  0.00,  0.00,  0.00,  0.00,  0.00,  0.00


AGENTE: YARUMO
PARQUESOLARBARANOA1 , D,  0.00,  0.00,  0.00,  0.00,  0.00,  1.00,  5.00,  12.00,  15.00,  16.00,  17.00,  19.00,  17.00,  12.00,  9.00,  5.00,  2.00,  1.00,  0.00,  0.00,  0.00,  0.00,  0.00,  0.00
PARQUESOLARBARANOA1 , INVD,  77.00,  77.00,  77.00,  77.00,  77.00,  77.00,  77.00,  77.00,  77.00,  77.00,  77.00,  77.00,  77.00,  77.00,  77.00,  77.00,  77.00,  77.00,  77.00,  77.00,  77.00,  77.00,  77.00,  77.00


