Ofertas Iniciales para: 2025-06-14


AGENTE: 4E S.A.S E.S.P.
PARQUESOLARARENAL1 , D, 0, 0, 0, 0, 0, 0, 0.3, 0.7, 0.7, 1.2, 1.4, 1.6, 1.8, 1.6, 1.4, 1.2, 0.7, 0.3, 0, 0, 0, 0, 0, 0
PARQUESOLARARENAL1 , INVD, 9, 9, 9, 9, 9, 9, 9, 9, 9, 9, 9, 9, 9, 9, 9, 9, 9, 9, 9, 9, 9, 9, 9, 9


AGENTE: ABO WIND DIECISEIS
CONDOR1 , D, 0, 0, 0, 0, 0, 0, 2.85, 8.04, 9.08, 8.3, 9.31, 9.11, 9.31, 9.5, 8.37, 8.18, 5.7, 0.88, 0, 0, 0, 0, 0, 0
CONDOR1 , INVD, 35, 35, 35, 35, 35, 35, 35, 35, 35, 35, 35, 35, 35, 35, 35, 35, 35, 35, 35, 35, 35, 35, 35, 35


AGENTE: AES COLOMBIA
BIOENERGY1 , D, 0, 0, 0, 0, 0, 0, 0, 0, 0, 0, 0, 0, 0, 0, 0, 0, 0, 0, 0, 0, 0, 0, 0, 0
CHIVOR , P, 98000
CHIVOR1 , D, 125, 125, 125, 125, 125, 125, 125, 125, 125, 125, 125, 125, 125, 125, 125, 125, 125, 125, 125, 125, 125, 125, 125, 125
CHIVOR2 , D, 0, 0, 0, 0, 0, 0, 0, 0, 0, 0, 0, 0, 0, 0, 0, 0, 0, 0, 0, 0, 0, 0, 0, 0
CHIVOR3 , D, 125, 125, 125, 125, 125, 125, 125, 125, 125, 125, 125, 125, 125, 125, 125, 125, 125, 125, 125, 125, 125, 125, 125, 125
CHIVOR4 , D, 125, 125, 125, 125, 125, 125, 125, 125, 125, 125, 125, 125, 125, 125, 125, 125, 125, 125, 125, 125, 125, 125, 125, 125
CHIVOR5 , D, 125, 125, 125, 125, 125, 125, 125, 125, 125, 125, 125, 125, 125, 125, 125, 125, 125, 125, 125, 125, 125, 125, 125, 125
CHIVOR6 , D, 125, 125, 125, 125, 125, 125, 125, 125, 125, 125, 125, 125, 125, 125, 125, 125, 125, 125, 125, 125, 125, 125, 125, 125
CHIVOR7 , D, 125, 125, 125, 125, 125, 125, 125, 125, 125, 125, 125, 125, 125, 125, 125, 125, 125, 125, 125, 125, 125, 125, 125, 125
CHIVOR8 , D, 125, 125, 125, 125, 125, 125, 125, 125, 125, 125, 125, 125, 125, 125, 125, 125, 125, 125, 125, 125, 125, 125, 125, 125
CHIVOR1 , AGCU, 105, 105, 105, 105, 105, 105, 105, 105, 105, 105, 105, 105, 105, 105, 105, 105, 105, 105, 105, 105, 105, 105, 105, 105
CHIVOR2 , AGCU, 0, 0, 0, 0, 0, 0, 0, 0, 0, 0, 0, 0, 0, 0, 0, 0, 0, 0, 0, 0, 0, 0, 0, 0
CHIVOR3 , AGCU, 105, 105, 105, 105, 105, 105, 105, 105, 105, 105, 105, 105, 105, 105, 105, 105, 105, 105, 105, 105, 105, 105, 105, 105
CHIVOR4 , AGCU, 105, 105, 105, 105, 105, 105, 105, 105, 105, 105, 105, 105, 105, 105, 105, 105, 105, 105, 105, 105, 105, 105, 105, 105
CHIVOR5 , AGCU, 105, 105, 105, 105, 105, 105, 105, 105, 105, 105, 105, 105, 105, 105, 105, 105, 105, 105, 105, 105, 105, 105, 105, 105
CHIVOR7 , AGCU, 0, 0, 0, 0, 0, 0, 0, 0, 0, 0, 0, 0, 0, 0, 0, 0, 0, 0, 0, 0, 0, 0, 0, 0
CHIVOR , AGCP, 420, 420, 420, 420, 420, 420, 420, 420, 420, 420, 420, 420, 420, 420, 420, 420, 420, 420, 420, 420, 420, 420, 420, 420
TUNJITA1 , D, 19.6, 19.6, 19.6, 19.6, 19.6, 19.6, 19.6, 19.6, 19.6, 19.6, 19.6, 19.6, 19.6, 19.6, 19.6, 19.6, 19.6, 19.6, 19.6, 19.6, 19.6, 19.6, 19.6, 19.6


AGENTE: ATLÁNTICA COLOMBIA
LASIERPE1 , D, 0, 0, 0, 0, 0, 0, 2, 6, 8, 10, 18, 18, 18, 18, 14, 12, 4, 6, 1, 0, 0, 0, 0, 0
LASIERPE1 , INVD, 6, 6, 6, 6, 6, 6, 6, 6, 6, 6, 6, 6, 6, 6, 6, 6, 6, 6, 6, 6, 6, 6, 6, 6
LATOLUA1 , D, 0, 0, 0, 0, 0, 0, 2, 4, 8, 12, 18, 18, 18, 18, 14, 10, 8, 6, 1, 0, 0, 0, 0, 0
LATOLUA1 , INVD, 6, 6, 6, 6, 6, 6, 6, 6, 6, 6, 6, 6, 6, 6, 6, 6, 6, 6, 6, 6, 6, 6, 6, 6
PARQUESOLARHONDAI1 , D, 0, 0, 0, 0, 0, 0, 1, 2, 4, 6, 6, 8, 8, 8, 8, 6, 4, 2, 1, 0, 0, 0, 0, 0
PARQUESOLARHONDAI1 , INVD, 36, 36, 36, 36, 36, 36, 36, 36, 36, 36, 36, 36, 36, 36, 36, 36, 36, 36, 36, 36, 36, 36, 36, 36
PARQUESOLARHONDAII1 , D, 0, 0, 0, 0, 0, 0, 1, 2, 3, 4, 6, 8, 8, 8, 6, 7, 7, 2, 1, 0, 0, 0, 0, 0
PARQUESOLARHONDAII1 , INVD, 36, 36, 36, 36, 36, 36, 36, 36, 36, 36, 36, 36, 36, 36, 36, 36, 36, 36, 36, 36, 36, 36, 36, 36
TIERRALINDA1 , D, 0, 0, 0, 0, 0, 0, 1, 2, 3, 4, 8, 8, 8, 8, 7, 6, 6, 2, 1, 0, 0, 0, 0, 0
TIERRALINDA1 , INVD, 3, 3, 3, 3, 3, 3, 3, 3, 3, 3, 3, 3, 3, 3, 3, 3, 3, 3, 3, 3, 3, 3, 3, 3


AGENTE: AURES BAJO
AURESBAJO1 , D, 9, 9, 9, 9, 9, 9, 9, 9, 9, 9, 9, 9, 9, 9, 9, 9, 9, 9, 9, 9, 9, 9, 9, 9
AURESBAJO2 , D, 3.5, 3.5, 3.5, 3.5, 3.5, 3.5, 3, 3, 3, 3, 3, 3, 3, 3, 3, 3, 3, 3.5, 3.5, 3.5, 3.5, 3.5, 3.5, 3.5


AGENTE: BCCY CORDOBA 
AUTOGLOSPOCITOS1 , D, 1.8, 1.8, 1.8, 1.8, 1.8, 1.8, 1.8, 1.8, 1.8, 1.8, 1.8, 1.8, 1.8, 1.8, 1.8, 1.8, 1.8, 1.8, 1.8, 1.8, 1.8, 1.8, 1.8, 1.8
PETALODECORDOBAII1 , D, 0, 0, 0, 0, 0, 0, 0.19, 2.41, 5.37, 7.69, 8.08, 7.49, 6.88, 7.33, 6.22, 5.9, 4.43, 1.05, 0, 0, 0, 0, 0, 0
PETALODECORDOBAII1 , INVD, 54, 54, 54, 54, 54, 54, 54, 54, 54, 54, 54, 54, 54, 54, 54, 54, 54, 54, 54, 54, 54, 54, 54, 54


AGENTE: BIOGAS COLOMBIA
DOÑAJUANA1 , D, 0.25, 0.25, 0.25, 0.25, 0.25, 0.25, 0.25, 0.25, 0.25, 0.25, 0.25, 0.25, 0.25, 0.25, 0.25, 0.25, 0.25, 0.25, 0.25, 0.25, 0.25, 0.25, 0.25, 0.25


AGENTE: CCG ENERGY SAS ESP
PATICO-LACABRERA1 , D, 1.16, 1.15, 1.16, 1.18, 1.12, 1.06, 1.05, 1.04, 1.11, 0.97, 1.08, 0.98, 1.04, 1.06, 1.08, 1.1, 1.13, 1.11, 1.11, 1.1, 1.07, 1.02, 1.01, 1.03


AGENTE: CELSIA COLOMBIA
ALBAN , P, 98000
ALBAN , MO, 16, 16, 16, 16, 16, 16, 16, 16, 16, 14, 14, 14, 14, 14, 14, 14, 14, 14, 15, 15, 15, 15, 15, 15
ALTOANCHICAYA1 , D, 115, 115, 115, 115, 115, 115, 115, 115, 115, 115, 115, 115, 115, 115, 115, 115, 115, 115, 115, 115, 115, 115, 115, 115
ALTOANCHICAYA2 , D, 115, 115, 115, 115, 115, 115, 115, 115, 115, 115, 115, 115, 115, 115, 115, 115, 115, 115, 115, 115, 115, 115, 115, 115
ALTOANCHICAYA3 , D, 115, 115, 115, 115, 115, 115, 115, 115, 115, 115, 115, 115, 115, 115, 115, 115, 115, 115, 115, 115, 115, 115, 115, 115
BAJOANCHICAYA1 , D, 12, 12, 12, 12, 12, 12, 12, 12, 12, 12, 12, 12, 12, 12, 12, 12, 12, 12, 12, 12, 12, 12, 12, 12
BAJOANCHICAYA2 , D, 12, 12, 12, 12, 12, 12, 12, 12, 12, 12, 12, 12, 12, 12, 12, 12, 12, 12, 12, 12, 12, 12, 12, 12
BAJOANCHICAYA3 , D, 24, 24, 24, 24, 24, 24, 24, 24, 24, 24, 24, 24, 24, 24, 24, 24, 24, 24, 24, 24, 24, 24, 24, 24
BAJOANCHICAYA4 , D, 24, 24, 24, 24, 24, 24, 24, 24, 24, 24, 24, 24, 24, 24, 24, 24, 24, 24, 24, 24, 24, 24, 24, 24
ALTOANCHICAYA1 , AGCU, 0, 0, 0, 0, 0, 0, 0, 0, 0, 0, 0, 0, 0, 0, 0, 0, 0, 0, 0, 0, 0, 0, 0, 0
ALTOANCHICAYA2 , AGCU, 0, 0, 0, 0, 0, 0, 0, 0, 0, 0, 0, 0, 0, 0, 0, 0, 0, 0, 0, 0, 0, 0, 0, 0
ALTOANCHICAYA3 , AGCU, 0, 0, 0, 0, 0, 0, 0, 0, 0, 0, 0, 0, 0, 0, 0, 0, 0, 0, 0, 0, 0, 0, 0, 0
BAJOANCHICAYA1 , AGCU, 0, 0, 0, 0, 0, 0, 0, 0, 0, 0, 0, 0, 0, 0, 0, 0, 0, 0, 0, 0, 0, 0, 0, 0
BAJOANCHICAYA3 , AGCU, 0, 0, 0, 0, 0, 0, 0, 0, 0, 0, 0, 0, 0, 0, 0, 0, 0, 0, 0, 0, 0, 0, 0, 0
ALBAN , AGCP, 0, 0, 0, 0, 0, 0, 0, 0, 0, 0, 0, 0, 0, 0, 0, 0, 0, 0, 0, 0, 0, 0, 0, 0
ALTOTULUA1 , D, 0, 0, 0, 0, 0, 0, 0, 0, 0, 0, 0, 0, 0, 0, 0, 0, 0, 0, 0, 0, 0, 0, 0, 0
ALTOTULUA2 , D, 4, 4, 4, 4, 4, 4, 4, 4, 4, 4, 4, 4, 4, 4, 4, 4, 4, 4, 4, 4, 4, 4, 4, 4
AMAIME1 , D, 10, 11, 11, 11, 11, 12, 13, 14, 11, 10, 10, 10, 10, 10, 10, 6, 12, 11, 12, 8, 12, 12, 12, 12
ARGOSCARTAGENA1 , D, 0, 0, 0, 0, 0, 0, 0, 0, 0, 0, 0, 0, 0, 0, 0, 0, 0, 0, 0, 0, 0, 0, 0, 0
AUTOGARGOSYUMBO1 , D, 0, 0, 0, 0, 0, 0, 0, 0, 0, 0, 0, 0, 0, 0, 0, 0, 0, 0, 0, 0, 0, 0, 0, 0
AUTOGBUGAIGRASAS1 , D, 0, 0, 0, 0, 0, 0, 0, 0, 0, 0, 0, 1, 0, 0, 0, 0, 0, 0, 0, 0, 0, 0, 0, 0
AUTOGBUGAIGRASAS1 , INVD, 20, 20, 20, 20, 20, 20, 20, 20, 20, 20, 20, 20, 20, 20, 20, 20, 20, 20, 20, 20, 20, 20, 20, 20
AUTOGBUGAISOLLA1 , D, 0, 0, 0, 0, 0, 0, 0, 0, 0, 1, 2, 2, 1, 0, 0, 0, 0, 0, 0, 0, 0, 0, 0, 0
AUTOGBUGAISOLLA1 , INVD, 30, 30, 30, 30, 30, 30, 30, 30, 30, 30, 30, 30, 30, 30, 30, 30, 30, 30, 30, 30, 30, 30, 30, 30
AUTOGCELSIASOLARESPINAL1 , D, 0, 0, 0, 0, 0, 0, 0, 0, 1, 3, 4, 5, 6, 5, 6, 5, 2, 0, 0, 0, 0, 0, 0, 0
AUTOGCELSIASOLARESPINAL1 , INVD, 56, 56, 56, 56, 56, 56, 56, 56, 56, 56, 56, 56, 56, 56, 56, 56, 56, 56, 56, 56, 56, 56, 56, 56
AUTOGCELSIASOLARHARINAS1 , D, 0, 0, 0, 0, 0, 0, 0, 0, 0, 0, 1, 1, 1, 0, 0, 0, 0, 0, 0, 0, 0, 0, 0, 0
AUTOGCELSIASOLARHARINAS1 , INVD, 14, 14, 14, 14, 14, 14, 14, 14, 14, 14, 14, 14, 14, 14, 14, 14, 14, 14, 14, 14, 14, 14, 14, 14
AUTOGCELSIASOLARLEVAPAN1 , D, 0, 0, 0, 0, 0, 0, 0, 0, 0, 1, 3, 3, 3, 0, 0, 0, 0, 0, 0, 0, 0, 0, 0, 0
AUTOGCELSIASOLARLEVAPAN1 , INVD, 43, 43, 43, 43, 43, 43, 43, 43, 43, 43, 43, 43, 43, 43, 43, 43, 43, 43, 43, 43, 43, 43, 43, 43
AUTOGCELSIASOLARPALMIRA31 , D, 0, 0, 0, 0, 0, 0, 0, 0, 0, 0, 1, 1, 1, 0, 0, 0, 0, 0, 0, 0, 0, 0, 0, 0
AUTOGCELSIASOLARPALMIRA31 , INVD, 35, 35, 35, 35, 35, 35, 35, 35, 35, 35, 35, 35, 35, 35, 35, 35, 35, 35, 35, 35, 35, 35, 35, 35
AUTOGCELSIASOLARPALMIRA3ZONAFRANCA1 , D, 0, 0, 0, 0, 0, 0, 0, 0, 0, 0, 0, 0, 0, 0, 0, 0, 0, 0, 0, 0, 0, 0, 0, 0
AUTOGCELSIASOLARPALMIRA3ZONAFRANCA1 , INVD, 15, 15, 15, 15, 15, 15, 15, 15, 15, 15, 15, 15, 15, 15, 15, 15, 15, 15, 15, 15, 15, 15, 15, 15
AUTOGCELSIASOLARTQJAMUNDI1 , D, 0, 0, 0, 0, 0, 0, 0, 0, 0, 0, 0, 0, 0, 0, 0, 0, 0, 0, 0, 0, 0, 0, 0, 0
AUTOGCELSIASOLARTQJAMUNDI1 , INVD, 17, 17, 17, 17, 17, 17, 17, 17, 17, 17, 17, 17, 17, 17, 17, 17, 17, 17, 17, 17, 17, 17, 17, 17
AUTOGCELSIASOLARYUMBO1 , D, 0, 0, 0, 0, 0, 0, 0, 0, 0, 1, 1, 1, 2, 0, 0, 0, 0, 0, 0, 0, 0, 0, 0, 0
AUTOGCELSIASOLARYUMBO1 , INVD, 9, 9, 9, 9, 9, 9, 9, 9, 9, 9, 9, 9, 9, 9, 9, 9, 9, 9, 9, 9, 9, 9, 9, 9
AUTOGCOMOLSA1 , D, 0, 0, 0, 0, 0, 0, 0, 1.2, 2.2, 2.2, 3.3, 3.3, 3.3, 3.3, 2.2, 1.2, 1.2, 1, 0, 0, 0, 0, 0, 0
AUTOGCOMOLSA1 , INVD, 17, 17, 17, 17, 17, 17, 17, 17, 17, 17, 17, 17, 17, 17, 17, 17, 17, 17, 17, 17, 17, 17, 17, 17
AUTOGMOLINOSSANTAMARTA1 , D, 0, 0, 0, 0, 0, 0, 0, 1.2, 2.2, 2.2, 3.3, 3.3, 3.3, 3.3, 2.2, 1.2, 1.2, 1, 0, 0, 0, 0, 0, 0
AUTOGMOLINOSSANTAMARTA1 , INVD, 17, 17, 17, 17, 17, 17, 17, 17, 17, 17, 17, 17, 17, 17, 17, 17, 17, 17, 17, 17, 17, 17, 17, 17
AUTOGQBCO1 , D, 0, 0, 0, 0, 0, 0, 0, 1.2, 2.2, 2.2, 3.3, 3.3, 3.3, 3.3, 2.2, 1.2, 1.2, 1, 0, 0, 0, 0, 0, 0
AUTOGQBCO1 , INVD, 17, 17, 17, 17, 17, 17, 17, 17, 17, 17, 17, 17, 17, 17, 17, 17, 17, 17, 17, 17, 17, 17, 17, 17
AUTOGSOLARPALMIRAIIBERRY1 , D, 0, 0, 0, 0, 0, 0, 0, 0, 0, 1, 4, 4, 2, 1, 2, 0, 0, 0, 0, 0, 0, 0, 0, 0
AUTOGSOLARPALMIRAIIBERRY1 , INVD, 49, 49, 49, 49, 49, 49, 49, 49, 49, 49, 49, 49, 49, 49, 49, 49, 49, 49, 49, 49, 49, 49, 49, 49
BAJOTULUA1 , D, 8, 8, 8, 8, 8, 8, 8, 8, 8, 9, 9, 9, 9, 9, 9, 8, 6, 7, 8, 8, 8, 8, 8, 8
BAJOTULUA2 , D, 8, 8, 8, 8, 8, 8, 8, 8, 8, 9, 9, 9, 9, 9, 9, 8, 6, 7, 8, 8, 8, 8, 8, 8
CALIMA , P, 450000
CALIMA1 , D, 33, 33, 33, 33, 33, 33, 33, 33, 33, 33, 33, 33, 33, 33, 33, 33, 33, 33, 33, 33, 33, 33, 33, 33
CALIMA2 , D, 33, 33, 33, 33, 33, 33, 33, 33, 33, 33, 33, 33, 33, 33, 33, 33, 33, 33, 33, 33, 33, 33, 33, 33
CALIMA3 , D, 33, 33, 33, 33, 33, 33, 33, 33, 33, 33, 33, 33, 33, 33, 33, 33, 33, 33, 33, 33, 33, 33, 33, 33
CALIMA4 , D, 33, 33, 33, 33, 33, 33, 33, 33, 33, 33, 33, 33, 33, 33, 33, 33, 33, 33, 33, 33, 33, 33, 33, 33
CALIMA1 , AGCU, 17, 17, 17, 17, 17, 17, 17, 17, 17, 17, 17, 17, 17, 17, 17, 17, 17, 17, 17, 17, 17, 17, 17, 17
CALIMA2 , AGCU, 17, 17, 17, 17, 17, 17, 17, 17, 17, 17, 17, 17, 17, 17, 17, 17, 17, 17, 17, 17, 17, 17, 17, 17
CALIMA3 , AGCU, 17, 17, 17, 17, 17, 17, 17, 17, 17, 17, 17, 17, 17, 17, 17, 17, 17, 17, 17, 17, 17, 17, 17, 17
CALIMA4 , AGCU, 17, 17, 17, 17, 17, 17, 17, 17, 17, 17, 17, 17, 17, 17, 17, 17, 17, 17, 17, 17, 17, 17, 17, 17
CALIMA , AGCP, 68, 68, 68, 68, 68, 68, 68, 68, 68, 68, 68, 68, 68, 68, 68, 68, 68, 68, 68, 68, 68, 68, 68, 68
CELSIASOLARALUMINA1 , D, 0, 0, 0, 0, 0, 0, 0, 0, 0, 0.06, 0.21, 0.23, 0.23, 0.07, 0, 0, 0, 0, 0, 0, 0, 0, 0, 0
CELSIASOLARALUMINA1 , INVD, 34, 34, 34, 34, 34, 34, 34, 34, 34, 34, 34, 34, 34, 34, 34, 34, 34, 34, 34, 34, 34, 34, 34, 34
CELSIASOLARBOLIVAR1 , D, 0, 0, 0, 0, 0, 0, 0, 0, 0, 0, 0, 0, 0, 0, 0, 0, 0, 0, 0, 0, 0, 0, 0, 0
CELSIASOLARBOLIVAR1 , INVD, 5, 5, 5, 5, 5, 5, 5, 5, 5, 5, 5, 5, 5, 5, 5, 5, 5, 5, 5, 5, 5, 5, 5, 5
CELSIASOLARBUGALAGRANDE1 , D, 0, 0, 0, 0, 0, 0, 0, 2, 6, 8, 9, 9, 8, 3, 4, 1, 0, 0, 0, 0, 0, 0, 0, 0
CELSIASOLARBUGALAGRANDE1 , INVD, 50, 50, 50, 50, 50, 50, 50, 50, 50, 50, 50, 50, 50, 50, 50, 50, 50, 50, 50, 50, 50, 50, 50, 50
CELSIASOLARCARMELO1 , D, 0, 0, 0, 0, 0, 0, 0, 0, 0, 1, 1, 1, 1, 2, 1, 0, 0, 0, 0, 0, 0, 0, 0, 0
CELSIASOLARCARMELO1 , INVD, 56, 56, 56, 56, 56, 56, 56, 56, 56, 56, 56, 56, 56, 56, 56, 56, 56, 56, 56, 56, 56, 56, 56, 56
CELSIASOLARDULIMA1 , D, 0, 0, 0, 0, 0, 0, 1, 9, 11, 16, 17, 17, 17, 19, 19, 12, 9, 1, 0, 0, 0, 0, 0, 0
CELSIASOLARDULIMA1 , INVD, 108, 108, 108, 108, 108, 108, 108, 108, 108, 108, 108, 108, 108, 108, 108, 108, 108, 108, 108, 108, 108, 108, 108, 108
CELSIASOLARLAPAILA1 , D, 0, 0, 0, 0, 0, 0, 0, 0, 0, 1, 1, 2, 1, 0, 0, 0, 0, 0, 0, 0, 0, 0, 0, 0
CELSIASOLARLAPAILA1 , INVD, 57, 57, 57, 57, 57, 57, 57, 57, 57, 57, 57, 57, 57, 57, 57, 57, 57, 57, 57, 57, 57, 57, 57, 57
CELSIASOLARLAVICTORIAI1 , D, 0, 0, 0, 0, 0, 0, 0, 2, 7, 11, 13, 18, 16, 19, 18, 6, 0, 0, 0, 0, 0, 0, 0, 0
CELSIASOLARLAVICTORIAI1 , INVD, 114, 114, 114, 114, 114, 114, 114, 114, 114, 114, 114, 114, 114, 114, 114, 114, 114, 114, 114, 114, 114, 114, 114, 114
CELSIASOLARLAVICTORIAII1 , D, 0, 0, 0, 0, 0, 0, 0, 2, 8, 11, 11, 16, 18, 19, 19, 6, 0, 0, 0, 0, 0, 0, 0, 0
CELSIASOLARLAVICTORIAII1 , INVD, 114, 114, 114, 114, 114, 114, 114, 114, 114, 114, 114, 114, 114, 114, 114, 114, 114, 114, 114, 114, 114, 114, 114, 114
CELSIASOLARPUERTOTEJADA1 , D, 0, 0, 0, 0, 0, 0, 0, 0, 1, 9, 12, 14, 13, 11, 8, 2, 1, 0, 0, 0, 0, 0, 0, 0
CELSIASOLARPUERTOTEJADA1 , INVD, 107, 107, 107, 107, 107, 107, 107, 107, 107, 107, 107, 107, 107, 107, 107, 107, 107, 107, 107, 107, 107, 107, 107, 107
CELSIASOLARYUMA1 , D, 0, 0, 0, 0, 0, 0, 0, 4, 5, 7, 7, 7, 8, 8, 9, 6, 4, 0, 0, 0, 0, 0, 0, 0
CELSIASOLARYUMA1 , INVD, 49, 49, 49, 49, 49, 49, 49, 49, 49, 49, 49, 49, 49, 49, 49, 49, 49, 49, 49, 49, 49, 49, 49, 49
CERRITOS1 , D, 0, 0, 0, 0, 0, 0, 0, 2, 4, 8, 6, 7, 8, 9, 9, 8, 5, 1, 0, 0, 0, 0, 0, 0
CERRITOS1 , INVD, 8, 8, 8, 8, 8, 8, 8, 8, 8, 8, 8, 8, 8, 8, 8, 8, 8, 8, 8, 8, 8, 8, 8, 8
CUCUANA , P, 103000
CUCUANA1 , D, 3, 3, 3, 3, 3, 3, 3, 3, 3, 3, 3, 3, 3, 3, 3, 3, 3, 3, 3, 3, 3, 3, 3, 3
CUCUANA2 , D, 3, 3, 3, 3, 3, 3, 3, 3, 3, 3, 3, 3, 3, 3, 3, 3, 3, 3, 3, 3, 3, 3, 3, 3
GDALFEREZ1 , D, 0, 0, 0, 0, 0, 0, 0.02, 0.11, 0.22, 0.33, 0.57, 0.58, 0.42, 0.55, 0.44, 0.13, 0.08, 0.01, 0, 0, 0, 0, 0, 0
GDALFEREZ1 , INVD, 3, 3, 3, 3, 3, 3, 3, 3, 3, 3, 3, 3, 3, 3, 3, 3, 3, 3, 3, 3, 3, 3, 3, 3
GDBASILICA1 , D, 0, 0, 0, 0, 0, 0, 0, 0, 0, 0, 0, 0, 0, 0, 0, 0, 0, 0, 0, 0, 0, 0, 0, 0
GDBASILICA1 , INVD, 5, 5, 5, 5, 5, 5, 5, 5, 5, 5, 5, 5, 5, 5, 5, 5, 5, 5, 5, 5, 5, 5, 5, 5
GDBOCASDELPALO1 , D, 0, 0, 0, 0, 0, 0, 0, 0.1, 0.1, 0.1, 0.1, 0.1, 0.1, 0.1, 0.1, 0.1, 0, 0, 0, 0, 0, 0, 0, 0
GDBOCASDELPALO1 , INVD, 1, 1, 1, 1, 1, 1, 1, 1, 1, 1, 1, 1, 1, 1, 1, 1, 1, 1, 1, 1, 1, 1, 1, 1
GDCHICORAL1 , D, 0, 0, 0, 0, 0, 0, 0, 0, 0.28, 0.51, 0.7, 0.76, 0.52, 0.68, 0.74, 0.45, 0.26, 0.04, 0, 0, 0, 0, 0, 0
GDCHICORAL1 , INVD, 5, 5, 5, 5, 5, 5, 5, 5, 5, 5, 5, 5, 5, 5, 5, 5, 5, 5, 5, 5, 5, 5, 5, 5
GDCHIMBI1 , D, 0, 0, 0, 0, 0, 0, 0.07, 0.26, 0.32, 0.6, 0.67, 0.52, 0.74, 0.76, 0.66, 0.44, 0.28, 0.03, 0, 0, 0, 0, 0, 0
GDCHIMBI1 , INVD, 5, 5, 5, 5, 5, 5, 5, 5, 5, 5, 5, 5, 5, 5, 5, 5, 5, 5, 5, 5, 5, 5, 5, 5
GDELBANCO1 , D, 0, 0, 0, 0, 0, 0, 0.07, 0.06, 0.16, 0.45, 0.67, 0.78, 0.93, 0.62, 0.69, 0.5, 0.25, 0.03, 0, 0, 0, 0, 0, 0
GDELBANCO1 , INVD, 5, 5, 5, 5, 5, 5, 5, 5, 5, 5, 5, 5, 5, 5, 5, 5, 5, 5, 5, 5, 5, 5, 5, 5
GDLAHONDA1 , D, 0, 0, 0, 0, 0, 0, 0.02, 0.11, 0.38, 0.5, 0.5, 0.8, 0.94, 0.87, 0.81, 0.28, 0.01, 0.01, 0, 0, 0, 0, 0, 0
GDLAHONDA1 , INVD, 5, 5, 5, 5, 5, 5, 5, 5, 5, 5, 5, 5, 5, 5, 5, 5, 5, 5, 5, 5, 5, 5, 5, 5
GDLAURIBE1 , D, 0, 0, 0, 0, 0, 0, 0.01, 0.04, 0.25, 0.41, 0.5, 0.52, 0.5, 0.38, 0.36, 0.12, 0.02, 0.01, 0, 0, 0, 0, 0, 0
GDLAURIBE1 , INVD, 3, 3, 3, 3, 3, 3, 3, 3, 3, 3, 3, 3, 3, 3, 3, 3, 3, 3, 3, 3, 3, 3, 3, 3
GDLOSCHORROS1 , D, 0, 0, 0, 0, 0, 0, 0, 0, 0, 0, 0, 0.09, 0, 0, 0, 0.2, 0.13, 0.02, 0, 0, 0, 0, 0, 0
GDLOSCHORROS1 , INVD, 3, 3, 3, 3, 3, 3, 3, 3, 3, 3, 3, 3, 3, 3, 3, 3, 3, 3, 3, 3, 3, 3, 3, 3
GDPALERMO1 , D, 0, 0, 0, 0, 0, 0, 0, 0, 0, 0, 0, 0.15, 0, 0, 0, 0.31, 0.24, 0.04, 0, 0, 0, 0, 0, 0
GDPALERMO1 , INVD, 5, 5, 5, 5, 5, 5, 5, 5, 5, 5, 5, 5, 5, 5, 5, 5, 5, 5, 5, 5, 5, 5, 5, 5
GRPARQUESOLARTUCANES1 , D, 0, 0, 0, 0, 0, 0, 1, 2, 3, 4, 6, 5, 4, 0, 0, 0, 0, 0, 0, 0, 0, 0, 0, 0
GRPARQUESOLARTUCANES1 , INVD, 8, 8, 8, 8, 8, 8, 8, 8, 8, 8, 8, 8, 8, 8, 8, 8, 8, 8, 8, 8, 8, 8, 8, 8
GRANJASOLARFLANDES1 , D, 0, 0, 0, 0, 0, 0, 1, 8, 11, 15, 17, 16, 16, 19, 19, 14, 8, 2, 0, 0, 0, 0, 0, 0
GRANJASOLARFLANDES1 , INVD, 108, 108, 108, 108, 108, 108, 108, 108, 108, 108, 108, 108, 108, 108, 108, 108, 108, 108, 108, 108, 108, 108, 108, 108
GRANJASOLARLANCEROS1 , D, 0, 0, 0, 0, 0, 0, 0, 2, 5, 7, 6, 7, 9, 8, 6, 5, 2, 0, 0, 0, 0, 0, 0, 0
GRANJASOLARLANCEROS1 , INVD, 49, 49, 49, 49, 49, 49, 49, 49, 49, 49, 49, 49, 49, 49, 49, 49, 49, 49, 49, 49, 49, 49, 49, 49
GRANJASOLARSANFELIPE1 , D, 0, 0, 0, 0, 0, 0, 1, 1, 2, 5, 7, 8, 9, 7, 7, 5, 2, 0, 0, 0, 0, 0, 0, 0
GRANJASOLARSANFELIPE1 , INVD, 49, 49, 49, 49, 49, 49, 49, 49, 49, 49, 49, 49, 49, 49, 49, 49, 49, 49, 49, 49, 49, 49, 49, 49
HIDROMONTAÑITAS1 , D, 3, 3, 2, 1, 1, 1, 0, 3, 9, 9, 9, 9, 9, 9, 9, 5, 7, 9, 9, 8, 6, 4, 3, 2
HIDROMONTAÑITAS2 , D, 3, 3, 2, 1, 1, 1, 0, 3, 9, 9, 9, 9, 9, 9, 9, 5, 7, 9, 9, 8, 6, 4, 3, 2
INGENIOSANCARLOS1 , D, 0, 1, 0, 0, 0, 0, 1, 1, 1, 0, 1, 0, 0, 0, 0, 0, 0, 0, 1, 1, 0, 0, 0, 0
LAMEDINA1 , D, 0, 0, 0, 0, 0, 0, 0, 2, 3, 4, 6, 7, 8, 7, 5, 4, 2, 0, 0, 0, 0, 0, 0, 0
LAMEDINA1 , INVD, 8, 8, 8, 8, 8, 8, 8, 8, 8, 8, 8, 8, 8, 8, 8, 8, 8, 8, 8, 8, 8, 8, 8, 8
LOSCABALLEROS1 , D, 0, 0, 0, 0, 0, 0, 0, 2, 3, 4, 5, 7, 7, 7, 5, 4, 2, 0, 0, 0, 0, 0, 0, 0
LOSCABALLEROS1 , INVD, 8, 8, 8, 8, 8, 8, 8, 8, 8, 8, 8, 8, 8, 8, 8, 8, 8, 8, 8, 8, 8, 8, 8, 8
MAYAGUEZ1 , D, 17, 16, 16, 17, 16, 17, 18, 17, 17, 19, 19, 9, 9, 9, 13, 17, 17, 17, 18, 17, 18, 16, 16, 16
MERILECTRICA1 , P, 930107
MERILECTRICA1 , C, GAS
MERILECTRICA1 , PAPF02, 151461212
MERILECTRICA1 , PAPT02, 151461212
MERILECTRICA1 , PAPC02, 151461212
MERILECTRICA1 , PAPUSDF02, 36143
MERILECTRICA1 , PAPUSDT02, 36143
MERILECTRICA1 , PAPUSDC02, 36143
MERILECTRICA1 , CONF, 1
MERILECTRICA1 , D, 164, 164, 164, 164, 164, 164, 164, 164, 164, 164, 164, 164, 164, 164, 164, 164, 164, 164, 164, 164, 164, 164, 164, 164
MONTELIBANO1 , D, 0, 0, 0, 0, 0, 0, 0, 0, 1, 4, 7, 6, 7, 6, 6, 4, 2, 0, 0, 0, 0, 0, 0, 0
MONTELIBANO1 , INVD, 8, 8, 8, 8, 8, 8, 8, 8, 8, 8, 8, 8, 8, 8, 8, 8, 8, 8, 8, 8, 8, 8, 8, 8
NIMA1 , D, 6, 6, 6, 6, 6, 6, 6, 5, 6, 6, 6, 6, 6, 6, 3, 6, 6, 6, 6, 6, 6, 6, 6, 6
PETALODELMAGDALENA1 , D, 0, 0, 0, 0, 0, 0, 1, 2, 5, 8, 9, 6, 5, 2, 0, 0, 0, 0, 0, 0, 0, 0, 0, 0
PETALODELMAGDALENA1 , INVD, 8, 8, 8, 8, 8, 8, 8, 8, 8, 8, 8, 8, 8, 8, 8, 8, 8, 8, 8, 8, 8, 8, 8, 8
PRADO , P, 99000
PRADO1 , D, 17, 17, 17, 17, 17, 17, 17, 17, 17, 17, 17, 17, 17, 17, 17, 17, 17, 17, 17, 17, 17, 17, 17, 17
PRADO2 , D, 17, 17, 17, 17, 17, 17, 17, 17, 17, 17, 17, 17, 17, 17, 17, 17, 17, 17, 17, 17, 17, 17, 17, 17
PRADO3 , D, 17, 17, 17, 17, 17, 17, 17, 17, 17, 17, 17, 17, 17, 17, 17, 17, 17, 17, 17, 17, 17, 17, 17, 17
PRADO4 , D, 0, 0, 0, 0, 0, 0, 0, 0, 0, 0, 0, 0, 0, 0, 0, 0, 0, 0, 0, 0, 0, 0, 0, 0
RIOCALI1 , D, 0, 0, 0, 0, 0, 0, 0, 0, 0, 0, 0, 0, 0, 0, 0, 0, 0, 0, 0, 0, 0, 0, 0, 0
RIOCALI2 , D, 0, 0, 0, 0, 0, 0, 0, 0, 0, 0, 0, 0, 0, 0, 0, 0, 0, 0, 0, 0, 0, 0, 0, 0
RIOPIEDRAS1 , D, 7, 7, 7, 7, 7, 7, 7, 7, 7, 7, 7, 7, 7, 7, 7, 7, 7, 7, 7, 7, 7, 7, 7, 7
RIOPIEDRAS2 , D, 7, 7, 7, 7, 7, 7, 7, 7, 7, 7, 7, 7, 7, 7, 7, 7, 7, 7, 7, 7, 7, 7, 7, 7
SALVAJINA , P, 455000
SALVAJINA , MO, 95, 95, 95, 95, 95, 95, 95, 95, 95, 190, 190, 190, 190, 190, 190, 190, 190, 190, 190, 190, 190, 190, 95, 95
SALVAJINA1 , D, 125, 125, 125, 125, 125, 125, 125, 125, 125, 125, 125, 125, 125, 125, 125, 125, 125, 125, 125, 125, 125, 125, 125, 125
SALVAJINA2 , D, 95, 95, 95, 95, 95, 95, 95, 95, 95, 95, 95, 95, 95, 95, 95, 95, 95, 95, 95, 95, 95, 95, 95, 95
SALVAJINA3 , D, 95, 95, 95, 95, 95, 95, 95, 95, 95, 95, 95, 95, 95, 95, 95, 95, 95, 95, 95, 95, 95, 95, 95, 95
SANANDRESDECUERQUIA1 , D, 2, 6, 9, 9, 9, 9, 9, 9, 9, 9, 9, 9, 9, 9, 9, 9, 9, 9, 9, 9, 9, 9, 9, 9
SANANDRESDECUERQUIA2 , D, 2, 6, 9, 9, 9, 9, 9, 9, 9, 9, 9, 9, 9, 9, 9, 9, 9, 9, 9, 9, 9, 9, 9, 9
SINCE1 , D, 0, 0, 0, 0, 0, 0, 0, 0, 0, 0, 0, 0, 0, 0, 0, 0, 0, 0, 0, 0, 0, 0, 0, 0
SINCE1 , INVD, 99, 99, 99, 99, 99, 99, 99, 99, 99, 99, 99, 99, 99, 99, 99, 99, 99, 99, 99, 99, 99, 99, 99, 99
SOLARPALMASECAI1 , D, 0, 0, 0, 0, 0, 0, 0, 0, 0, 0, 0, 0, 0, 0, 0, 0, 0, 0, 0, 0, 0, 0, 0, 0
SOLARPALMASECAI1 , INVD, 4, 4, 4, 4, 4, 4, 4, 4, 4, 4, 4, 4, 4, 4, 4, 4, 4, 4, 4, 4, 4, 4, 4, 4
SOLARPLANETARICA1 , D, 0, 0, 0, 0, 0, 0, 0, 1, 4, 8, 10, 10, 11, 14, 11, 12, 3, 0, 0, 0, 0, 0, 0, 0
SOLARPLANETARICA1 , INVD, 6, 6, 6, 6, 6, 6, 6, 6, 6, 6, 6, 6, 6, 6, 6, 6, 6, 6, 6, 6, 6, 6, 6, 6
TESORITO , P, 815851
TESORITO , C, GAS
TESORITO1 , PAPC02, 238865
TESORITO1 , PAPT02, 238865
TESORITO1 , PAPF02, 238865
TESORITO2 , PAPF02, 238865
TESORITO2 , PAPT02, 238865
TESORITO2 , PAPC02, 238865
TESORITO3 , PAPC02, 238865
TESORITO3 , PAPT02, 238865
TESORITO3 , PAPF02, 238865
TESORITO4 , PAPC02, 238865
TESORITO4 , PAPT02, 238865
TESORITO4 , PAPF02, 238865
TESORITO5 , PAPC02, 238865
TESORITO5 , PAPT02, 238865
TESORITO5 , PAPF02, 238865
TESORITO6 , PAPC02, 238865
TESORITO6 , PAPF02, 238865
TESORITO6 , PAPT02, 238865
TESORITO7 , PAPF02, 238865
TESORITO7 , PAPT02, 238865
TESORITO7 , PAPC02, 238865
TESORITO8 , PAPF02, 238865
TESORITO8 , PAPC02, 238865
TESORITO8 , PAPT02, 238865
TESORITO9 , PAPC02, 238865
TESORITO9 , PAPF02, 238865
TESORITO9 , PAPT02, 238865
TESORITO10 , PAPF02, 238865
TESORITO10 , PAPC02, 238865
TESORITO10 , PAPT02, 238865
TESORITO11 , PAPC02, 238865
TESORITO11 , PAPF02, 238865
TESORITO11 , PAPT02, 238865
TESORITO1 , PAPUSDC02, 57
TESORITO1 , PAPUSDT02, 57
TESORITO1 , PAPUSDF02, 57
TESORITO2 , PAPUSDF02, 57
TESORITO2 , PAPUSDT02, 57
TESORITO2 , PAPUSDC02, 57
TESORITO3 , PAPUSDC02, 57
TESORITO3 , PAPUSDT02, 57
TESORITO3 , PAPUSDF02, 57
TESORITO4 , PAPUSDC02, 57
TESORITO4 , PAPUSDT02, 57
TESORITO4 , PAPUSDF02, 57
TESORITO5 , PAPUSDC02, 57
TESORITO5 , PAPUSDT02, 57
TESORITO5 , PAPUSDF02, 57
TESORITO6 , PAPUSDC02, 57
TESORITO6 , PAPUSDF02, 57
TESORITO6 , PAPUSDT02, 57
TESORITO7 , PAPUSDF02, 57
TESORITO7 , PAPUSDT02, 57
TESORITO7 , PAPUSDC02, 57
TESORITO8 , PAPUSDF02, 57
TESORITO8 , PAPUSDC02, 57
TESORITO8 , PAPUSDT02, 57
TESORITO9 , PAPUSDC02, 57
TESORITO9 , PAPUSDF02, 57
TESORITO9 , PAPUSDT02, 57
TESORITO10 , PAPUSDF02, 57
TESORITO10 , PAPUSDC02, 57
TESORITO10 , PAPUSDT02, 57
TESORITO11 , PAPUSDC02, 57
TESORITO11 , PAPUSDF02, 57
TESORITO11 , PAPUSDT02, 57
TESORITO , CONF, 1
TESORITO1 , D, 18, 18, 18, 18, 18, 18, 18, 18, 18, 18, 18, 18, 18, 18, 18, 18, 18, 18, 18, 18, 18, 18, 18, 18
TESORITO2 , D, 18, 18, 18, 18, 18, 18, 18, 18, 18, 18, 18, 18, 18, 18, 18, 18, 18, 18, 18, 18, 18, 18, 18, 18
TESORITO3 , D, 18, 18, 18, 18, 18, 18, 18, 18, 18, 18, 18, 18, 18, 18, 18, 18, 18, 18, 18, 18, 18, 18, 18, 18
TESORITO4 , D, 18, 18, 18, 18, 18, 18, 18, 18, 18, 18, 18, 18, 18, 18, 18, 18, 18, 18, 18, 18, 18, 18, 18, 18
TESORITO5 , D, 18, 18, 18, 18, 18, 18, 18, 18, 18, 18, 18, 18, 18, 18, 18, 18, 18, 18, 18, 18, 18, 18, 18, 18
TESORITO6 , D, 18, 18, 18, 18, 18, 18, 18, 18, 18, 18, 18, 18, 18, 18, 18, 18, 18, 18, 18, 18, 18, 18, 18, 18
TESORITO7 , D, 18, 18, 18, 18, 18, 18, 18, 18, 18, 18, 18, 18, 18, 18, 18, 18, 18, 18, 18, 18, 18, 18, 18, 18
TESORITO8 , D, 18, 18, 18, 18, 18, 18, 18, 18, 18, 18, 18, 18, 18, 18, 18, 18, 18, 18, 18, 18, 18, 18, 18, 18
TESORITO9 , D, 18, 18, 18, 18, 18, 18, 18, 18, 18, 18, 18, 18, 18, 18, 18, 18, 18, 18, 18, 18, 18, 18, 18, 18
TESORITO10 , D, 19, 19, 19, 19, 19, 19, 19, 19, 19, 19, 19, 19, 19, 19, 19, 19, 19, 19, 19, 19, 19, 19, 19, 19
TESORITO11 , D, 19, 19, 19, 19, 19, 19, 19, 19, 19, 19, 19, 19, 19, 19, 19, 19, 19, 19, 19, 19, 19, 19, 19, 19


AGENTE: CEMEX ENERGY
SUEVA21 , D, 1.2, 1.2, 1.2, 1.2, 1.2, 1.2, 1.2, 1.2, 1.2, 1.2, 1.2, 1.2, 1.2, 1.2, 1.2, 1.2, 1.2, 1.2, 1.2, 1.2, 1.2, 1.2, 1.2, 6


AGENTE: CH TZ II
TZII1 , D, 6.5, 6.5, 6.5, 6.5, 6.5, 6.5, 6.5, 6.5, 6.5, 6.5, 6.5, 6.5, 6.5, 6.5, 6.5, 6.5, 6.5, 6.5, 6.5, 6.5, 6.5, 6.5, 6.5, 6.5
TZII2 , D, 3.3, 3.3, 3.3, 3.3, 3.3, 3.3, 3.3, 3.3, 3.3, 3.3, 3.3, 3.3, 3.3, 3.3, 3.3, 3.3, 3.3, 3.3, 3.3, 3.3, 3.3, 3.3, 3.5, 3.5


AGENTE: TERMOCARTAGENA
ROVIRA1 , D, 0, 0, 0, 0, 0, 0.32, 1.6, 2.24, 2.7, 3, 3.1, 3.1, 2.5, 2.17, 2, 1.26, 0.21, 0.14, 0, 0, 0, 0, 0, 0
ROVIRA1 , INVD, 9, 9, 9, 9, 9, 9, 9, 9, 9, 9, 9, 9, 9, 9, 9, 9, 9, 9, 9, 9, 9, 9, 9, 9


AGENTE: CEDENAR
RIOBOBO1 , D, 4, 4, 4, 4, 4, 4, 4, 4, 4, 4, 4, 4, 4, 4, 4, 4, 4, 4, 4, 4, 4, 4, 4, 4
RIOMAYO1 , D, 6.7, 6.7, 6.7, 6.7, 6.7, 6.7, 6.7, 6.7, 6.7, 6.7, 6.7, 6.7, 6.7, 6.7, 6.7, 6.7, 6.7, 6.7, 6.7, 6.7, 6.7, 6.7, 6.7, 6.7
RIOMAYO2 , D, 6.5, 6.5, 6.5, 6.5, 6.5, 6.5, 6.5, 6.5, 6.5, 6.5, 6.5, 6.5, 6.5, 6.5, 6.5, 6.5, 6.5, 6.5, 6.5, 6.5, 6.5, 6.5, 6.5, 6.5
RIOMAYO3 , D, 6.5, 6.5, 6.5, 6.5, 6.5, 6.5, 6.5, 6.5, 6.5, 6.5, 6.5, 6.5, 6.5, 6.5, 6.5, 6.5, 6.5, 6.5, 6.5, 6.5, 6.5, 6.5, 6.5, 6.5
RIOSAPUYES1 , D, 0, 0, 0, 0, 0, 0, 0, 0, 0, 0, 0, 0, 0, 0, 0, 0, 0, 0, 0, 0, 0, 0, 0, 0


AGENTE: CES
PAIPA4 , P, 292118
PAIPA4 , C, CARBON
PAIPA4 , PAPF01, 89557523
PAIPA4 , PAPT01, 35628565
PAIPA4 , PAPC01, 28940352
PAIPA4 , PAPUSDF01, 21371
PAIPA4 , PAPUSDT01, 8502
PAIPA4 , PAPUSDC01, 6906
PAIPA4 , CONF, 1
PAIPA4 , D, 0, 0, 0, 0, 0, 0, 0, 0, 0, 0, 0, 0, 0, 0, 0, 0, 0, 0, 0, 0, 0, 0, 0, 0


AGENTE: CHC S.A.S. E.S.P.
MAGALLO1 , D, 5.2, 5.2, 5.2, 5.2, 5.2, 5.2, 5.2, 5.2, 5.2, 5.2, 5.2, 5.2, 5.2, 5.2, 5.2, 5.2, 5.2, 5.2, 5.2, 5.2, 5.2, 5.2, 5.2, 5.2


AGENTE: CHZ S.A.S. E.S.P. 
ZEUS1 , D, 4.95, 4.95, 4.95, 4.95, 4.95, 4.95, 4.95, 4.95, 4.95, 4.95, 4.95, 4.95, 4.95, 4.95, 4.95, 4.95, 4.95, 4.95, 4.95, 4.95, 4.95, 4.95, 4.95, 4.95
ZEUS2 , D, 4.95, 4.95, 4.95, 4.95, 4.95, 4.95, 4.95, 4.95, 4.95, 4.95, 4.95, 4.95, 4.95, 4.95, 4.95, 4.95, 4.95, 4.95, 4.95, 4.95, 4.95, 4.95, 4.95, 4.95


AGENTE: COMERCIALIZADORA 4G
AUTOGCORPACERO1 , D, 0, 0, 0, 0, 0, 0, 0, 0, 0, 0, 0, 0, 0, 0, 0, 0, 0, 0, 0, 0, 0, 0, 0, 0
AUTOGUNIBOL1 , D, 0, 0, 0, 0, 0, 0, 0, 0, 0, 0, 0, 0, 0, 0, 0, 0, 0, 0, 0, 0, 0, 0, 0, 0


AGENTE: CETSA(TULUA)
RIOFRIOI1 , D, 1, 1, 1, 1, 1, 1, 1, 1, 1, 1, 1, 1, 1, 1, 1, 1, 1, 1, 1, 1, 1, 1, 1, 1
RIOFRIOII1 , D, 2, 2, 2, 2, 2, 2, 2, 2, 2, 2, 2, 2, 2, 2, 2, 2, 2, 2, 2, 2, 2, 2, 2, 2
RIOFRIOII2 , D, 5, 5, 5, 5, 5, 5, 5, 5, 5, 4, 4, 4, 4, 4, 4, 4, 4, 4, 4, 4, 4, 5, 5, 5
RUMOR1 , D, 1, 1, 1, 1, 1, 1, 1, 2, 2, 2, 1, 1, 1, 1, 1, 1, 1, 1, 1, 1, 1, 1, 1, 1


AGENTE: CINERGIC SAS ESP
REMEDIOS1 , D, 0.65, 0.65, 0.65, 0.66, 0.66, 0.66, 0.66, 0.65, 0.65, 0.65, 0.65, 0.66, 0.66, 0.66, 0.66, 0.66, 0.66, 0.66, 0.66, 0.66, 0.66, 0.66, 0.66, 0.65


AGENTE: DEPI ENERGY
AUTOGCOCA-COLAFEMSA1 , D, 0.4, 0.4, 0.4, 0.4, 0.4, 0.4, 0.4, 0.4, 0.4, 0.4, 0.4, 0.4, 0.4, 0.4, 0.4, 0.4, 0.4, 0.4, 0.4, 0.4, 0.4, 0.4, 0.4, 0.4
AUTOGINGENIOCARMELITA1 , D, 0.5, 0.5, 0.5, 0.5, 0.5, 0.5, 0.5, 0.5, 0.5, 0.5, 0.5, 0.5, 0.5, 0.5, 0.5, 0.5, 0.5, 0.5, 0.5, 0.5, 0.5, 0.5, 0.5, 0.5
AUTOGINGENIOMARIALUISA1 , D, 0.2, 0.2, 0.2, 0.2, 0.2, 0.2, 0.2, 0.2, 0.2, 0.2, 0.2, 0.2, 0.2, 0.2, 0.2, 0.2, 0.2, 0.2, 0.2, 0.2, 0.2, 0.2, 0.2, 0.2


AGENTE: DRUMMOND
POWERPLANTDRUMMOND1 , D, 5, 5, 5, 5, 5, 5, 5, 5, 5, 5, 5, 5, 5, 5, 5, 5, 5, 5, 5, 5, 5, 5, 5, 5


AGENTE: EBSA  (BOYACA)
HELIOSI1 , D, 0, 0, 0, 0, 0, 0, 2.2, 4.3, 7.2, 5.3, 6.3, 5.4, 4.6, 4.3, 2.1, 1, 0.3, 0, 0, 0, 0, 0, 0, 0
HELIOSI1 , INVD, 91, 91, 91, 91, 91, 91, 91, 91, 91, 91, 91, 91, 91, 91, 91, 91, 91, 91, 91, 91, 91, 91, 91, 91


AGENTE: EEP
BELMONTE1 , D, 3, 3, 3, 3, 3, 3, 3, 3, 3, 3, 3, 3, 3, 3, 3, 3, 3, 3, 3, 3, 3, 3, 3, 3
COGENERADORMANUELITA2 , D, 8.8, 8.8, 8.8, 8.8, 8.8, 8.8, 8.8, 8.8, 8.8, 8.8, 8.8, 8.8, 8.8, 8.8, 8.8, 8.8, 8.8, 8.8, 8.8, 8.8, 8.8, 8.8, 8.8, 8.8
GRANJASOLARBELMONTE1 , D, 0, 0, 0, 0, 0, 0, 0.07, 0.51, 0.94, 1.66, 2.26, 2.41, 2.51, 2.23, 1.71, 0.79, 0.43, 0.09, 0, 0, 0, 0, 0, 0
GRANJASOLARBELMONTE1 , INVD, 37, 37, 37, 37, 37, 37, 37, 37, 37, 37, 37, 37, 37, 37, 37, 37, 37, 37, 37, 37, 37, 37, 37, 37
NUEVOLIBARE1 , D, 0, 0, 0, 0, 0, 0, 0, 0, 0, 0, 0, 0, 0, 0, 0, 0, 0, 0, 0, 0, 0, 0, 0, 0


AGENTE: ELECTROHUILA
IQUIRAI1 , D, 0, 0, 0, 0, 0, 0, 0, 0, 0, 0, 0, 0, 0, 0, 0, 0, 0, 0, 0, 0, 0, 0, 0, 0
IQUIRAII1 , D, 0, 0, 0, 0, 0, 0, 0, 0, 0, 0, 0, 0, 0, 0, 0, 0, 0, 0, 0, 0, 0, 0, 0, 0
LAPITA1 , D, 1, 1, 1, 1, 1, 1, 1, 1, 1, 1, 1, 1, 1, 1, 1, 1, 1, 1, 1, 1, 1, 1, 1, 1


AGENTE: ELEFI SAS ESP
GDDIOCESISDERIOHACHA1 , D, 0, 0, 0, 0, 0, 0, 0, 0.01, 0.03, 0.07, 0.1, 0.1, 0.11, 0.1, 0.08, 0.07, 0.03, 0.01, 0, 0, 0, 0, 0, 0
GDDIOCESISDERIOHACHA1 , INVD, 2, 2, 2, 2, 2, 2, 2, 2, 2, 2, 2, 2, 2, 2, 2, 2, 2, 2, 2, 2, 2, 2, 2, 2


AGENTE: GENMAS S.A. E.S.P.
JUANGARCIA1 , D, 1.9, 1.9, 1.9, 1.9, 1.9, 1.9, 1.9, 1.9, 1.9, 1.9, 1.9, 1.9, 1.9, 1.9, 1.9, 1.9, 1.9, 1.9, 1.9, 1.9, 1.9, 1.9, 1.9, 1.9
JUANGARCIA2 , D, 1.9, 1.9, 1.9, 1.9, 1.9, 1.9, 1.9, 1.9, 1.9, 1.9, 1.9, 1.9, 1.9, 1.9, 1.9, 1.9, 1.9, 1.9, 1.9, 1.9, 1.9, 1.9, 1.9, 1.9
LACASCADA(ABEJORRAL)1 , D, 3, 3, 3, 3, 3, 3, 3, 3, 3, 3, 3, 3, 3, 3, 3, 3, 3, 3, 3, 3, 3, 3, 3, 3
SANJOSEDELAMONTAÑA1 , D, 0, 0, 0, 0, 0, 0, 0, 0, 0, 0, 0, 0, 0, 0, 0, 0, 0, 0, 0, 0, 0, 0, 0, 0
SANJOSEDELAMONTAÑAII1 , D, 0.9, 0.9, 0.9, 0.9, 0.9, 0.9, 0.9, 0.9, 0.9, 0.9, 0.9, 0.9, 0.9, 0.9, 0.9, 0.9, 0.9, 0.9, 0.9, 0.9, 0.9, 0.9, 0.9, 0.9
SANTARITA1 , D, 1.1, 1.1, 1.1, 1.1, 1.1, 1.1, 1.1, 1.1, 1.1, 1.1, 1.1, 1.1, 1.1, 1.1, 1.1, 1.1, 1.1, 1.1, 1.1, 1.1, 1.1, 1.1, 1.1, 1.1


AGENTE: EGECOL S.A. E.S.P.
PCHLALIBERTAD1 , D, 0.21, 0.21, 0.21, 0.21, 0.21, 0.21, 0.21, 0.21, 0.21, 0.21, 0.21, 0.21, 0.21, 0.21, 0.21, 0.21, 0.21, 0.21, 0.21, 0.21, 0.21, 0.21, 0.21, 0.21


AGENTE: EMEE(POPAYAN)
COCONUCO1 , D, 2.8, 2.8, 2.8, 2.8, 2.8, 2.8, 2.6, 2.6, 2.6, 2.6, 2.7, 2.7, 2.7, 2.7, 2.4, 2.4, 2.4, 2.4, 2.7, 2.8, 2.7, 2.7, 2.7, 2.7


AGENTE: EMCA
BAYONA1 , D, 0, 0, 0, 0, 0, 0, 0, 0, 0, 0, 0, 0, 0, 0, 0, 0, 0, 0, 0, 0, 0, 0, 0, 0
CAMPESTRE(CALARCA)1 , D, 0, 0, 0, 0, 0, 0, 0, 0, 0, 0, 0, 0, 0, 0, 0, 0, 0, 0, 0, 0, 0, 0, 0, 0
UNION1 , D, 0.6, 0.6, 0.6, 0.6, 0.6, 0.6, 0.6, 0.6, 0.6, 0.6, 0.6, 0.6, 0.6, 0.6, 0.6, 0.6, 0.6, 0.6, 0.6, 0.6, 0.6, 0.6, 0.6, 0


AGENTE: EMSA(META)
AUTOGYAGUARITO1 , D, 0, 0, 0, 0, 0, 0, 0, 0, 0, 0, 0, 0, 0, 0, 0, 0, 0, 0, 0, 0, 0, 0, 0, 0
GDSANMARTIN1 , D, 0, 0, 0, 0, 0, 0, 0.03, 0.17, 0.3, 0.45, 0.5, 0.44, 0.5, 0.35, 0.25, 0.33, 0.17, 0.04, 0, 0, 0, 0, 0, 0
GDSANMARTIN1 , INVD, 3, 3, 3, 3, 3, 3, 3, 3, 3, 3, 3, 3, 3, 3, 3, 3, 3, 3, 3, 3, 3, 3, 3, 3
GDSANMARTINII1 , D, 0, 0, 0, 0, 0, 0, 0.02, 0.17, 0.3, 0.45, 0.5, 0.5, 0.5, 0.35, 0.25, 0.33, 0.17, 0.04, 0, 0, 0, 0, 0, 0
GDSANMARTINII1 , INVD, 3, 3, 3, 3, 3, 3, 3, 3, 3, 3, 3, 3, 3, 3, 3, 3, 3, 3, 3, 3, 3, 3, 3, 3
GDSANMARTINIII1 , D, 0, 0, 0, 0, 0, 0, 0.02, 0.17, 0.3, 0.45, 0.5, 0.5, 0.5, 0.35, 0.25, 0.2, 0.15, 0.04, 0, 0, 0, 0, 0, 0
GDSANMARTINIII1 , INVD, 3, 3, 3, 3, 3, 3, 3, 3, 3, 3, 3, 3, 3, 3, 3, 3, 3, 3, 3, 3, 3, 3, 3, 3


AGENTE: ENEL
AUTOGMILPASANCARLOS1 , D, 0, 0, 0, 0, 0, 0, 0, 0, 0, 0, 0.1, 0.1, 0.1, 0, 0, 0, 0, 0, 0, 0, 0, 0, 0, 0
AUTOGMILPASANCARLOS1 , INVD, 6, 6, 6, 6, 6, 6, 6, 6, 6, 6, 6, 6, 6, 6, 6, 6, 6, 6, 6, 6, 6, 6, 6, 6
AUTOGUNIMINAS1 , D, 0, 0, 0, 0, 0, 0, 0, 0, 0.1, 0.1, 0.3, 0.3, 0.3, 0.2, 0.2, 0.1, 0, 0, 0, 0, 0, 0, 0, 0
AUTOGUNIMINAS1 , INVD, 6, 6, 6, 6, 6, 6, 6, 6, 6, 6, 6, 6, 6, 6, 6, 6, 6, 6, 6, 6, 6, 6, 6, 6
BETANIA , P, 104000
BETANIA , MO, 60, 60, 60, 60, 60, 60, 60, 60, 60, 60, 60, 60, 60, 60, 60, 60, 60, 60, 60, 60, 60, 60, 60, 60
BETANIA1 , D, 175, 175, 175, 175, 175, 175, 175, 175, 175, 175, 175, 175, 175, 175, 175, 175, 175, 175, 175, 175, 175, 175, 175, 175
BETANIA2 , D, 175, 175, 175, 175, 175, 175, 175, 175, 175, 175, 175, 175, 175, 175, 175, 175, 175, 175, 175, 175, 175, 175, 175, 175
BETANIA3 , D, 175, 175, 175, 175, 175, 175, 175, 175, 175, 175, 175, 175, 175, 175, 175, 175, 175, 175, 175, 175, 175, 175, 175, 175
CHARQUITO1 , D, 19, 19, 19, 19, 19, 19, 19, 19, 19, 19, 19, 19, 19, 19, 19, 19, 19, 19, 19, 19, 19, 19, 19, 19
DARIOVALENCIASAMPER , P, 98000
DARIOVALENCIASAMPER1 , D, 50, 50, 50, 50, 50, 50, 50, 50, 50, 50, 50, 50, 50, 50, 50, 50, 50, 50, 50, 50, 50, 50, 50, 50
DARIOVALENCIASAMPER2 , D, 50, 50, 50, 50, 50, 50, 50, 50, 50, 50, 50, 50, 50, 50, 50, 50, 50, 50, 50, 50, 50, 50, 50, 50
DARIOVALENCIASAMPER5 , D, 50, 50, 50, 50, 50, 50, 50, 50, 50, 50, 50, 50, 50, 50, 50, 50, 50, 50, 50, 50, 50, 50, 50, 50
ELLIMONAR1 , D, 18, 18, 18, 18, 18, 18, 18, 18, 18, 18, 18, 18, 18, 18, 18, 18, 18, 18, 18, 18, 18, 18, 18, 18
ELPASO , P, 94551
ELPASO1 , INVD, 56, 56, 56, 56, 56, 56, 56, 56, 56, 56, 56, 56, 56, 56, 56, 56, 56, 56, 56, 56, 56, 56, 56, 56
ELPASO1 , D, 0, 0, 0, 0, 0, 0, 7, 10, 19, 26, 46, 58, 62, 57, 49, 43, 31, 10, 0, 0, 0, 0, 0, 0
ELQUIMBO , P, 98300
ELQUIMBO , MO, 100, 100, 100, 100, 100, 100, 100, 100, 100, 100, 100, 100, 100, 100, 100, 100, 100, 100, 100, 100, 100, 100, 100, 100
ELQUIMBO1 , D, 200, 200, 200, 200, 200, 200, 200, 200, 200, 200, 200, 200, 200, 200, 200, 200, 200, 200, 200, 200, 200, 200, 200, 200
ELQUIMBO2 , D, 200, 200, 200, 200, 200, 200, 200, 200, 200, 200, 200, 200, 200, 200, 200, 200, 200, 200, 200, 200, 200, 200, 200, 200
ELQUIMBO1 , AGCU, 75, 75, 75, 75, 75, 75, 75, 75, 75, 75, 75, 75, 75, 75, 75, 75, 75, 75, 75, 75, 75, 75, 75, 75
ELQUIMBO2 , AGCU, 75, 75, 75, 75, 75, 75, 75, 75, 75, 75, 75, 75, 75, 75, 75, 75, 75, 75, 75, 75, 75, 75, 75, 75
ELQUIMBO , AGCP, 0, 0, 0, 0, 0, 0, 0, 0, 0, 0, 0, 0, 0, 0, 0, 0, 0, 0, 0, 0, 0, 0, 0, 0
FUNDACION , P, 94552
FUNDACION1 , INVD, 561, 561, 561, 561, 561, 561, 561, 561, 561, 561, 561, 561, 561, 561, 561, 561, 561, 561, 561, 561, 561, 561, 561, 561
FUNDACION1 , D, 0, 0, 0, 0, 0, 0, 7, 20, 32, 45, 71, 88, 90, 78, 65, 52, 35, 11, 0, 0, 0, 0, 0, 0
GUAVIO , P, 98000
GUAVIO1 , D, 249, 249, 249, 249, 249, 249, 249, 249, 249, 249, 249, 249, 249, 249, 249, 249, 249, 249, 249, 249, 249, 249, 249, 249
GUAVIO2 , D, 249, 249, 249, 249, 249, 249, 249, 249, 249, 249, 249, 249, 249, 249, 249, 249, 249, 249, 249, 249, 249, 249, 249, 249
GUAVIO3 , D, 249, 249, 249, 249, 249, 249, 249, 249, 249, 249, 249, 249, 249, 249, 249, 249, 249, 249, 249, 249, 249, 249, 249, 249
GUAVIO4 , D, 249, 249, 249, 249, 249, 249, 249, 249, 249, 249, 249, 249, 249, 249, 249, 249, 249, 249, 249, 249, 249, 249, 249, 249
GUAVIO5 , D, 249, 249, 249, 249, 249, 249, 249, 249, 249, 249, 249, 249, 249, 249, 249, 249, 249, 249, 249, 249, 249, 249, 249, 249
GUAVIO1 , AGCU, 189, 189, 189, 189, 189, 189, 189, 189, 189, 189, 189, 189, 189, 189, 189, 189, 189, 189, 189, 189, 189, 189, 189, 189
GUAVIO2 , AGCU, 189, 189, 189, 189, 189, 189, 189, 189, 189, 189, 189, 189, 189, 189, 189, 189, 189, 189, 189, 189, 189, 189, 189, 189
GUAVIO3 , AGCU, 189, 189, 189, 189, 189, 189, 189, 189, 189, 189, 189, 189, 189, 189, 189, 189, 189, 189, 189, 189, 189, 189, 189, 189
GUAVIO4 , AGCU, 189, 189, 189, 189, 189, 189, 189, 189, 189, 189, 189, 189, 189, 189, 189, 189, 189, 189, 189, 189, 189, 189, 189, 189
GUAVIO5 , AGCU, 189, 189, 189, 189, 189, 189, 189, 189, 189, 189, 189, 189, 189, 189, 189, 189, 189, 189, 189, 189, 189, 189, 189, 189
GUAVIO , AGCP, 945, 945, 945, 945, 945, 945, 945, 945, 945, 945, 945, 945, 945, 945, 945, 945, 945, 945, 945, 945, 945, 945, 945, 945
GUAVIOMENOR1 , D, 5, 5, 5, 5, 5, 5, 5, 5, 5, 5, 5, 5, 5, 5, 5, 5, 5, 5, 5, 5, 5, 5, 5, 5
GUAYEPO , P, 94550
GUAYEPO1 , INVD, 130, 130, 130, 130, 130, 130, 130, 130, 130, 130, 130, 130, 130, 130, 130, 130, 130, 130, 130, 130, 130, 130, 130, 130
GUAYEPO1 , D, 0, 0, 0, 0, 0, 0, 5, 45, 130, 224, 235, 260, 285, 291, 210, 175, 95, 45, 0, 0, 0, 0, 0, 0
LAGUNETA1 , D, 18, 18, 18, 18, 18, 18, 18, 18, 18, 18, 18, 18, 18, 18, 18, 18, 18, 18, 18, 18, 18, 18, 18, 18
LATAMSOLARLALOMA , P, 94549
LATAMSOLARLALOMA1 , INVD, 172, 172, 172, 172, 172, 172, 172, 172, 172, 172, 172, 172, 172, 172, 172, 172, 172, 172, 172, 172, 172, 172, 172, 172
LATAMSOLARLALOMA1 , D, 0, 0, 0, 0, 0, 0, 8, 18, 25, 67, 82, 97, 104, 80, 65, 50, 40, 12, 0, 0, 0, 0, 0, 0
PAGUA , P, 98000
LAGUACA1 , D, 108, 108, 108, 108, 108, 108, 108, 108, 108, 108, 108, 108, 108, 108, 108, 108, 108, 108, 108, 108, 108, 108, 108, 108
LAGUACA2 , D, 108, 108, 108, 108, 108, 108, 108, 108, 108, 108, 108, 108, 108, 108, 108, 108, 108, 108, 108, 108, 108, 108, 108, 108
LAGUACA3 , D, 108, 108, 108, 108, 108, 108, 108, 108, 108, 108, 108, 108, 108, 108, 108, 108, 108, 108, 108, 108, 108, 108, 108, 108
PARAISO1 , D, 92, 92, 92, 92, 92, 92, 92, 92, 92, 92, 92, 92, 92, 92, 92, 92, 92, 92, 92, 92, 92, 92, 92, 92
PARAISO2 , D, 92, 92, 92, 92, 92, 92, 92, 92, 92, 92, 92, 92, 92, 92, 92, 92, 92, 92, 92, 92, 92, 92, 92, 92
PARAISO3 , D, 92, 92, 92, 92, 92, 92, 92, 92, 92, 92, 92, 92, 92, 92, 92, 92, 92, 92, 92, 92, 92, 92, 92, 92
LAGUACA1 , AGCU, 68, 68, 68, 68, 68, 68, 68, 68, 68, 68, 68, 68, 68, 68, 68, 68, 68, 68, 68, 68, 68, 68, 68, 68
LAGUACA2 , AGCU, 68, 68, 68, 68, 68, 68, 68, 68, 68, 68, 68, 68, 68, 68, 68, 68, 68, 68, 68, 68, 68, 68, 68, 68
LAGUACA3 , AGCU, 68, 68, 68, 68, 68, 68, 68, 68, 68, 68, 68, 68, 68, 68, 68, 68, 68, 68, 68, 68, 68, 68, 68, 68
PARAISO1 , AGCU, 58, 58, 58, 58, 58, 58, 58, 58, 58, 58, 58, 58, 58, 58, 58, 58, 58, 58, 58, 58, 58, 58, 58, 58
PARAISO2 , AGCU, 58, 58, 58, 58, 58, 58, 58, 58, 58, 58, 58, 58, 58, 58, 58, 58, 58, 58, 58, 58, 58, 58, 58, 58
PARAISO3 , AGCU, 58, 58, 58, 58, 58, 58, 58, 58, 58, 58, 58, 58, 58, 58, 58, 58, 58, 58, 58, 58, 58, 58, 58, 58
PAGUA , AGCP, 378, 378, 378, 378, 378, 378, 378, 378, 378, 378, 378, 378, 378, 378, 378, 378, 378, 378, 378, 378, 378, 378, 378, 378
SALTOII , P, 98000
SALTOII2 , D, 35, 35, 35, 35, 35, 35, 35, 35, 35, 35, 35, 35, 35, 35, 35, 35, 35, 35, 35, 35, 35, 35, 35, 35
SANTAANA1 , D, 5.4, 5.4, 5.4, 5.4, 5.4, 5.4, 5.4, 5.4, 5.4, 5.4, 5.4, 5.4, 5.4, 5.4, 5.4, 5.4, 5.4, 5.4, 5.4, 5.4, 5.4, 5.4, 5.4, 5.4
SUBA1 , D, 0.5, 0.5, 0.5, 0.5, 0.5, 0.5, 0.5, 0.5, 0.5, 0.5, 0.5, 0.5, 0.5, 0.5, 0.5, 0.5, 0.5, 0.5, 0.5, 0.5, 0.5, 0.5, 0.5, 0.5
TEQUENDAMA11 , D, 14.2, 14.2, 14.2, 14.2, 14.2, 14.2, 14.2, 14.2, 14.2, 14.2, 14.2, 14.2, 14.2, 14.2, 14.2, 14.2, 14.2, 14.2, 14.2, 14.2, 14.2, 14.2, 14.2, 14.2
TEQUENDAMA21 , D, 14.2, 14.2, 14.2, 14.2, 14.2, 14.2, 14.2, 14.2, 14.2, 14.2, 14.2, 14.2, 14.2, 14.2, 14.2, 14.2, 14.2, 14.2, 14.2, 14.2, 14.2, 14.2, 14.2, 14.2
TEQUENDAMA31 , D, 14.2, 14.2, 14.2, 14.2, 14.2, 14.2, 14.2, 14.2, 14.2, 14.2, 14.2, 14.2, 14.2, 14.2, 14.2, 14.2, 14.2, 14.2, 14.2, 14.2, 14.2, 14.2, 14.2, 14.2
TEQUENDAMA41 , D, 14.2, 14.2, 14.2, 14.2, 14.2, 14.2, 14.2, 14.2, 14.2, 14.2, 14.2, 14.2, 14.2, 14.2, 14.2, 14.2, 14.2, 14.2, 14.2, 14.2, 14.2, 14.2, 14.2, 14.2
USAQUEN1 , D, 0.7, 0.7, 0.7, 0.7, 0.7, 0.7, 0.7, 0.7, 0.7, 0.7, 0.7, 0.7, 0.7, 0.7, 0.7, 0.7, 0.7, 0.7, 0.7, 0.7, 0.7, 0.7, 0.7, 0.7
ZIPAEMG2 , P, 377000
ZIPAEMG2 , C, CARBON
ZIPAEMG2 , PAPF01, 65360942
ZIPAEMG2 , PAPC01, 29325888
ZIPAEMG2 , PAPT01, 41591803
ZIPAEMG2 , PAPUSDF01, 15597
ZIPAEMG2 , PAPUSDC01, 6998
ZIPAEMG2 , PAPUSDT01, 9925
ZIPAEMG2 , CONF, 1
ZIPAEMG2 , D, 36, 36, 36, 36, 36, 36, 36, 36, 36, 36, 36, 36, 36, 36, 36, 36, 36, 36, 36, 36, 36, 36, 36, 36
ZIPAEMG3 , P, 340000
ZIPAEMG3 , C, CARBON
ZIPAEMG3 , PAPC01, 44206743
ZIPAEMG3 , PAPF01, 99866424
ZIPAEMG3 , PAPT01, 62708286
ZIPAEMG3 , PAPUSDC01, 10549
ZIPAEMG3 , PAPUSDF01, 23831
ZIPAEMG3 , PAPUSDT01, 14964
ZIPAEMG3 , CONF, 1
ZIPAEMG3 , D, 63, 63, 63, 63, 63, 63, 63, 63, 63, 63, 63, 63, 63, 63, 63, 63, 63, 63, 63, 63, 63, 63, 63, 63
ZIPAEMG4 , P, 362000
ZIPAEMG4 , C, CARBON
ZIPAEMG4 , PAPT01, 62708286
ZIPAEMG4 , PAPC01, 44206743
ZIPAEMG4 , PAPF01, 99866424
ZIPAEMG4 , PAPUSDT01, 14964
ZIPAEMG4 , PAPUSDC01, 10549
ZIPAEMG4 , PAPUSDF01, 23831
ZIPAEMG4 , CONF, 1
ZIPAEMG4 , D, 64, 64, 64, 64, 64, 64, 64, 64, 64, 64, 64, 64, 64, 64, 64, 64, 64, 64, 64, 64, 64, 64, 64, 64
ZIPAEMG5 , P, 330000
ZIPAEMG5 , C, CARBON
ZIPAEMG5 , PAPT01, 62708286
ZIPAEMG5 , PAPF01, 99866424
ZIPAEMG5 , PAPC01, 44206743
ZIPAEMG5 , PAPUSDT01, 14964
ZIPAEMG5 , PAPUSDF01, 23831
ZIPAEMG5 , PAPUSDC01, 10549
ZIPAEMG5 , CONF, 1
ZIPAEMG5 , D, 63, 63, 63, 63, 63, 63, 63, 63, 63, 63, 63, 63, 63, 63, 63, 63, 63, 63, 63, 63, 63, 63, 63, 63


AGENTE: ENERCO
CURRUCUCUES1 , D, 0, 0, 0, 0, 0, 0, 0, 0, 0, 0, 0, 0, 0, 0, 0, 0, 0, 0, 0, 0, 0, 0, 0, 0
PUENTEGUILLERMO1 , D, 0.3, 0.3, 0.3, 0.3, 0.3, 0.3, 0.3, 0.3, 0.3, 0.3, 0.3, 0.3, 0.3, 0.3, 0.3, 0.3, 0.3, 0.3, 0.3, 0.3, 0.3, 0.3, 0.3, 0.3
PUENTEGUILLERMO3 , D, 0, 0, 0, 0, 0, 0, 0, 0, 0, 0, 0, 0, 0, 0, 0, 0, 0, 0, 0, 0, 0, 0, 0, 0


AGENTE: ENERGETICA
COELLO1 , D, 1.1, 1.1, 1.1, 1.1, 1.1, 1.1, 1.1, 1.1, 1.1, 1.1, 1.1, 1.1, 1.1, 1.1, 1.1, 1.1, 1.1, 1.1, 1.1, 1.1, 1.1, 1.1, 1.1, 1.1


AGENTE: ENERGIA DEL SUROESTE
MULATOSII1 , D, 7, 7, 7, 7, 7, 7, 7, 7, 7, 7, 7, 7, 7, 7, 7, 7, 7, 7, 7, 7, 7, 7, 7, 7


AGENTE: ENERGIA Y GAS
SOLYCIELOI1 , D, 0, 0, 0, 0, 0, 0.68, 2.81, 4.73, 6.05, 7.09, 6.49, 6.44, 6.07, 5, 3.89, 2.4, 0.75, 0, 0, 0, 0, 0, 0, 0
SOLYCIELOI1 , INVD, 38, 38, 38, 38, 38, 38, 38, 38, 38, 38, 38, 38, 38, 38, 38, 38, 38, 38, 38, 38, 38, 38, 38, 38
SOLYCIELOII1 , D, 0, 0, 0, 0, 0, 0, 0, 0.16, 0.28, 0.43, 0.55, 0.71, 0.71, 0.45, 0.42, 0.38, 0.19, 0.06, 0, 0, 0, 0, 0, 0
SOLYCIELOII1 , INVD, 3, 3, 3, 3, 3, 3, 3, 3, 3, 3, 3, 3, 3, 3, 3, 3, 3, 3, 3, 3, 3, 3, 3, 3
SOLYCIELOIII1 , D, 0, 0, 0, 0, 0, 0, 0, 0.16, 0.28, 0.43, 0.55, 0.71, 0.71, 0.45, 0.42, 0.38, 0.19, 0.06, 0, 0, 0, 0, 0, 0
SOLYCIELOIII1 , INVD, 3, 3, 3, 3, 3, 3, 3, 3, 3, 3, 3, 3, 3, 3, 3, 3, 3, 3, 3, 3, 3, 3, 3, 3
SOLYCIELOIV1 , D, 0, 0, 0, 0, 0, 0, 0, 0.16, 0.28, 0.43, 0.55, 0.71, 0.71, 0.45, 0.42, 0.38, 0.19, 0.06, 0, 0, 0, 0, 0, 0
SOLYCIELOIV1 , INVD, 3, 3, 3, 3, 3, 3, 3, 3, 3, 3, 3, 3, 3, 3, 3, 3, 3, 3, 3, 3, 3, 3, 3, 3
SOLYCIELOV1 , D, 0, 0, 0, 0, 0, 0, 0, 0.16, 0.28, 0.43, 0.55, 0.71, 0.71, 0.45, 0.42, 0.38, 0.19, 0.06, 0, 0, 0, 0, 0, 0
SOLYCIELOV1 , INVD, 3, 3, 3, 3, 3, 3, 3, 3, 3, 3, 3, 3, 3, 3, 3, 3, 3, 3, 3, 3, 3, 3, 3, 3
SOLYCIELOVI1 , D, 0, 0, 0, 0, 0, 0, 0, 0.16, 0.28, 0.43, 0.55, 0.71, 0.71, 0.45, 0.42, 0.38, 0.19, 0.06, 0, 0, 0, 0, 0, 0
SOLYCIELOVI1 , INVD, 3, 3, 3, 3, 3, 3, 3, 3, 3, 3, 3, 3, 3, 3, 3, 3, 3, 3, 3, 3, 3, 3, 3, 3


AGENTE: TERMOFLORES
FLORES2 , PAPC02, 95990110
FLORES2 , PAPF02, 95990110
FLORES2 , PAPT02, 95990110
FLORES3 , PAPC02, 102012016
FLORES3 , PAPF02, 102012016
FLORES3 , PAPT02, 102012016
FLORES4 , PAPT02, 14034352
FLORES4 , PAPF02, 13699104
FLORES4 , PAPC02, 13699104
FLORES4CC , P1, 973348
FLORES4CC , P2, 1105113
FLORES4CC , P3, 923332
FLORES4CC , P4, 1534687
FLORES2 , PAPUSDC02, 22906
FLORES2 , PAPUSDF02, 22906
FLORES2 , PAPUSDT02, 22906
FLORES3 , PAPUSDC02, 24343
FLORES3 , PAPUSDF02, 24343
FLORES3 , PAPUSDT02, 24343
FLORES4 , PAPUSDT02, 3349
FLORES4 , PAPUSDF02, 3269
FLORES4 , PAPUSDC02, 3269
FLORES4CC , DISCONF1, 445, 445, 445, 445, 445, 445, 445, 445, 445, 445, 445, 445, 445, 445, 445, 445, 445, 445, 445, 445, 445, 445, 445, 445
FLORES4CC , DISCONF2, 190, 190, 190, 190, 190, 190, 190, 190, 190, 190, 190, 190, 190, 190, 190, 190, 190, 190, 190, 190, 190, 190, 190, 190
FLORES4CC , DISCONF3, 240, 240, 240, 240, 240, 240, 240, 240, 240, 240, 240, 240, 240, 240, 240, 240, 240, 240, 240, 240, 240, 240, 240, 240
FLORES4CC , DISCONF4, 120, 120, 120, 120, 120, 120, 120, 120, 120, 120, 120, 120, 120, 120, 120, 120, 120, 120, 120, 120, 120, 120, 120, 120
FLORES2 , D, 120, 120, 120, 120, 120, 120, 120, 120, 120, 120, 120, 120, 120, 120, 120, 120, 120, 120, 120, 120, 120, 120, 120, 120
FLORES3 , D, 169, 169, 169, 169, 169, 169, 169, 169, 169, 169, 169, 169, 169, 169, 169, 169, 169, 169, 169, 169, 169, 169, 169, 169
FLORES4 , D, 156, 156, 156, 156, 156, 156, 156, 156, 156, 156, 156, 156, 156, 156, 156, 156, 156, 156, 156, 156, 156, 156, 156, 156
FLORES1GAS , PAPF02, 104832296
FLORES1GAS , PAPT02, 104832296
FLORES1GAS , PAPC02, 104832296
FLORES1VAPOR , PAPC02, 7266518
FLORES1VAPOR , PAPT02, 8020827
FLORES1VAPOR , PAPF02, 7266518
FLORESICC , P1, 1120045
FLORES1GAS , PAPUSDF02, 25016
FLORES1GAS , PAPUSDT02, 25016
FLORES1GAS , PAPUSDC02, 25016
FLORES1VAPOR , PAPUSDC02, 1734
FLORES1VAPOR , PAPUSDT02, 1914
FLORES1VAPOR , PAPUSDF02, 1734
FLORESICC , DISCONF1, 0, 0, 0, 0, 0, 0, 0, 0, 0, 0, 0, 0, 0, 0, 0, 0, 0, 0, 0, 0, 0, 0, 0, 0
FLORES1GAS , D, 0, 0, 0, 0, 0, 0, 0, 0, 0, 0, 0, 0, 0, 0, 0, 0, 0, 0, 0, 0, 0, 0, 0, 0
FLORES1VAPOR , D, 0, 0, 0, 0, 0, 0, 0, 0, 0, 0, 0, 0, 0, 0, 0, 0, 0, 0, 0, 0, 0, 0, 0, 0


AGENTE: TERMOVALLE
TERMOVALLE1GAS , PAPC02, 103319486
TERMOVALLE1GAS , PAPF02, 103319486
TERMOVALLE1GAS , PAPC07, 143310476
TERMOVALLE1GAS , PAPT02, 103319486
TERMOVALLE1GAS , PAPT07, 143310476
TERMOVALLE1GAS , PAPF07, 143310476
TERMOVALLE1VAPOR , PAPC07, 7182705
TERMOVALLE1VAPOR , PAPT07, 7182705
TERMOVALLE1VAPOR , PAPT02, 7182705
TERMOVALLE1VAPOR , PAPF02, 7517954
TERMOVALLE1VAPOR , PAPF07, 7517954
TERMOVALLE1VAPOR , PAPC02, 7182705
TERMOVALLECC , P1, 1225790
TERMOVALLECC , P3, 1200000
TERMOVALLECC , P4, 1300000
TERMOVALLECC , P2, 1184535
TERMOVALLE1GAS , PAPUSDC02, 24655
TERMOVALLE1GAS , PAPUSDF02, 24655
TERMOVALLE1GAS , PAPUSDC07, 34198
TERMOVALLE1GAS , PAPUSDT02, 24655
TERMOVALLE1GAS , PAPUSDT07, 34198
TERMOVALLE1GAS , PAPUSDF07, 34198
TERMOVALLE1VAPOR , PAPUSDC07, 1714
TERMOVALLE1VAPOR , PAPUSDT07, 1714
TERMOVALLE1VAPOR , PAPUSDT02, 1714
TERMOVALLE1VAPOR , PAPUSDF02, 1794
TERMOVALLE1VAPOR , PAPUSDF07, 1794
TERMOVALLE1VAPOR , PAPUSDC02, 1714
TERMOVALLECC , DISCONF1, 239, 239, 239, 239, 239, 239, 239, 239, 239, 239, 239, 239, 239, 239, 239, 239, 239, 239, 239, 239, 239, 239, 239, 239
TERMOVALLECC , DISCONF3, 163, 163, 163, 163, 163, 163, 163, 163, 163, 163, 163, 163, 163, 163, 163, 163, 163, 163, 163, 163, 163, 163, 163, 163
TERMOVALLECC , DISCONF4, 165, 165, 165, 165, 165, 165, 165, 165, 165, 165, 165, 165, 165, 165, 165, 165, 165, 165, 165, 165, 165, 165, 165, 165
TERMOVALLECC , DISCONF2, 241, 241, 241, 241, 241, 241, 241, 241, 241, 241, 241, 241, 241, 241, 241, 241, 241, 241, 241, 241, 241, 241, 241, 241
TERMOVALLE1GAS , D, 165, 165, 165, 165, 165, 165, 165, 165, 165, 165, 165, 165, 165, 165, 165, 165, 165, 165, 165, 165, 165, 165, 165, 165
TERMOVALLE1VAPOR , D, 76, 76, 76, 76, 76, 76, 76, 76, 76, 76, 76, 76, 76, 76, 76, 76, 76, 76, 76, 76, 76, 76, 76, 76


AGENTE: ENREVSA SAS
ELBOSQUE1 , D, 1.7, 1.7, 1.7, 1.7, 1.7, 1.7, 1.7, 1.7, 1.7, 1.7, 1.7, 1.7, 1.7, 1.7, 1.7, 1.7, 1.7, 1.7, 1.7, 1.7, 1.7, 1.7, 1.7, 1.7


AGENTE: EPM
AMERICA1 , D, 0.3, 0.3, 0.3, 0.3, 0.3, 0.3, 0.3, 0.3, 0.3, 0.3, 0.3, 0.3, 0.3, 0.3, 0.3, 0.3, 0.3, 0.3, 0.3, 0.3, 0.3, 0.3, 0.3, 0.3
AUTOGARGOSELCAIRO1 , D, 6.5, 6.5, 6.5, 6.5, 6.5, 6.5, 6.5, 6.5, 6.5, 6.5, 6.5, 6.5, 6.5, 6.5, 6.5, 6.5, 6.5, 6.5, 6.5, 6.5, 6.5, 6.5, 6.5, 6.5
AUTOGARGOSSOGAMOSO1 , D, 0.9, 0.9, 0.9, 0.9, 0.9, 0.9, 0.9, 0.9, 0.9, 0.9, 0.9, 0.9, 0.9, 0.9, 0.9, 0.9, 0.9, 0.9, 0.9, 0.9, 0.9, 0.9, 0.9, 0.9
AUTOGAYURA1 , D, 9.7, 9.7, 9.7, 9.7, 9.7, 10.7, 10.7, 10.7, 10.7, 10.7, 10.7, 10.7, 10.7, 10.7, 10.7, 10.7, 10.7, 10.7, 10.2, 10.2, 10.2, 10.2, 10.2, 10.2
AUTOGBIOSCIENAGAORO1 , D, 0, 0, 0, 0, 0, 0, 0, 0, 0, 0, 0, 0, 0, 0, 0, 0, 0, 0, 0, 0, 0, 0, 0, 0
AUTOGBIOSCIENAGAORO1 , INVD, 11, 11, 11, 11, 11, 11, 11, 11, 11, 11, 11, 11, 11, 11, 11, 11, 11, 11, 11, 11, 11, 11, 11, 11
AUTOGBIOSCONTEGRALCARTAGO1 , D, 0, 0, 0, 0, 0, 0, 0, 0, 0, 0, 0, 0, 0, 0, 0, 0, 0, 0, 0, 0, 0, 0, 0, 0
AUTOGBIOSCONTEGRALCARTAGO1 , INVD, 15, 15, 15, 15, 15, 15, 15, 15, 15, 15, 15, 15, 15, 15, 15, 15, 15, 15, 15, 15, 15, 15, 15, 15
AUTOGBIOSCONTEGRALNEIVA1 , D, 0, 0, 0, 0, 0, 0, 0, 0, 0, 0, 0, 0, 0, 0, 0, 0, 0, 0, 0, 0, 0, 0, 0, 0
AUTOGBIOSCONTEGRALNEIVA1 , INVD, 16, 16, 16, 16, 16, 16, 16, 16, 16, 16, 16, 16, 16, 16, 16, 16, 16, 16, 16, 16, 16, 16, 16, 16
AUTOGBIOSFINCABUGA1 , D, 0, 0, 0, 0, 0, 0, 0, 0, 0, 0, 0, 0, 0, 0, 0, 0, 0, 0, 0, 0, 0, 0, 0, 0
AUTOGBIOSFINCABUGA1 , INVD, 11, 11, 11, 11, 11, 11, 11, 11, 11, 11, 11, 11, 11, 11, 11, 11, 11, 11, 11, 11, 11, 11, 11, 11
AUTOGCEMENTOSDELNARE1 , D, 7.8, 7.8, 7.8, 7.8, 7.8, 7.8, 6.3, 4.7, 4.7, 4.7, 4.7, 4.7, 4.7, 4.7, 4.9, 5.2, 5.2, 5.2, 5.2, 5.2, 5.2, 5.2, 6.5, 7.8
AUTOGPTARBELLO1 , D, 0, 0, 0, 0, 0, 0, 0, 0, 0, 0, 0, 0, 0, 0, 0, 0, 0, 0, 0, 0, 0, 0, 0, 0
AUTOGPTARBELLO2 , D, 0, 0, 0, 0, 0, 0, 0, 0, 0, 0, 0, 0, 0, 0, 0, 0, 0, 0, 0, 0, 0, 0, 0, 0
AUTOGPTARBELLO3 , D, 0, 0, 0, 0, 0, 0, 0, 0, 0, 0, 0, 0, 0, 0, 0, 0, 0, 0, 0, 0, 0, 0, 0, 0
AUTOGPTARBELLO4 , D, 0, 0, 0, 0, 0, 0, 0, 0, 0, 0, 0, 0, 0, 0, 0, 0, 0, 0, 0, 0, 0, 0, 0, 0
AUTOGPTARBELLO5 , D, 0, 0, 0, 0, 0, 0, 0, 0, 0, 0, 0, 0, 0, 0, 0, 0, 0, 0, 0, 0, 0, 0, 0, 0
AUTOGPTARBELLO6 , D, 0, 0, 0.38, 0.38, 0.38, 0.38, 0.38, 0.38, 0.38, 0.38, 0.38, 0.38, 0.38, 0.38, 0, 0, 0, 0, 0, 0, 0, 0, 0, 0
AUTOGPTARBELLO7 , D, 0, 0, 0, 0, 0, 0, 0, 0, 0, 0, 0, 0, 0, 0, 0, 0, 0, 0, 0, 0, 0, 0, 0, 0
BELLO1 , D, 0, 0, 0, 0, 0, 0, 0, 0, 0, 0, 0, 0, 0, 0, 0, 0, 0, 0, 0, 0, 0, 0, 0, 0
CAMPESTRE(EPM)1 , D, 0, 0, 0, 0, 0, 0, 0, 0, 0, 0, 0, 0, 0, 0, 0, 0, 0, 0, 0, 0, 0, 0, 0, 0
CARACOLI1 , D, 3.75, 3.75, 3.75, 3.75, 3.75, 3.75, 3.75, 3.75, 3.75, 3.75, 3.75, 3.75, 3.75, 3.75, 3.75, 3.75, 3.75, 3.75, 3.75, 3.75, 3.75, 3.75, 3.75, 3.75
CASCADA1 , D, 1.7, 1.7, 1.7, 1.7, 1.7, 1.7, 1.7, 1.7, 1.7, 1.7, 1.7, 1.7, 1.7, 1.7, 1.7, 1.7, 1.7, 1.7, 1.7, 1.7, 1.7, 1.7, 1.7, 1.7
ESMERALDA , P, 104638
ESMERALDA1 , D, 15, 15, 15, 15, 15, 15, 15, 15, 15, 15, 15, 15, 15, 15, 15, 15, 15, 15, 15, 15, 15, 15, 15, 15
ESMERALDA2 , D, 0, 0, 0, 0, 0, 0, 0, 0, 0, 0, 0, 0, 0, 0, 0, 0, 0, 0, 0, 0, 0, 0, 0, 0
GUACAICA1 , D, 0.86, 0.86, 0.86, 0.86, 0.86, 0.86, 0.86, 0.86, 0.86, 0.86, 0.86, 0.86, 0.86, 0.86, 0.86, 0.86, 0.86, 0.86, 0.86, 0.86, 0.86, 0.86, 0.86, 0.86
GUATAPE , P, 98000
GUATAPE1 , D, 0, 0, 0, 0, 0, 0, 0, 0, 0, 0, 0, 0, 0, 0, 0, 0, 0, 0, 0, 0, 0, 0, 0, 0
GUATAPE2 , D, 0, 0, 0, 0, 0, 0, 0, 0, 0, 0, 0, 0, 0, 0, 0, 0, 0, 0, 0, 0, 0, 0, 0, 0
GUATAPE3 , D, 0, 0, 0, 0, 0, 0, 0, 0, 0, 0, 0, 0, 0, 0, 0, 0, 0, 0, 0, 0, 0, 0, 0, 0
GUATAPE4 , D, 0, 0, 0, 0, 0, 0, 0, 0, 0, 0, 0, 0, 0, 0, 0, 0, 0, 0, 0, 0, 0, 0, 0, 0
GUATAPE5 , D, 70, 70, 70, 70, 70, 70, 70, 70, 70, 70, 70, 70, 70, 70, 70, 70, 70, 70, 70, 70, 70, 70, 70, 70
GUATAPE6 , D, 70, 70, 70, 70, 70, 70, 70, 70, 70, 70, 70, 70, 70, 70, 70, 70, 70, 70, 70, 70, 70, 70, 70, 70
GUATAPE7 , D, 70, 70, 70, 70, 70, 70, 70, 70, 70, 70, 70, 70, 70, 70, 70, 70, 70, 70, 70, 70, 70, 70, 70, 70
GUATAPE8 , D, 70, 70, 70, 70, 70, 70, 70, 70, 70, 70, 70, 70, 70, 70, 70, 70, 70, 70, 70, 70, 70, 70, 70, 70
GUATAPE1 , AGCU, 0, 0, 0, 0, 0, 0, 0, 0, 0, 0, 0, 0, 0, 0, 0, 0, 0, 0, 0, 0, 0, 0, 0, 0
GUATAPE2 , AGCU, 0, 0, 0, 0, 0, 0, 0, 0, 0, 0, 0, 0, 0, 0, 0, 0, 0, 0, 0, 0, 0, 0, 0, 0
GUATAPE3 , AGCU, 0, 0, 0, 0, 0, 0, 0, 0, 0, 0, 0, 0, 0, 0, 0, 0, 0, 0, 0, 0, 0, 0, 0, 0
GUATAPE4 , AGCU, 0, 0, 0, 0, 0, 0, 0, 0, 0, 0, 0, 0, 0, 0, 0, 0, 0, 0, 0, 0, 0, 0, 0, 0
GUATAPE5 , AGCU, 70, 70, 70, 70, 70, 70, 70, 70, 70, 70, 70, 70, 70, 70, 70, 70, 70, 70, 70, 70, 70, 70, 70, 70
GUATAPE6 , AGCU, 70, 70, 70, 70, 70, 70, 70, 70, 70, 70, 70, 70, 70, 70, 70, 70, 70, 70, 70, 70, 70, 70, 70, 70
GUATAPE7 , AGCU, 70, 70, 70, 70, 70, 70, 70, 70, 70, 70, 70, 70, 70, 70, 70, 70, 70, 70, 70, 70, 70, 70, 70, 70
GUATAPE8 , AGCU, 70, 70, 70, 70, 70, 70, 70, 70, 70, 70, 70, 70, 70, 70, 70, 70, 70, 70, 70, 70, 70, 70, 70, 70
GUATAPE , AGCP, 280, 280, 280, 280, 280, 280, 280, 280, 280, 280, 280, 280, 280, 280, 280, 280, 280, 280, 280, 280, 280, 280, 280, 280
GUATRON , P, 98000
GUADALUPE31 , D, 45, 45, 45, 45, 45, 45, 45, 45, 45, 45, 45, 45, 45, 45, 45, 45, 45, 45, 45, 45, 45, 45, 45, 45
GUADALUPE32 , D, 45, 45, 45, 45, 45, 45, 45, 45, 45, 45, 45, 45, 45, 45, 45, 45, 45, 45, 45, 45, 45, 45, 45, 45
GUADALUPE33 , D, 45, 45, 45, 45, 45, 45, 45, 45, 45, 45, 45, 45, 45, 45, 45, 45, 45, 45, 45, 45, 45, 45, 45, 45
GUADALUPE34 , D, 45, 45, 45, 45, 45, 45, 45, 45, 45, 45, 45, 45, 45, 45, 45, 45, 45, 45, 45, 45, 45, 45, 45, 45
GUADALUPE35 , D, 45, 45, 45, 45, 45, 45, 45, 45, 45, 45, 45, 45, 45, 45, 45, 45, 45, 45, 45, 45, 45, 45, 45, 45
GUADALUPE36 , D, 45, 45, 45, 45, 45, 45, 45, 45, 45, 45, 45, 45, 45, 45, 45, 45, 45, 45, 45, 45, 45, 45, 45, 45
GUADALUPE41 , D, 67, 67, 67, 67, 67, 67, 67, 67, 67, 67, 67, 67, 67, 67, 67, 67, 67, 67, 67, 67, 67, 67, 67, 67
GUADALUPE42 , D, 67, 67, 67, 67, 67, 67, 67, 67, 67, 67, 67, 67, 67, 67, 67, 67, 67, 67, 67, 67, 67, 67, 67, 67
GUADALUPE43 , D, 68, 68, 68, 68, 68, 68, 68, 68, 68, 68, 68, 68, 68, 68, 68, 68, 68, 68, 68, 68, 68, 68, 68, 68
TRONERAS1 , D, 20, 20, 20, 20, 20, 20, 20, 20, 20, 20, 20, 20, 20, 20, 20, 20, 20, 20, 20, 20, 20, 20, 20, 20
TRONERAS2 , D, 20, 20, 20, 20, 20, 20, 20, 20, 20, 20, 20, 20, 20, 20, 20, 20, 20, 20, 20, 20, 20, 20, 20, 20
INSULA1 , D, 0, 0, 0, 0, 0, 0, 0, 0, 0, 0, 0, 0, 0, 0, 0, 0, 0, 0, 0, 0, 0, 0, 0, 0
INSULA2 , D, 0, 0, 0, 0, 0, 0, 0, 0, 0, 0, 0, 0, 0, 0, 0, 0, 0, 0, 0, 0, 0, 0, 0, 0
INSULA3 , D, 7, 7, 7, 7, 7, 7, 7, 7, 7, 7, 7, 7, 7, 7, 7, 7, 7, 7, 7, 7, 7, 7, 7, 7
INTERMEDIA1 , D, 0, 0, 0, 0, 0, 0, 0, 0, 0, 0, 0, 0, 0, 0, 0, 0, 0, 0, 0, 0, 0, 0, 0, 0
ITUANGO , P, 98000
ITUANGO , ZNOINF, 0, 0, 0, 0, 0, 0, 0, 0, 0, 0, 0, 0, 0, 0, 0, 0, 0, 0, 0, 0, 0, 0, 0, 0
ITUANGO , ZNOSUP, 0, 0, 0, 0, 0, 0, 0, 0, 0, 0, 0, 0, 0, 0, 0, 0, 0, 0, 0, 0, 0, 0, 0, 0
ITUANGO , MO, 0, 0, 0, 0, 0, 0, 0, 0, 0, 0, 0, 0, 0, 0, 0, 0, 0, 0, 0, 0, 0, 0, 0, 0
ITUANGO1 , D, 300, 300, 300, 300, 300, 300, 300, 300, 300, 300, 300, 300, 300, 300, 300, 300, 300, 300, 300, 300, 300, 300, 300, 300
ITUANGO2 , D, 300, 300, 300, 300, 300, 300, 300, 300, 300, 300, 300, 300, 300, 300, 300, 300, 300, 300, 300, 300, 300, 300, 300, 300
ITUANGO3 , D, 300, 300, 300, 300, 300, 300, 300, 300, 300, 300, 300, 300, 300, 300, 300, 300, 300, 300, 300, 300, 300, 300, 300, 300
ITUANGO4 , D, 300, 300, 300, 300, 300, 300, 300, 300, 300, 300, 300, 300, 300, 300, 300, 300, 300, 300, 300, 300, 300, 300, 300, 300
LAHERRADURA2 , D, 9.5, 9.5, 9.5, 9.5, 9.5, 9.5, 9.5, 9.5, 9.5, 9.5, 9.5, 9.5, 9.5, 9.5, 9.5, 9.5, 9.5, 9.5, 9.5, 9.5, 9.5, 9.5, 9.5, 9.5
LAHERRADURA1 , D, 9.5, 9.5, 9.5, 9.5, 9.5, 9.5, 9.5, 9.5, 9.5, 9.5, 9.5, 9.5, 9.5, 9.5, 9.5, 9.5, 9.5, 9.5, 9.5, 9.5, 9.5, 9.5, 9.5, 9.5
LATASAJERA , P, 98000
LATASAJERA1 , D, 102, 102, 102, 102, 102, 102, 102, 102, 102, 102, 102, 102, 102, 102, 102, 102, 102, 102, 102, 102, 102, 102, 102, 102
LATASAJERA2 , D, 0, 0, 0, 0, 0, 0, 0, 0, 0, 0, 0, 0, 0, 0, 0, 0, 0, 0, 0, 0, 0, 0, 0, 0
LATASAJERA3 , D, 102, 102, 102, 102, 102, 102, 102, 102, 102, 102, 102, 102, 102, 102, 102, 102, 102, 102, 102, 102, 102, 102, 102, 102
LATASAJERA1 , AGCU, 102, 102, 102, 102, 102, 102, 102, 102, 102, 102, 102, 102, 102, 102, 102, 102, 102, 102, 102, 102, 102, 102, 102, 102
LATASAJERA2 , AGCU, 0, 0, 0, 0, 0, 0, 0, 0, 0, 0, 0, 0, 0, 0, 0, 0, 0, 0, 0, 0, 0, 0, 0, 0
LATASAJERA3 , AGCU, 102, 102, 102, 102, 102, 102, 102, 102, 102, 102, 102, 102, 102, 102, 102, 102, 102, 102, 102, 102, 102, 102, 102, 102
LATASAJERA , AGCP, 204, 204, 204, 204, 204, 204, 204, 204, 204, 204, 204, 204, 204, 204, 204, 204, 204, 204, 204, 204, 204, 204, 204, 204
LAVUELTA1 , D, 9, 9, 9, 9, 9, 9, 9, 9, 9, 9, 9, 9, 9, 9, 9, 9, 9, 9, 9, 9, 9, 9, 9, 9
MANANTIALES1 , D, 0, 0, 0, 0, 0, 0, 0, 0, 0, 0, 0, 0, 0, 0, 0, 0, 0, 0, 0, 0, 0, 0, 0, 0
MUNICIPAL1 , D, 0.6, 0.6, 0.6, 0.6, 0.6, 0.6, 0.6, 0.6, 0.6, 0.6, 0.6, 0.6, 0.6, 0.6, 0.6, 0.6, 0.6, 0.6, 0.6, 0.6, 0.6, 0.6, 0.6, 0.6
NIQUIA1 , D, 13, 13, 13, 13, 14, 14, 14, 14, 14, 14, 14, 14, 14, 14, 14, 14, 14, 14, 14, 14, 14, 13, 13, 13
NUTIBARA1 , D, 0, 0, 0, 0, 0, 0, 0, 0, 0, 0, 0, 0, 0, 0, 0, 0, 0, 0, 0, 0, 0, 0, 0, 0
PAJARITO1 , D, 4, 4, 4, 4, 4, 4, 4, 4, 4, 4, 4, 4, 4, 4, 4, 4, 4, 4, 4, 4, 4, 4, 4, 4
PAJARITO2 , D, 1, 1, 1, 1, 1, 1, 1, 1, 1, 1, 1, 1, 1, 1, 1, 1, 1, 1, 1, 1, 1, 1, 1, 1
PALMASSANGIL1 , D, 2.5, 2.5, 2.5, 2.5, 2.5, 2.5, 2.5, 2.5, 2.5, 2.5, 2.5, 2.5, 2.5, 2.5, 2.5, 2.5, 2.5, 2.5, 2.5, 2.5, 2.5, 2.5, 2.5, 2.5
PARQUESOLARTEPUY , P, 95187
PARQUESOLARTEPUY1 , INVD, 320, 320, 320, 320, 320, 320, 320, 320, 320, 320, 320, 320, 320, 320, 320, 320, 320, 320, 320, 320, 320, 320, 320, 320
PARQUESOLARTEPUY1 , D, 0, 0, 0, 0, 0, 0, 5, 17, 29, 37, 44, 49, 52, 54, 55, 54, 46, 19, 1, 0, 0, 0, 0, 0
PLAYAS , P, 98000
PLAYAS1 , D, 69, 69, 69, 69, 69, 69, 69, 69, 69, 69, 69, 69, 69, 69, 69, 69, 69, 69, 69, 69, 69, 69, 69, 69
PLAYAS2 , D, 69, 69, 69, 69, 69, 69, 69, 69, 69, 69, 69, 69, 69, 69, 69, 69, 69, 69, 69, 69, 69, 69, 69, 69
PLAYAS3 , D, 69, 69, 69, 69, 69, 69, 69, 69, 69, 69, 69, 69, 69, 69, 69, 69, 69, 69, 69, 69, 69, 69, 69, 69
PLAYAS1 , AGCU, 14, 14, 14, 14, 14, 14, 14, 14, 14, 14, 14, 14, 14, 14, 14, 14, 14, 14, 14, 14, 14, 14, 14, 14
PLAYAS2 , AGCU, 14, 14, 14, 14, 14, 14, 14, 14, 14, 14, 14, 14, 14, 14, 14, 14, 14, 14, 14, 14, 14, 14, 14, 14
PLAYAS3 , AGCU, 14, 14, 14, 14, 14, 14, 14, 14, 14, 14, 14, 14, 14, 14, 14, 14, 14, 14, 14, 14, 14, 14, 14, 14
PLAYAS , AGCP, 42, 42, 42, 42, 42, 42, 42, 42, 42, 42, 42, 42, 42, 42, 42, 42, 42, 42, 42, 42, 42, 42, 42, 42
PORCEII , P, 104638
PORCEII1 , D, 135, 135, 135, 135, 135, 135, 135, 135, 135, 135, 135, 135, 135, 135, 135, 135, 135, 135, 135, 135, 135, 135, 135, 135
PORCEII2 , D, 135, 135, 135, 135, 135, 135, 135, 135, 135, 135, 135, 135, 135, 135, 135, 135, 135, 135, 135, 135, 135, 135, 135, 135
PORCEII3 , D, 135, 135, 135, 135, 135, 135, 135, 135, 135, 135, 135, 135, 135, 135, 135, 135, 135, 135, 135, 135, 135, 135, 135, 135
PORCEII1 , AGCU, 60, 60, 60, 60, 60, 60, 60, 60, 60, 60, 60, 60, 60, 60, 60, 60, 60, 60, 60, 60, 60, 60, 60, 60
PORCEII2 , AGCU, 60, 60, 60, 60, 60, 60, 60, 60, 60, 60, 60, 60, 60, 60, 60, 60, 60, 60, 60, 60, 60, 60, 60, 60
PORCEII3 , AGCU, 60, 60, 60, 60, 60, 60, 60, 60, 60, 60, 60, 60, 60, 60, 60, 60, 60, 60, 60, 60, 60, 60, 60, 60
PORCEII , AGCP, 180, 180, 180, 180, 180, 180, 180, 180, 180, 180, 180, 180, 180, 180, 180, 180, 180, 180, 180, 180, 180, 180, 180, 180
PORCEIII , P, 98000
PORCEIII1 , D, 175, 175, 175, 175, 175, 175, 175, 175, 175, 175, 175, 175, 175, 175, 175, 175, 175, 175, 175, 175, 175, 175, 175, 175
PORCEIII2 , D, 175, 175, 175, 175, 175, 175, 175, 175, 175, 175, 175, 175, 175, 175, 175, 175, 175, 175, 175, 175, 175, 175, 175, 175
PORCEIII3 , D, 175, 175, 175, 175, 175, 175, 175, 175, 175, 175, 175, 175, 175, 175, 175, 175, 175, 175, 175, 175, 175, 175, 175, 175
PORCEIII4 , D, 175, 175, 175, 175, 175, 175, 175, 175, 175, 175, 175, 175, 175, 175, 175, 175, 175, 175, 175, 175, 175, 175, 175, 175
PORCEIII2 , AGCU, 50, 50, 50, 50, 50, 50, 50, 50, 50, 50, 50, 50, 50, 50, 50, 50, 50, 50, 50, 50, 50, 50, 50, 50
PORCEIII3 , AGCU, 50, 50, 50, 50, 50, 50, 50, 50, 50, 50, 50, 50, 50, 50, 50, 50, 50, 50, 50, 50, 50, 50, 50, 50
PORCEIII4 , AGCU, 50, 50, 50, 50, 50, 50, 50, 50, 50, 50, 50, 50, 50, 50, 50, 50, 50, 50, 50, 50, 50, 50, 50, 50
PORCEIII , AGCP, 150, 150, 150, 150, 150, 150, 150, 150, 150, 150, 150, 150, 150, 150, 150, 150, 150, 150, 150, 150, 150, 150, 150, 150
PORCEIIIMENOR1 , D, 1.5, 1.5, 1.5, 1.5, 1.5, 1.5, 1.5, 1.5, 1.5, 1.5, 1.5, 1.5, 1.5, 1.5, 1.5, 1.5, 1.5, 1.5, 1.5, 1.5, 1.5, 1.5, 1.5, 1.5
RIOGRANDE1 , D, 0, 0, 0, 0, 0, 0, 0, 0, 0, 0, 0, 0, 0, 0, 0, 0, 0, 0, 0, 0, 0, 0, 0, 0
RIOFRIO(TAMESIS)1 , D, 0.8, 0.8, 0.8, 0.8, 0.8, 0.8, 0.8, 0.8, 0.8, 0.8, 0.8, 0.8, 0.8, 0.8, 0.8, 0.8, 0.8, 0.8, 0.8, 0.8, 0.8, 0.8, 0.8, 0.8
RIOGRANDEI1 , D, 19, 19, 19, 19, 19, 19, 19, 19, 19, 19, 19, 19, 19, 19, 19, 19, 19, 19, 19, 19, 19, 19, 19, 19
SANCANCIO1 , D, 1, 1, 1, 1, 1, 1, 1, 1, 1, 1, 1, 1, 1, 1, 1, 1, 1, 1, 1, 1, 1, 1, 1, 1
SANFRANCISCO , P, 104638
SANFRANCISCO1 , D, 0, 0, 0, 0, 0, 0, 0, 45, 45, 45, 0, 0, 0, 0, 0, 0, 0, 0, 45, 45, 45, 45, 0, 0
SANFRANCISCO2 , D, 0, 0, 0, 0, 0, 0, 0, 0, 0, 0, 0, 0, 0, 0, 0, 0, 0, 0, 0, 0, 0, 0, 0, 0
SANFRANCISCO3 , D, 0, 0, 0, 0, 0, 0, 0, 45, 45, 45, 0, 0, 0, 0, 0, 0, 0, 0, 45, 45, 45, 45, 0, 0
SONSON1 , D, 0, 0, 0, 0, 0, 0, 0, 0, 0, 0, 0, 0, 0, 0, 0, 0, 0, 0, 0, 0, 0, 0, 0, 0
TERMODORADA1 , P, 2031761
TERMODORADA1 , C, ACPM
TERMODORADA1 , PAPT07, 151490547
TERMODORADA1 , PAPF12, 151490547
TERMODORADA1 , PAPC07, 151490547
TERMODORADA1 , PAPC12, 151490547
TERMODORADA1 , PAPT12, 151490547
TERMODORADA1 , PAPC02, 80350754
TERMODORADA1 , PAPF07, 151490547
TERMODORADA1 , PAPT02, 80350754
TERMODORADA1 , PAPF02, 80350754
TERMODORADA1 , PAPUSDT07, 36150
TERMODORADA1 , PAPUSDF12, 36150
TERMODORADA1 , PAPUSDC07, 36150
TERMODORADA1 , PAPUSDC12, 36150
TERMODORADA1 , PAPUSDT12, 36150
TERMODORADA1 , PAPUSDC02, 19174
TERMODORADA1 , PAPUSDF07, 36150
TERMODORADA1 , PAPUSDT02, 19174
TERMODORADA1 , PAPUSDF02, 19174
TERMODORADA1 , CONF, 3
TERMODORADA1 , D, 47, 47, 47, 47, 47, 47, 47, 47, 47, 47, 47, 47, 47, 47, 47, 47, 47, 47, 47, 47, 47, 47, 47, 47
TERMOSIERRA1 , PAPF07, 541552513
TERMOSIERRA1 , PAPT07, 541552513
TERMOSIERRA1 , PAPC07, 333698263
TERMOSIERRA2 , PAPT07, 541552513
TERMOSIERRA2 , PAPF07, 541552513
TERMOSIERRA2 , PAPC07, 333698263
TERMOSIERRA3 , PAPT07, 6880981
TERMOSIERRA3 , PAPC07, 7103084
TERMOSIERRA3 , PAPF07, 6880981
TERMOSIERRACC , P1, 1648341
TERMOSIERRACC , P2, 1648341
TERMOSIERRACC , P3, 903418
TERMOSIERRACC , P4, 873499
TERMOSIERRACC , P5, 1057978
TERMOSIERRA1 , PAPUSDF07, 129230
TERMOSIERRA1 , PAPUSDT07, 129230
TERMOSIERRA1 , PAPUSDC07, 79630
TERMOSIERRA2 , PAPUSDT07, 129230
TERMOSIERRA2 , PAPUSDF07, 129230
TERMOSIERRA2 , PAPUSDC07, 79630
TERMOSIERRA3 , PAPUSDT07, 1642
TERMOSIERRA3 , PAPUSDC07, 1695
TERMOSIERRA3 , PAPUSDF07, 1642
TERMOSIERRACC , DISCONF1, 110, 110, 110, 110, 110, 110, 110, 110, 110, 110, 110, 110, 110, 110, 110, 110, 110, 110, 110, 110, 110, 110, 110, 110
TERMOSIERRACC , DISCONF2, 220, 220, 220, 220, 220, 220, 220, 220, 220, 220, 220, 220, 220, 220, 220, 220, 220, 220, 220, 220, 220, 220, 220, 220
TERMOSIERRACC , DISCONF3, 161, 161, 161, 161, 161, 161, 161, 161, 161, 161, 161, 161, 161, 161, 161, 161, 161, 161, 161, 161, 161, 161, 161, 161
TERMOSIERRACC , DISCONF4, 352, 352, 352, 352, 352, 352, 352, 352, 352, 352, 352, 352, 352, 352, 352, 352, 352, 352, 352, 352, 352, 352, 352, 352
TERMOSIERRACC , DISCONF5, 271, 271, 271, 271, 271, 271, 271, 271, 271, 271, 271, 271, 271, 271, 271, 271, 271, 271, 271, 271, 271, 271, 271, 271
TERMOSIERRA1 , D, 110, 110, 110, 110, 110, 110, 110, 110, 110, 110, 110, 110, 110, 110, 110, 110, 110, 110, 110, 110, 110, 110, 110, 110
TERMOSIERRA2 , D, 110, 110, 110, 110, 110, 110, 110, 110, 110, 110, 110, 110, 110, 110, 110, 110, 110, 110, 110, 110, 110, 110, 110, 110
TERMOSIERRA3 , D, 132, 132, 132, 132, 132, 132, 132, 132, 132, 132, 132, 132, 132, 132, 132, 132, 132, 132, 132, 132, 132, 132, 132, 132


AGENTE: ERCO GENERADOR
AUTOGCIJEANS1 , D, 0, 0, 0, 0, 0, 0, 0.01, 0.03, 0.16, 0.35, 0.52, 0.51, 0.46, 0.42, 0.46, 0.35, 0.21, 0.07, 0.01, 0, 0, 0, 0, 0
AUTOGCIJEANS1 , INVD, 24, 24, 24, 24, 24, 24, 24, 24, 24, 24, 24, 24, 24, 24, 24, 24, 24, 24, 24, 24, 24, 24, 24, 24
AUTOGHIDROSOLARI1 , D, 0, 0, 0, 0, 0, 0, 0, 0.02, 0.72, 0.96, 1.44, 1.87, 1.89, 1.83, 1.82, 1.62, 0.91, 0.08, 0, 0, 0, 0, 0, 0
AUTOGHIDROSOLARI1 , INVD, 7, 7, 7, 7, 7, 7, 7, 7, 7, 7, 7, 7, 7, 7, 7, 7, 7, 7, 7, 7, 7, 7, 7, 7
AUTOGPINTUCO1 , D, 0, 0, 0, 0, 0, 0, 0, 0.01, 0.03, 0.05, 0.09, 0.1, 0.15, 0.16, 0.15, 0.1, 0.03, 0.01, 0, 0, 0, 0, 0, 0
AUTOGPINTUCO1 , INVD, 25, 25, 25, 25, 25, 25, 25, 25, 25, 25, 25, 25, 25, 25, 25, 25, 25, 25, 25, 25, 25, 25, 25, 25
COMUNIDADELSALVADORI1 , D, 0, 0, 0, 0, 0, 0, 0, 0, 0, 0.01, 0.01, 0.01, 0.01, 0.01, 0, 0, 0, 0, 0, 0, 0, 0, 0, 0.01
COMUNIDADELSALVADORI1 , INVD, 1, 1, 1, 1, 1, 1, 1, 1, 1, 1, 1, 1, 1, 1, 1, 1, 1, 1, 1, 1, 1, 1, 1, 1
COMUNIDADELSALVADORII1 , D, 0, 0, 0, 0, 0, 0, 0, 0, 0, 0, 0, 0, 0, 0, 0, 0, 0, 0, 0, 0, 0, 0, 0, 0
COMUNIDADELSALVADORII1 , INVD, 1, 1, 1, 1, 1, 1, 1, 1, 1, 1, 1, 1, 1, 1, 1, 1, 1, 1, 1, 1, 1, 1, 1, 1
GDERCOGUAMOI1 , D, 0, 0, 0, 0, 0, 0, 0.06, 0.23, 0.45, 0.67, 0.79, 0.85, 0.85, 0.77, 0.63, 0.43, 0.18, 0.02, 0, 0, 0, 0, 0, 0
GDERCOGUAMOI1 , INVD, 3, 3, 3, 3, 3, 3, 3, 3, 3, 3, 3, 3, 3, 3, 3, 3, 3, 3, 3, 3, 3, 3, 3, 3
GDERCOGUAMOII1 , D, 0, 0, 0, 0, 0, 0, 0.06, 0.23, 0.45, 0.67, 0.79, 0.85, 0.85, 0.77, 0.63, 0.43, 0.18, 0.02, 0, 0, 0, 0, 0, 0
GDERCOGUAMOII1 , INVD, 3, 3, 3, 3, 3, 3, 3, 3, 3, 3, 3, 3, 3, 3, 3, 3, 3, 3, 3, 3, 3, 3, 3, 3
GDERCOGUAMOIII1 , D, 0, 0, 0, 0, 0, 0, 0.06, 0.23, 0.45, 0.67, 0.79, 0.85, 0.85, 0.77, 0.63, 0.43, 0.18, 0.02, 0, 0, 0, 0, 0, 0
GDERCOGUAMOIII1 , INVD, 3, 3, 3, 3, 3, 3, 3, 3, 3, 3, 3, 3, 3, 3, 3, 3, 3, 3, 3, 3, 3, 3, 3, 3
GDERCOGUAMOIV1 , D, 0, 0, 0, 0, 0, 0, 0.06, 0.23, 0.45, 0.67, 0.79, 0.85, 0.85, 0.77, 0.63, 0.43, 0.18, 0.02, 0, 0, 0, 0, 0, 0
GDERCOGUAMOIV1 , INVD, 3, 3, 3, 3, 3, 3, 3, 3, 3, 3, 3, 3, 3, 3, 3, 3, 3, 3, 3, 3, 3, 3, 3, 3
GDERCOSALDANAI1 , D, 0, 0, 0, 0, 0, 0, 0.06, 0.22, 0.45, 0.67, 0.79, 0.85, 0.85, 0.77, 0.63, 0.43, 0.18, 0.02, 0, 0, 0, 0, 0, 0
GDERCOSALDANAI1 , INVD, 3, 3, 3, 3, 3, 3, 3, 3, 3, 3, 3, 3, 3, 3, 3, 3, 3, 3, 3, 3, 3, 3, 3, 3
GDERCOSALDANAII1 , D, 0, 0, 0, 0, 0, 0, 0.06, 0.22, 0.45, 0.67, 0.79, 0.85, 0.85, 0.77, 0.63, 0.43, 0.18, 0.02, 0, 0, 0, 0, 0, 0
GDERCOSALDANAII1 , INVD, 3, 3, 3, 3, 3, 3, 3, 3, 3, 3, 3, 3, 3, 3, 3, 3, 3, 3, 3, 3, 3, 3, 3, 3
GDERCOTOLDADO1 , D, 0, 0, 0, 0, 0, 0, 0.02, 0.06, 0.3, 0.66, 0.97, 0.96, 0.86, 0.79, 0.61, 0.47, 0.28, 0.09, 0, 0, 0, 0, 0, 0
GDERCOTOLDADO1 , INVD, 3, 3, 3, 3, 3, 3, 3, 3, 3, 3, 3, 3, 3, 3, 3, 3, 3, 3, 3, 3, 3, 3, 3, 3
GUAMO1 , D, 0, 0, 0, 0, 0, 0.42, 1.76, 3.31, 4.75, 6.21, 7.18, 7.28, 6.61, 5.55, 4.1, 2.31, 0.57, 0, 0, 0, 0, 0, 0, 0
GUAMO1 , INVD, 34, 34, 34, 34, 34, 34, 34, 34, 34, 34, 34, 34, 34, 34, 34, 34, 34, 34, 34, 34, 34, 34, 34, 34
INGENIORISARALDA1 , D, 13, 13, 13, 13, 13, 13, 13, 13, 13, 13, 13, 13, 13, 13, 13, 13, 13, 13, 13, 13, 13, 13, 13, 13
LANENERA1 , D, 0, 0, 0, 0, 0, 0, 0.02, 0.06, 0.3, 0.66, 0.97, 0.96, 0.86, 0.79, 0.61, 0.47, 0.28, 0.09, 0, 0, 0, 0, 0, 0
LANENERA1 , INVD, 4, 4, 4, 4, 4, 4, 4, 4, 4, 4, 4, 4, 4, 4, 4, 4, 4, 4, 4, 4, 4, 4, 4, 4
NUMBANA1 , D, 0, 0, 0, 0, 0, 0.46, 2, 3.75, 5.38, 7.01, 7.93, 8.04, 7.46, 6.29, 4.67, 2.62, 0.63, 0, 0, 0, 0, 0, 0, 0
NUMBANA1 , INVD, 37, 37, 37, 37, 37, 37, 37, 37, 37, 37, 37, 37, 37, 37, 37, 37, 37, 37, 37, 37, 37, 37, 37, 37
ROKRA1 , D, 0, 0, 0, 0, 0, 0.01, 0.42, 1.83, 3.77, 5.63, 6.74, 7.82, 8.08, 7.27, 6.16, 4.62, 2.46, 0.51, 0, 0, 0, 0, 0, 0
ROKRA1 , INVD, 37, 37, 37, 37, 37, 37, 37, 37, 37, 37, 37, 37, 37, 37, 37, 37, 37, 37, 37, 37, 37, 37, 37, 37


AGENTE: ESPROD SAS ESP
RIONEGRO1 , D, 7, 7, 7, 7, 7, 7, 7, 7, 7, 7, 7, 7, 7, 7, 7, 7, 7, 7, 7, 7, 7, 7, 7, 7


AGENTE: YARUMO
PARQUESOLARBARANOA1 , D, 0, 0, 0, 0, 0, 0, 9, 15, 17, 11, 13, 13, 13, 11, 9, 6, 3, 0, 0, 0, 0, 0, 0, 0
PARQUESOLARBARANOA1 , INVD, 77, 77, 77, 77, 77, 77, 77, 77, 77, 77, 77, 77, 77, 77, 77, 77, 77, 77, 77, 77, 77, 77, 77, 77


AGENTE: FURESAS
GRANJASOLARELSALADO1 , D, 0, 0, 0, 0, 0, 0, 0, 0.02, 0.04, 0.06, 0.06, 0.07, 0.07, 0.06, 0.05, 0.03, 0.02, 0.01, 0, 0, 0, 0, 0, 0
GRANJASOLARELSALADO1 , INVD, 2, 2, 2, 2, 2, 2, 2, 2, 2, 2, 2, 2, 2, 2, 2, 2, 2, 2, 2, 2, 2, 2, 2, 2
SANJOSE1 , D, 0.24, 0.24, 0.24, 0.23, 0.23, 0.23, 0.23, 0.23, 0.25, 0.26, 0.27, 0.28, 0.28, 0.28, 0.28, 0.28, 0.28, 0.28, 0.28, 0.28, 0.28, 0.28, 0.28, 0.28


AGENTE: GECELCA S.A. E.S.P
AUTOGCANTAYUS1 , D, 1.68, 1.61, 1.6, 1.57, 1.68, 1.81, 1.8, 1.79, 1.86, 1.84, 1.82, 1.77, 1.79, 1.8, 1.81, 1.8, 1.79, 1.78, 1.78, 1.77, 1.77, 1.79, 1.62, 1.66
AUTOGCANTAYUS2 , D, 1.68, 1.61, 1.6, 1.57, 1.68, 1.81, 1.8, 1.79, 1.86, 1.84, 1.82, 1.77, 1.79, 1.8, 1.81, 1.8, 1.79, 1.78, 1.78, 1.77, 1.77, 1.79, 1.62, 1.66
AUTOGECOPETROLORITO1 , D, 1, 1, 1, 1, 1, 1, 1, 1, 1, 1, 1, 1, 1, 1, 1, 1, 1, 1, 1, 1, 1, 1, 1, 1
AUTOGELCOPEY1 , D, 0, 0, 0, 0, 0, 0, 0.9, 2.9, 4.6, 5.8, 6.6, 3.3, 3.1, 2.8, 2.1, 1.3, 0.7, 0.2, 0, 0, 0, 0, 0, 0
AUTOGELCOPEY1 , INVD, 34, 34, 34, 34, 34, 34, 34, 34, 34, 34, 34, 34, 34, 34, 34, 34, 34, 34, 34, 34, 34, 34, 34, 34
AUTOGREFICAR1 , D, 8, 8, 8, 8, 8, 8, 8, 8, 8, 8, 8, 8, 8, 8, 8, 8, 8, 8, 8, 8, 8, 8, 8, 8
GECELCA3 , P, 272382
GECELCA3 , C, CARBON
GECELCA3 , PAPC01, 54180395
GECELCA3 , PAPF01, 127402921
GECELCA3 , PAPT01, 82613683
GECELCA3 , PAPUSDC01, 12929
GECELCA3 , PAPUSDF01, 30402
GECELCA3 , PAPUSDT01, 19714
GECELCA3 , CONF, 1
GECELCA3 , D, 164, 164, 164, 164, 164, 164, 164, 164, 164, 164, 164, 164, 164, 164, 164, 164, 164, 164, 164, 164, 164, 164, 164, 164
GECELCA32 , P, 289187
GECELCA32 , C, CARBON
GECELCA32 , PAPC01, 48267444
GECELCA32 , PAPT01, 72891468
GECELCA32 , PAPF01, 104945443
GECELCA32 , PAPUSDC01, 11518
GECELCA32 , PAPUSDT01, 17394
GECELCA32 , PAPUSDF01, 25043
GECELCA32 , CONF, 1
GECELCA32 , D, 0, 0, 0, 0, 0, 0, 0, 0, 0, 0, 0, 0, 0, 0, 0, 0, 0, 0, 0, 0, 0, 0, 0, 0
GUAJIRA1 , P, 558849
GUAJIRA1 , C, MEZCLA GAS - CARBON
GUAJIRA1 , PAPF01, 98877440
GUAJIRA1 , PAPT01, 50962007
GUAJIRA1 , PAPC01, 35934480
GUAJIRA1 , PAPC14, 35934480
GUAJIRA1 , PAPT14, 50962007
GUAJIRA1 , PAPF14, 98877440
GUAJIRA1 , PAPUSDF01, 23595
GUAJIRA1 , PAPUSDT01, 12161
GUAJIRA1 , PAPUSDC01, 8575
GUAJIRA1 , PAPUSDC14, 8575
GUAJIRA1 , PAPUSDT14, 12161
GUAJIRA1 , PAPUSDF14, 23595
GUAJIRA1 , CONF, 2
GUAJIRA1 , D, 145, 145, 145, 145, 145, 145, 145, 145, 145, 145, 145, 145, 145, 145, 145, 145, 145, 145, 145, 145, 145, 145, 145, 145
GUAJIRA2 , P, 538104
GUAJIRA2 , C, MEZCLA GAS - CARBON
GUAJIRA2 , PAPC01, 35934480
GUAJIRA2 , PAPT01, 50962007
GUAJIRA2 , PAPC14, 35934480
GUAJIRA2 , PAPT14, 50962007
GUAJIRA2 , PAPF14, 98877440
GUAJIRA2 , PAPF01, 98877440
GUAJIRA2 , PAPUSDC01, 8575
GUAJIRA2 , PAPUSDT01, 12161
GUAJIRA2 , PAPUSDC14, 8575
GUAJIRA2 , PAPUSDT14, 12161
GUAJIRA2 , PAPUSDF14, 23595
GUAJIRA2 , PAPUSDF01, 23595
GUAJIRA2 , CONF, 2
GUAJIRA2 , D, 130, 130, 130, 130, 130, 130, 130, 130, 130, 130, 130, 130, 130, 130, 130, 130, 130, 130, 130, 130, 130, 130, 130, 130


AGENTE: GENERSA
AUTOGTERMOCOROCITO1 , D, 4, 4, 4, 4, 4, 4, 4, 4, 4, 4, 4, 4, 4, 4, 4, 4, 4, 4, 4, 4, 4, 4, 4, 4
AUTOGTERMOMACAGUA1 , D, 4, 4, 4, 4, 4, 4, 4, 4, 4, 4, 4, 4, 4, 4, 4, 4, 4, 4, 4, 4, 4, 4, 4, 4
AUTOGTERMOTAME1 , D, 1, 1, 1, 1, 1, 1, 1, 1, 1, 1, 1, 1, 1, 1, 1, 1, 1, 1, 1, 1, 1, 1, 1, 1
AUTOGTERMOTAME2 , D, 1, 1, 1, 1, 1, 1, 1, 1, 1, 1, 1, 1, 1, 1, 1, 1, 1, 1, 1, 1, 1, 1, 1, 1
AUTOGTERMOTAME3 , D, 1, 1, 1, 1, 1, 1, 1, 1, 1, 1, 1, 1, 1, 1, 1, 1, 1, 1, 1, 1, 1, 1, 1, 1
TERMOBOLIVAR1 , D, 0, 0, 0, 0, 0, 0, 0, 0, 0, 0, 0, 0, 0, 0, 0, 0, 0, 0, 0, 0, 0, 0, 0, 0
TERMOCAPACHOS1 , D, 1, 1, 1, 1, 1, 1, 1, 1, 1, 1, 1, 1, 1, 1, 1, 1, 1, 1, 1, 1, 1, 1, 1, 1


AGENTE: GENERSOL
SUNNORTE , P, 86660
SUNNORTE1 , INVD, 109, 109, 109, 109, 109, 109, 109, 109, 109, 109, 109, 109, 109, 109, 109, 109, 109, 109, 109, 109, 109, 109, 109, 109
SUNNORTE1 , D, 0, 0, 0, 0, 0, 0, 1, 5, 10, 14, 18, 19, 19, 17, 13, 9, 4, 1, 0, 0, 0, 0, 0, 0


AGENTE: GENSA
PAIPA1 , P, 282774
PAIPA1 , C, CARBON
PAIPA1 , PAPT01, 28198614
PAIPA1 , PAPC01, 15400491
PAIPA1 , PAPF01, 45501642
PAIPA1 , PAPUSDT01, 6729
PAIPA1 , PAPUSDC01, 3675
PAIPA1 , PAPUSDF01, 10858
PAIPA1 , CONF, 1
PAIPA1 , D, 26, 26, 26, 26, 26, 26, 26, 26, 26, 26, 26, 26, 26, 26, 26, 26, 26, 26, 26, 26, 26, 26, 26, 26
PAIPA2 , P, 260906
PAIPA2 , C, CARBON
PAIPA2 , PAPF01, 83053697
PAIPA2 , PAPT01, 51255349
PAIPA2 , PAPC01, 45401067
PAIPA2 , PAPUSDF01, 19819
PAIPA2 , PAPUSDT01, 12231
PAIPA2 , PAPUSDC01, 10834
PAIPA2 , CONF, 1
PAIPA2 , D, 50, 50, 50, 50, 50, 50, 50, 50, 50, 50, 50, 50, 50, 50, 50, 50, 50, 50, 50, 50, 50, 50, 50, 50
PAIPA2 , PRU, 3, 3, 3, 3, 3, 3, 3, 3, 3, 3, 3, 3, 3, 3, 3, 3, 3, 3, 3, 3, 3, 3, 3, 3
PAIPA3 , P, 271161
PAIPA3 , C, CARBON
PAIPA3 , PAPC01, 45401067
PAIPA3 , PAPT01, 51255349
PAIPA3 , PAPF01, 83053697
PAIPA3 , PAPUSDC01, 10834
PAIPA3 , PAPUSDT01, 12231
PAIPA3 , PAPUSDF01, 19819
PAIPA3 , CONF, 1
PAIPA3 , D, 0, 0, 0, 0, 0, 0, 0, 0, 0, 0, 0, 0, 0, 0, 0, 0, 0, 0, 0, 0, 0, 0, 0, 0


AGENTE: GR POWER COLOMBIA
CENTROSOLAR1 , D, 0, 0, 0, 0, 0, 0, 2.6, 7.97, 9.28, 9.88, 9.9, 9.9, 9.9, 9.9, 9.9, 9.33, 8.29, 2.86, 0, 0, 0, 0, 0, 0
CENTROSOLAR1 , INVD, 8, 8, 8, 8, 8, 8, 8, 8, 8, 8, 8, 8, 8, 8, 8, 8, 8, 8, 8, 8, 8, 8, 8, 8


AGENTE: GREENYELLOW
CAIMANCIENAGUERO1 , D, 0, 0, 0, 0, 0, 0.01, 0.03, 0.24, 0.36, 0.51, 0.63, 0.54, 0.61, 0.2, 0.1, 0, 0, 0, 0, 0, 0, 0, 0, 0
CAIMANCIENAGUERO1 , INVD, 49, 49, 49, 49, 49, 49, 49, 49, 49, 49, 49, 49, 49, 49, 49, 49, 49, 49, 49, 49, 49, 49, 49, 49
GDFINCAISABELLOPEZ1 , D, 0, 0, 0, 0, 0, 0, 0.01, 0.04, 0.07, 0.12, 0.08, 0.07, 0.06, 0.05, 0.02, 0, 0, 0, 0, 0, 0, 0, 0, 0
GDFINCAISABELLOPEZ1 , INVD, 3, 3, 3, 3, 3, 3, 3, 3, 3, 3, 3, 3, 3, 3, 3, 3, 3, 3, 3, 3, 3, 3, 3, 3
GDFINCAJM1 , D, 0, 0, 0, 0, 0, 0, 0.01, 0.04, 0.07, 0.12, 0.08, 0.07, 0.06, 0.05, 0.02, 0, 0, 0, 0, 0, 0, 0, 0, 0
GDFINCAJM1 , INVD, 3, 3, 3, 3, 3, 3, 3, 3, 3, 3, 3, 3, 3, 3, 3, 3, 3, 3, 3, 3, 3, 3, 3, 3
GYSOLARAURORA1 , D, 0, 0, 0, 0, 0, 0.01, 0.03, 0.24, 0.36, 0.51, 0.63, 0.54, 0.61, 0.2, 0.1, 0, 0, 0, 0, 0, 0, 0, 0, 0
GYSOLARAURORA1 , INVD, 57, 57, 57, 57, 57, 57, 57, 57, 57, 57, 57, 57, 57, 57, 57, 57, 57, 57, 57, 57, 57, 57, 57, 57
JEQUES1 , D, 0, 0, 0, 0, 0, 0, 0, 0.1, 0.2, 0.3, 0.3, 0.3, 0.3, 0.1, 0.1, 0, 0, 0, 0, 0, 0, 0, 0, 0
JEQUES1 , INVD, 34, 34, 34, 34, 34, 34, 34, 34, 34, 34, 34, 34, 34, 34, 34, 34, 34, 34, 34, 34, 34, 34, 34, 34
PARQUESOLARDINAMARCA1 , D, 0, 0, 0, 0, 0, 0.01, 0.03, 0.24, 0.36, 0.51, 0.63, 0.54, 0.61, 0.2, 0.1, 0, 0, 0, 0, 0, 0, 0, 0, 0
PARQUESOLARDINAMARCA1 , INVD, 49, 49, 49, 49, 49, 49, 49, 49, 49, 49, 49, 49, 49, 49, 49, 49, 49, 49, 49, 49, 49, 49, 49, 49
PARQUESOLARLAMENA1 , D, 0, 0, 0, 0, 0, 0.01, 0.03, 0.24, 0.36, 0.51, 0.63, 0.54, 0.61, 0.2, 0.1, 0, 0, 0, 0, 0, 0, 0, 0, 0
PARQUESOLARLAMENA1 , INVD, 49, 49, 49, 49, 49, 49, 49, 49, 49, 49, 49, 49, 49, 49, 49, 49, 49, 49, 49, 49, 49, 49, 49, 49
PARQUESOLARVERSALLES1 , D, 0, 0, 0, 0, 0, 0.01, 0.03, 0.24, 0.36, 0.51, 0.63, 0.54, 0.61, 0.2, 0.1, 0, 0, 0, 0, 0, 0, 0, 0, 0
PARQUESOLARVERSALLES1 , INVD, 49, 49, 49, 49, 49, 49, 49, 49, 49, 49, 49, 49, 49, 49, 49, 49, 49, 49, 49, 49, 49, 49, 49, 49
SOLARALEJANDRIA1 , D, 0, 0, 0, 0, 0, 0.01, 0.03, 0.24, 0.36, 0.51, 0.63, 0.54, 0.61, 0.2, 0.1, 0, 0, 0, 0, 0, 0, 0, 0, 0
SOLARALEJANDRIA1 , INVD, 33, 33, 33, 33, 33, 33, 33, 33, 33, 33, 33, 33, 33, 33, 33, 33, 33, 33, 33, 33, 33, 33, 33, 33


AGENTE: HIDROBARRANCAS
HIDROBARRANCAS1 , D, 3.1, 3.1, 3.1, 3.1, 3.1, 3.1, 3.1, 3.1, 3.1, 3.1, 3.1, 3.1, 3.1, 3.1, 3.1, 3.1, 3.1, 3.1, 3.1, 3.1, 3.1, 3.1, 3.1, 3.1


AGENTE: HIDRALPOR SAS ESP
CARLOSLLERAS , P, 89000
CARLOSLLERAS1 , D, 39, 39, 39, 39, 39, 39, 39, 39, 39, 39, 39, 39, 39, 39, 39, 39, 39, 39, 39, 39, 39, 39, 39, 39
CARLOSLLERAS2 , D, 39, 39, 39, 39, 39, 39, 39, 39, 39, 39, 39, 39, 39, 39, 39, 39, 39, 39, 39, 39, 39, 39, 39, 39
ESCUELADEMINAS , P, 89000
ESCUELADEMINAS1 , D, 19, 19, 19, 19, 19, 19, 19, 19, 19, 19, 19, 19, 19, 19, 19, 19, 19, 19, 19, 19, 19, 19, 19, 19
ESCUELADEMINAS2 , D, 18, 18, 18, 18, 18, 18, 18, 18, 18, 18, 18, 18, 18, 18, 18, 18, 18, 18, 18, 18, 18, 18, 18, 18
ESCUELADEMINAS3 , D, 18, 18, 18, 18, 18, 18, 18, 18, 18, 18, 18, 18, 18, 18, 18, 18, 18, 18, 18, 18, 18, 18, 18, 18


AGENTE: HIDROMONT
LACHORRERA1 , D, 7, 7, 7, 7, 7, 7, 7, 7, 7, 7, 7, 7, 7, 7, 7, 7, 7, 7, 7, 7, 7, 7, 7, 7
LACHORRERA2 , D, 7, 7, 7, 7, 7, 7, 7, 7, 7, 7, 7, 7, 7, 7, 7, 7, 7, 7, 7, 7, 7, 7, 7, 7


AGENTE: HIDROTOLIMA
MIROLINDO1 , D, 2.73, 2.73, 2.73, 2.73, 2.73, 2.73, 2.73, 2.73, 2.73, 2.73, 2.73, 2.73, 2.73, 2.73, 2.73, 2.73, 2.73, 2.73, 2.73, 2.73, 2.73, 2.73, 2.73, 2.73
PASTALES1 , D, 0.64, 0.64, 0.64, 0.64, 0.64, 0.64, 0.64, 0.64, 0.64, 0.64, 0.64, 0.64, 0.64, 0.64, 0.64, 0.64, 0.64, 0.64, 0.64, 0.64, 0.64, 0.64, 0.64, 0.64
RIORECIO1 , D, 0.38, 0.38, 0.38, 0.38, 0.38, 0.38, 0.38, 0.38, 0.38, 0.38, 0.38, 0.38, 0.38, 0.38, 0.38, 0.38, 0.38, 0.38, 0.38, 0.38, 0.38, 0.38, 0.38, 0.38
SANTIAGO1 , D, 1.55, 1.55, 1.55, 1.55, 1.55, 1.55, 1.55, 1.55, 1.55, 1.55, 1.55, 1.55, 1.55, 1.55, 1.55, 1.55, 1.55, 1.55, 1.55, 1.55, 1.55, 1.55, 1.55, 1.55
VENTANAA1 , D, 0, 0, 0, 0, 0, 0, 0, 0, 0, 0, 0, 0, 0, 0, 0, 0, 0, 0, 0, 0, 0, 0, 0, 0
VENTANAB1 , D, 1.73, 1.73, 1.73, 1.73, 1.73, 1.73, 1.73, 1.73, 1.73, 1.73, 1.73, 1.73, 1.73, 1.73, 1.73, 1.73, 1.73, 1.73, 1.73, 1.73, 1.73, 1.73, 1.73, 1.73


AGENTE: HZ ENERGY
AMALFI1 , D, 0, 0, 0, 0, 0, 0, 0, 0, 0, 0, 0, 0, 0, 0, 0, 0, 0, 0, 0, 0, 0, 0, 0, 0
LAREBUSCA1 , D, 0.65, 0.65, 0.65, 0.65, 0.65, 0.65, 0.65, 0.65, 0.65, 0.65, 0.65, 0.65, 0.65, 0.65, 0.65, 0.65, 0.65, 0.65, 0.65, 0.65, 0.65, 0.65, 0.65, 0.65
PROVIDENCIA1 , D, 3.67, 3.67, 3.67, 3.67, 3.67, 3.67, 3.91, 3.07, 3.07, 3.07, 4.16, 3.07, 4.9, 4.9, 4.9, 4.9, 3.07, 3.67, 3.67, 3.67, 3.67, 3.67, 3.67, 3.67


AGENTE: IAC ENERGY
LANAVETA1 , D, 4, 4, 4, 4, 4, 4, 4, 4, 4, 4, 4, 4, 4, 4, 4, 4, 4, 4, 4, 4, 4, 4, 4, 4


AGENTE: ISAGEN
AMOYALAESPERANZA , P, 106410
AMOYALAESPERANZA1 , D, 38, 38, 38, 38, 38, 38, 38, 38, 38, 38, 38, 38, 38, 38, 38, 38, 38, 38, 38, 38, 38, 38, 38, 38
AMOYALAESPERANZA2 , D, 37, 37, 37, 37, 37, 37, 37, 37, 37, 37, 37, 37, 37, 37, 37, 37, 37, 37, 37, 37, 37, 37, 37, 37
BARROSO1 , D, 7.87, 7.87, 7.87, 7.87, 7.87, 7.87, 7.87, 7.87, 7.87, 7.87, 7.87, 7.87, 7.87, 7.87, 7.87, 7.87, 7.87, 7.87, 7.87, 7.87, 7.87, 7.87, 7.87, 7.87
BARROSO2 , D, 7.87, 7.87, 7.87, 7.87, 7.87, 7.87, 7.87, 7.87, 7.87, 7.87, 7.87, 7.87, 7.87, 7.87, 7.87, 7.87, 7.87, 7.87, 7.87, 7.87, 7.87, 7.87, 7.87, 7.87
BOSQUESSOLARESDELOSLLANOS41 , D, 0, 0, 0, 0, 0, 0, 2.02, 5.4, 8.8, 10.71, 12.73, 12.54, 12.76, 11, 9.18, 8.76, 6.91, 0, 0, 0, 0, 0, 0, 0
BOSQUESSOLARESDELOSLLANOS41 , INVD, 121, 121, 121, 121, 121, 121, 121, 121, 121, 121, 121, 121, 121, 121, 121, 121, 121, 121, 121, 121, 121, 121, 121, 121
BOSQUESSOLARESDELOSLLANOS51 , D, 0, 0, 0, 0, 0, 0, 0, 5.5, 8.1, 10.44, 12.13, 11.33, 11.65, 9.49, 8.5, 7.85, 6.16, 0, 0, 0, 0, 0, 0, 0
BOSQUESSOLARESDELOSLLANOS51 , INVD, 111, 111, 111, 111, 111, 111, 111, 111, 111, 111, 111, 111, 111, 111, 111, 111, 111, 111, 111, 111, 111, 111, 111, 111
BSB5001 , D, 0, 0, 0, 0, 0, 0, 3.25, 9.68, 13.9, 14.93, 15.23, 15.68, 15.46, 14.51, 13.72, 9.33, 5.24, 1.78, 0, 0, 0, 0, 0, 0
BSB5001 , INVD, 77, 77, 77, 77, 77, 77, 77, 77, 77, 77, 77, 77, 77, 77, 77, 77, 77, 77, 77, 77, 77, 77, 77, 77
BSB5011 , D, 0, 0, 0, 0, 0, 0, 3.25, 9.68, 13.9, 14.93, 15.23, 15.68, 15.46, 14.51, 13.72, 9.33, 5.24, 1.78, 0, 0, 0, 0, 0, 0
BSB5011 , INVD, 77, 77, 77, 77, 77, 77, 77, 77, 77, 77, 77, 77, 77, 77, 77, 77, 77, 77, 77, 77, 77, 77, 77, 77
BSB5021 , D, 0, 0, 0, 0, 0, 0, 3.25, 9.68, 13.9, 14.93, 15.23, 15.68, 15.46, 14.51, 13.72, 9.33, 5.24, 1.78, 0, 0, 0, 0, 0, 0
BSB5021 , INVD, 77, 77, 77, 77, 77, 77, 77, 77, 77, 77, 77, 77, 77, 77, 77, 77, 77, 77, 77, 77, 77, 77, 77, 77
BSB5031 , D, 0, 0, 0, 0, 0, 0, 3.25, 9.68, 13.9, 14.93, 15.23, 15.68, 15.46, 14.51, 13.72, 9.33, 5.24, 1.78, 0, 0, 0, 0, 0, 0
BSB5031 , INVD, 77, 77, 77, 77, 77, 77, 77, 77, 77, 77, 77, 77, 77, 77, 77, 77, 77, 77, 77, 77, 77, 77, 77, 77
BSB5041 , D, 0, 0, 0, 0, 0, 0, 3.25, 9.68, 13.9, 14.93, 15.23, 15.68, 15.46, 14.51, 13.72, 9.33, 5.24, 1.78, 0, 0, 0, 0, 0, 0
BSB5041 , INVD, 77, 77, 77, 77, 77, 77, 77, 77, 77, 77, 77, 77, 77, 77, 77, 77, 77, 77, 77, 77, 77, 77, 77, 77
CALDERAS1 , D, 3.96, 3.96, 3.96, 3.96, 3.96, 3.96, 6.06, 6.06, 3.96, 3.96, 3.96, 8.75, 8.75, 3.96, 3.96, 3.96, 3.96, 9.95, 9.95, 9.95, 3.96, 3.96, 3.96, 3.96
CALDERAS2 , D, 3.96, 3.96, 3.96, 3.96, 3.96, 3.96, 6.06, 6.06, 3.96, 3.96, 3.96, 8.75, 8.75, 3.96, 3.96, 3.96, 3.96, 9.95, 9.95, 9.95, 3.96, 3.96, 3.96, 3.96
CARUQUIA1 , D, 9.5, 9.5, 9.5, 9.5, 9.5, 9.5, 9.5, 9.5, 9.5, 9.5, 9.5, 9.5, 9.5, 9.5, 9.5, 9.5, 9.5, 9.5, 9.5, 9.5, 9.5, 9.5, 9.5, 9.5
ELMOLINO1 , D, 7.27, 7.27, 7.27, 7.27, 7.27, 7.27, 7.27, 7.27, 7.27, 7.27, 7.27, 7.27, 7.27, 7.27, 7.27, 7.27, 7.27, 7.27, 7.27, 7.27, 7.27, 7.27, 7.27, 7.27
ELMOLINO2 , D, 7.27, 7.27, 7.27, 7.27, 7.27, 7.27, 7.27, 7.27, 7.27, 7.27, 7.27, 7.27, 7.27, 7.27, 7.27, 7.27, 7.27, 7.27, 7.27, 7.27, 7.27, 7.27, 7.27, 7.27
ELPOPAL1 , D, 9.31, 9.31, 9.31, 9.31, 9.31, 9.31, 9.31, 9.31, 9.31, 9.31, 9.31, 9.31, 9.31, 9.31, 9.31, 9.31, 9.31, 9.31, 9.31, 9.31, 9.31, 9.31, 9.31, 9.31
ELPOPAL2 , D, 9.31, 9.31, 9.31, 9.31, 9.31, 9.31, 9.31, 9.31, 9.31, 9.31, 9.31, 9.31, 9.31, 9.31, 9.31, 9.31, 9.31, 9.31, 9.31, 9.31, 9.31, 9.31, 9.31, 9.31
GUANAQUITAS1 , D, 9.5, 9.5, 9.5, 9.5, 9.5, 9.5, 9.5, 9.5, 9.5, 9.5, 9.5, 9.5, 9.5, 9.5, 9.5, 9.5, 9.5, 9.5, 9.5, 9.5, 9.5, 9.5, 9.5, 9.5
JAGUAS , P, 98000
JAGUAS1 , D, 85, 85, 85, 85, 85, 85, 85, 0, 0, 0, 0, 0, 0, 0, 0, 0, 0, 85, 85, 85, 85, 85, 85, 85
JAGUAS2 , D, 85, 85, 85, 85, 85, 85, 85, 0, 0, 0, 0, 0, 0, 0, 0, 0, 0, 85, 85, 85, 85, 85, 85, 85
JAGUAS1 , AGCU, 70, 70, 70, 70, 70, 70, 70, 0, 0, 0, 0, 0, 0, 0, 0, 0, 0, 70, 70, 70, 70, 70, 70, 70
JAGUAS2 , AGCU, 70, 70, 70, 70, 70, 70, 70, 0, 0, 0, 0, 0, 0, 0, 0, 0, 0, 70, 70, 70, 70, 70, 70, 70
JAGUAS , AGCP, 140, 140, 140, 140, 140, 140, 140, 0, 0, 0, 0, 0, 0, 0, 0, 0, 0, 140, 140, 140, 140, 140, 140, 140
LUZMAI1 , D, 6.99, 6.99, 6.99, 6.99, 6.99, 6.99, 6.99, 6.99, 6.99, 6.99, 6.99, 6.99, 6.99, 6.99, 6.99, 6.99, 6.99, 6.99, 6.99, 6.99, 6.99, 6.99, 6.99, 6.99
LUZMAI2 , D, 6.99, 6.99, 6.99, 6.99, 6.99, 6.99, 6.99, 6.99, 6.99, 6.99, 6.99, 6.99, 6.99, 6.99, 6.99, 6.99, 6.99, 6.99, 6.99, 6.99, 6.99, 6.99, 6.99, 6.99
LUZMAII1 , D, 6.9, 6.9, 6.9, 6.9, 6.9, 6.9, 6.9, 6.9, 6.9, 6.9, 6.9, 6.9, 6.9, 6.9, 6.9, 6.9, 6.9, 6.9, 6.9, 6.9, 6.9, 6.9, 6.9, 6.9
LUZMAII2 , D, 6.9, 6.9, 6.9, 6.9, 6.9, 6.9, 6.9, 6.9, 6.9, 6.9, 6.9, 6.9, 6.9, 6.9, 6.9, 6.9, 6.9, 6.9, 6.9, 6.9, 6.9, 6.9, 6.9, 6.9
MIELI , P, 98000
MIELI , MO, 33, 33, 33, 33, 33, 33, 33, 33, 33, 33, 33, 33, 33, 33, 33, 33, 33, 33, 33, 33, 33, 33, 33, 33
MIELI1 , D, 132, 132, 132, 132, 132, 132, 132, 132, 132, 132, 132, 132, 132, 132, 132, 132, 132, 132, 132, 132, 132, 132, 132, 132
MIELI2 , D, 132, 132, 132, 132, 132, 132, 132, 132, 132, 132, 132, 132, 132, 132, 132, 132, 132, 132, 132, 132, 132, 132, 132, 132
MIELI3 , D, 132, 132, 132, 132, 132, 132, 132, 132, 132, 132, 132, 132, 132, 132, 132, 132, 132, 132, 132, 132, 132, 132, 132, 132
MIELI1 , AGCU, 78, 78, 78, 78, 78, 78, 78, 78, 78, 78, 78, 78, 78, 78, 78, 78, 78, 78, 78, 78, 78, 78, 78, 78
MIELI2 , AGCU, 78, 78, 78, 78, 78, 78, 78, 78, 78, 78, 78, 78, 78, 78, 78, 78, 78, 78, 78, 78, 78, 78, 78, 78
MIELI3 , AGCU, 0, 0, 0, 0, 0, 0, 0, 0, 0, 0, 0, 0, 0, 0, 0, 0, 0, 0, 0, 0, 0, 0, 0, 0
MIELI , AGCP, 156, 156, 156, 156, 156, 156, 156, 156, 156, 156, 156, 156, 156, 156, 156, 156, 156, 156, 156, 156, 156, 156, 156, 156
PARQUEEOLICOGUAJIRAI1 , D, 11.94, 10.75, 10.26, 10.1, 11.94, 11.94, 11.94, 11.94, 11.94, 11.94, 11.94, 11.94, 11.94, 11.94, 11.94, 11.94, 11.94, 11.94, 11.94, 11.94, 11.94, 11.94, 11.94, 11.94
PARQUEEOLICOGUAJIRAI1 , INVD, 6, 6, 6, 6, 6, 6, 6, 6, 6, 6, 6, 6, 6, 6, 6, 6, 6, 6, 6, 6, 6, 6, 6, 6
PARQUEEOLICOWESP011 , D, 7.21, 6.2, 5.66, 5.4, 6.36, 7.06, 7.46, 8.12, 8.78, 9.93, 10.56, 11.18, 11.41, 11.73, 11.48, 11.75, 11.55, 11.99, 11.35, 11.47, 11.48, 11.44, 11.28, 10.86
PARQUEEOLICOWESP011 , INVD, 4, 4, 4, 4, 4, 4, 4, 4, 4, 4, 4, 4, 4, 4, 4, 4, 4, 4, 4, 4, 4, 4, 4, 4
SANCARLOS , P, 140000
SANCARLOS1 , D, 155, 155, 155, 155, 155, 155, 155, 155, 155, 155, 155, 155, 155, 155, 155, 155, 155, 155, 155, 155, 155, 155, 155, 155
SANCARLOS2 , D, 155, 155, 155, 155, 155, 155, 155, 155, 155, 155, 155, 155, 155, 155, 155, 155, 155, 155, 155, 155, 155, 155, 155, 155
SANCARLOS3 , D, 155, 155, 155, 155, 155, 155, 155, 155, 155, 155, 155, 155, 155, 155, 155, 155, 155, 155, 155, 155, 155, 155, 155, 155
SANCARLOS4 , D, 155, 155, 155, 155, 155, 155, 155, 155, 155, 155, 155, 155, 155, 155, 155, 155, 155, 155, 155, 155, 155, 155, 155, 155
SANCARLOS5 , D, 155, 155, 155, 155, 155, 155, 155, 155, 155, 155, 155, 155, 155, 155, 155, 155, 155, 155, 155, 155, 155, 155, 155, 155
SANCARLOS6 , D, 155, 155, 155, 155, 155, 155, 155, 155, 155, 155, 155, 155, 155, 155, 155, 155, 155, 155, 155, 155, 155, 155, 155, 155
SANCARLOS7 , D, 155, 155, 155, 155, 155, 155, 155, 155, 155, 155, 155, 155, 155, 155, 155, 155, 155, 155, 155, 155, 155, 155, 155, 155
SANCARLOS8 , D, 155, 155, 155, 155, 155, 155, 155, 155, 155, 155, 155, 155, 155, 155, 155, 155, 155, 155, 155, 155, 155, 155, 155, 155
SANCARLOS1 , AGCU, 130, 130, 130, 130, 130, 130, 130, 130, 130, 130, 130, 130, 130, 130, 130, 130, 130, 130, 130, 130, 130, 130, 130, 130
SANCARLOS3 , AGCU, 130, 130, 130, 130, 130, 130, 130, 130, 130, 130, 130, 130, 130, 130, 130, 130, 130, 130, 130, 130, 130, 130, 130, 130
SANCARLOS4 , AGCU, 130, 130, 130, 130, 130, 130, 130, 130, 130, 130, 130, 130, 130, 130, 130, 130, 130, 130, 130, 130, 130, 130, 130, 130
SANCARLOS5 , AGCU, 130, 130, 130, 130, 130, 130, 130, 130, 130, 130, 130, 130, 130, 130, 130, 130, 130, 130, 130, 130, 130, 130, 130, 130
SANCARLOS6 , AGCU, 130, 130, 130, 130, 130, 130, 130, 130, 130, 130, 130, 130, 130, 130, 130, 130, 130, 130, 130, 130, 130, 130, 130, 130
SANCARLOS7 , AGCU, 130, 130, 130, 130, 130, 130, 130, 130, 130, 130, 130, 130, 130, 130, 130, 130, 130, 130, 130, 130, 130, 130, 130, 130
SANCARLOS8 , AGCU, 130, 130, 130, 130, 130, 130, 130, 130, 130, 130, 130, 130, 130, 130, 130, 130, 130, 130, 130, 130, 130, 130, 130, 130
SANCARLOS , AGCP, 910, 910, 910, 910, 910, 910, 910, 910, 910, 910, 910, 910, 910, 910, 910, 910, 910, 910, 910, 910, 910, 910, 910, 910
SANMATIAS1 , D, 7.68, 7.68, 7.68, 7.68, 7.68, 7.68, 7.68, 7.68, 7.68, 7.68, 7.68, 7.68, 7.68, 7.68, 7.68, 7.68, 7.68, 7.68, 7.68, 7.68, 7.68, 7.68, 7.68, 7.68
SANMATIAS2 , D, 7.68, 7.68, 7.68, 7.68, 7.68, 7.68, 7.68, 7.68, 7.68, 7.68, 7.68, 7.68, 7.68, 7.68, 7.68, 7.68, 7.68, 7.68, 7.68, 7.68, 7.68, 7.68, 7.68, 7.68
SANMIGUEL , P, 98000
SANMIGUEL1 , D, 24, 24, 24, 24, 24, 24, 24, 24, 24, 24, 24, 24, 24, 24, 24, 24, 24, 24, 24, 24, 24, 24, 24, 24
SANMIGUEL2 , D, 23, 23, 23, 23, 23, 23, 23, 23, 23, 23, 23, 23, 23, 23, 23, 23, 23, 23, 23, 23, 23, 23, 23, 23
SOGAMOSO , P, 98000
SOGAMOSO , MO, 120, 120, 120, 120, 120, 120, 120, 120, 120, 120, 120, 120, 120, 120, 120, 120, 120, 120, 120, 120, 120, 120, 120, 120
SOGAMOSO1 , D, 273, 273, 273, 273, 273, 273, 273, 273, 273, 273, 273, 273, 273, 273, 273, 273, 273, 273, 273, 273, 273, 273, 273, 273
SOGAMOSO2 , D, 273, 273, 273, 273, 273, 273, 273, 273, 273, 273, 273, 273, 273, 273, 273, 273, 273, 273, 273, 273, 273, 273, 273, 273
SOGAMOSO3 , D, 273, 273, 273, 273, 273, 273, 273, 273, 273, 273, 273, 273, 273, 273, 273, 273, 273, 273, 273, 273, 273, 273, 273, 273
SOGAMOSO1 , AGCU, 153, 153, 153, 153, 153, 153, 153, 153, 153, 153, 153, 153, 153, 153, 153, 153, 153, 153, 153, 153, 153, 153, 153, 153
SOGAMOSO2 , AGCU, 153, 153, 153, 153, 153, 153, 153, 153, 153, 153, 153, 153, 153, 153, 153, 153, 153, 153, 153, 153, 153, 153, 153, 153
SOGAMOSO3 , AGCU, 153, 153, 153, 153, 153, 153, 153, 153, 153, 153, 153, 153, 153, 153, 153, 153, 153, 153, 153, 153, 153, 153, 153, 153
SOGAMOSO , AGCP, 459, 459, 459, 459, 459, 459, 459, 459, 459, 459, 459, 459, 459, 459, 459, 459, 459, 459, 459, 459, 459, 459, 459, 459
TRINA-VATIABSLI1 , D, 0, 0, 0, 0, 0, 0, 2.02, 5.4, 8.8, 10.71, 12.73, 12.54, 12.76, 11, 9.18, 8.76, 6.91, 0, 0, 0, 0, 0, 0, 0
TRINA-VATIABSLI1 , INVD, 126, 126, 126, 126, 126, 126, 126, 126, 126, 126, 126, 126, 126, 126, 126, 126, 126, 126, 126, 126, 126, 126, 126, 126
TRINA-VATIABSLII1 , D, 0, 0, 0, 0, 0, 0, 2.02, 5.4, 8.8, 10.71, 12.73, 12.54, 12.76, 11, 9.18, 8.76, 6.91, 0, 0, 0, 0, 0, 0, 0
TRINA-VATIABSLII1 , INVD, 126, 126, 126, 126, 126, 126, 126, 126, 126, 126, 126, 126, 126, 126, 126, 126, 126, 126, 126, 126, 126, 126, 126, 126
TRINA-VATIABSLIII1 , D, 0, 0, 0, 0, 0, 0, 2.02, 5.4, 8.8, 10.71, 12.73, 12.54, 12.76, 11, 9.18, 8.76, 6.91, 0, 0, 0, 0, 0, 0, 0
TRINA-VATIABSLIII1 , INVD, 126, 126, 126, 126, 126, 126, 126, 126, 126, 126, 126, 126, 126, 126, 126, 126, 126, 126, 126, 126, 126, 126, 126, 126


AGENTE: NITRO ENERGY
AUTOGBIODIANA1 , D, 4.2, 4.2, 4.2, 4.2, 4.2, 4.2, 4, 4, 4, 4, 4, 4, 4, 4, 4, 4, 4, 4, 4, 4, 4, 4, 4, 4
CARTAGENA1 , P, 1734435
CARTAGENA1 , C, COMBUSTOLEO
CARTAGENA1 , PAPT02, 61694158
CARTAGENA1 , PAPC02, 43477577
CARTAGENA1 , PAPF02, 101379234
CARTAGENA1 , PAPF13, 123526607
CARTAGENA1 , PAPT13, 81012870
CARTAGENA1 , PAPT09, 88346437
CARTAGENA1 , PAPF09, 151494737
CARTAGENA1 , PAPC09, 65549519
CARTAGENA1 , PAPC13, 53199792
CARTAGENA1 , PAPUSDT02, 14722
CARTAGENA1 , PAPUSDC02, 10375
CARTAGENA1 , PAPUSDF02, 24192
CARTAGENA1 , PAPUSDF13, 29477
CARTAGENA1 , PAPUSDT13, 19332
CARTAGENA1 , PAPUSDT09, 21082
CARTAGENA1 , PAPUSDF09, 36151
CARTAGENA1 , PAPUSDC09, 15642
CARTAGENA1 , PAPUSDC13, 12695
CARTAGENA1 , CONF, 1
CARTAGENA1 , D, 30, 30, 30, 30, 30, 30, 30, 30, 30, 30, 30, 30, 30, 30, 30, 30, 30, 30, 30, 30, 30, 30, 30, 30
CARTAGENA2 , P, 1732356
CARTAGENA2 , C, COMBUSTOLEO
CARTAGENA2 , PAPT02, 57872322
CARTAGENA2 , PAPF02, 95973347
CARTAGENA2 , PAPT09, 82265862
CARTAGENA2 , PAPC13, 52508342
CARTAGENA2 , PAPT13, 73289576
CARTAGENA2 , PAPF13, 114055829
CARTAGENA2 , PAPC02, 40741109
CARTAGENA2 , PAPC09, 59925721
CARTAGENA2 , PAPF09, 122135324
CARTAGENA2 , PAPUSDT02, 13810
CARTAGENA2 , PAPUSDF02, 22902
CARTAGENA2 , PAPUSDT09, 19631
CARTAGENA2 , PAPUSDC13, 12530
CARTAGENA2 , PAPUSDT13, 17489
CARTAGENA2 , PAPUSDF13, 27217
CARTAGENA2 , PAPUSDC02, 9722
CARTAGENA2 , PAPUSDC09, 14300
CARTAGENA2 , PAPUSDF09, 29145
CARTAGENA2 , CONF, 1
CARTAGENA2 , D, 39, 39, 39, 39, 39, 39, 39, 39, 39, 39, 39, 39, 39, 39, 39, 39, 39, 39, 39, 39, 39, 39, 39, 39
CARTAGENA3 , P, 1463352
CARTAGENA3 , C, COMBUSTOLEO
CARTAGENA3 , PAPC09, 60298685
CARTAGENA3 , PAPF02, 87583746
CARTAGENA3 , PAPT09, 83091412
CARTAGENA3 , PAPT02, 50446562
CARTAGENA3 , PAPC02, 42392209
CARTAGENA3 , PAPF09, 120157357
CARTAGENA3 , PAPUSDC09, 14389
CARTAGENA3 , PAPUSDF02, 20900
CARTAGENA3 , PAPUSDT09, 19828
CARTAGENA3 , PAPUSDT02, 12038
CARTAGENA3 , PAPUSDC02, 10116
CARTAGENA3 , PAPUSDF09, 28673
CARTAGENA3 , CONF, 1
CARTAGENA3 , D, 0, 0, 0, 0, 0, 0, 0, 0, 0, 0, 0, 0, 0, 0, 0, 0, 0, 0, 0, 0, 0, 0, 0, 0
INCAUCA1 , D, 18, 18, 18, 18, 18, 18, 18, 18, 18, 18, 18, 18, 18, 18, 18, 18, 18, 18, 18, 18, 18, 18, 18, 18
INGENIOPROVIDENCIA2 , D, 12.5, 12.5, 12.5, 12.5, 12.5, 12.5, 12.5, 12.5, 12.5, 12.5, 12.5, 12.5, 12.5, 12.5, 12.5, 12.5, 12.5, 12.5, 12.5, 12.5, 12.5, 12.5, 12.5, 12.5
MINIGRANJASANPEDRO1 , D, 0, 0, 0, 0, 0, 0, 0.14, 0.32, 0.32, 0.55, 0.64, 0.73, 0.82, 0.73, 0.64, 0.55, 0.32, 0.14, 0, 0, 0, 0, 0, 0
MINIGRANJASANPEDRO1 , INVD, 11, 11, 11, 11, 11, 11, 11, 11, 11, 11, 11, 11, 11, 11, 11, 11, 11, 11, 11, 11, 11, 11, 11, 11


AGENTE: PCH EL COCUYO
ELCOCUYO1 , D, 0.45, 0.45, 0.45, 0.45, 0.45, 0.45, 0.45, 0.45, 0.45, 0.45, 0.45, 0.45, 0.45, 0.45, 0.45, 0.45, 0.45, 0.45, 0.45, 0.45, 0.45, 0.45, 0.45, 0.45
LASVIOLETAS1 , D, 0.45, 0.45, 0.45, 0.45, 0.45, 0.45, 0.45, 0.45, 0.45, 0.45, 0.45, 0.45, 0.45, 0.45, 0.45, 0.45, 0.45, 0.45, 0.45, 0.45, 0.45, 0.45, 0.45, 0


AGENTE: PLSG
LOSGIRASOLES1 , D, 0, 0, 0, 0, 0, 0.51, 3.03, 5.59, 7.73, 9.17, 9.5, 9.5, 8.96, 7.55, 5.57, 3.08, 0.65, 0, 0, 0, 0, 0, 0, 0
LOSGIRASOLES1 , INVD, 48, 48, 48, 48, 48, 48, 48, 48, 48, 48, 48, 48, 48, 48, 48, 48, 48, 48, 48, 48, 48, 48, 48, 48


AGENTE: PCH ALEJANDRÍA
ALEJANDRIA1 , D, 6.19, 6.19, 6.19, 6.19, 6.19, 6.19, 6.19, 6.19, 6.19, 6.19, 6.19, 6.19, 6.19, 6.19, 6.19, 6.19, 6.19, 6.19, 6.19, 6.19, 6.19, 6.19, 6.19, 6.19
ALEJANDRIA2 , D, 6.19, 6.19, 6.19, 6.19, 6.19, 6.19, 6.19, 6.19, 6.19, 6.19, 6.19, 6.19, 6.19, 6.19, 6.19, 6.19, 6.19, 6.19, 6.19, 6.19, 6.19, 6.19, 6.19, 6.19
ALEJANDRIA3 , D, 1.55, 1.55, 1.55, 1.55, 1.55, 1.55, 1.55, 1.55, 1.55, 1.55, 1.55, 1.55, 1.55, 1.55, 1.55, 1.55, 1.55, 1.55, 1.55, 1.55, 1.55, 1.55, 1.55, 1.55


AGENTE: PDS
PORTONDELSOL , P, 89000
PORTONDELSOL1 , INVD, 26, 26, 26, 26, 26, 26, 26, 26, 26, 26, 26, 26, 26, 26, 26, 26, 26, 26, 26, 26, 26, 26, 26, 26
PORTONDELSOL1 , D, 0, 0, 0, 0, 0, 1, 4, 12, 24, 37, 51, 62, 66, 65, 59, 43, 22, 6, 0, 0, 0, 0, 0, 0
PORTONDELSOL1 , PRU, 0, 0, 0, 0, 0, 0, 0, 0, 0, 0, 0, 0, 0, 0, 0, 0, 0, 0, 0, 0, 0, 0, 0, 0


AGENTE: PROELECTRICA
AUTOGGRANCOLOMBIAGOLD1 , D, 0, 0, 0, 0, 0, 0, 0, 0, 0, 0, 0, 0, 0, 0, 0, 0, 0, 0, 0, 0, 0, 0, 0, 0
ELEDEN1 , D, 5, 5, 5, 5, 5, 5, 5, 5, 5, 5, 5, 5, 5, 5, 5, 5, 5, 5, 5, 5, 5, 5, 5, 5
ELEDEN2 , D, 0, 0, 0, 0, 0, 0, 0, 0, 0, 0, 0, 0, 0, 0, 0, 0, 0, 0, 0, 0, 0, 0, 0, 0
GDELROBLE1 , D, 0, 0, 0, 0, 0, 0.06, 0.21, 0.39, 0.56, 0.69, 0.79, 0.8, 0.74, 0.64, 0.47, 0.27, 0.08, 0, 0, 0, 0, 0, 0, 0
GDELROBLE1 , INVD, 0, 0, 0, 0, 0, 5, 5, 5, 5, 5, 5, 5, 5, 5, 5, 5, 5, 0, 0, 0, 0, 0, 0, 0
PROELECTRICA , P, 886660
PROELECTRICA , C, GAS
PROELECTRICA1 , PAPT02, 96937187
PROELECTRICA1 , PAPC02, 83686479
PROELECTRICA1 , PAPF02, 104916109
PROELECTRICA2 , PAPF02, 104916109
PROELECTRICA2 , PAPC02, 83686479
PROELECTRICA2 , PAPT02, 96937187
PROELECTRICA1 , PAPUSDT02, 23132
PROELECTRICA1 , PAPUSDC02, 19970
PROELECTRICA1 , PAPUSDF02, 25036
PROELECTRICA2 , PAPUSDF02, 25036
PROELECTRICA2 , PAPUSDC02, 19970
PROELECTRICA2 , PAPUSDT02, 23132
PROELECTRICA , CONF, 1
PROELECTRICA1 , D, 45, 45, 45, 45, 45, 45, 45, 45, 45, 45, 45, 45, 45, 45, 45, 45, 45, 45, 45, 45, 45, 45, 45, 45
PROELECTRICA2 , D, 45, 45, 45, 45, 45, 45, 45, 45, 45, 45, 45, 45, 45, 45, 45, 45, 45, 45, 45, 45, 45, 45, 45, 45


AGENTE: PROENCA 
COGENERADORPROENCA1 , D, 15, 15, 15, 15, 15, 15, 15, 15, 15, 15, 15, 15, 15, 15, 15, 15, 15, 15, 15, 15, 15, 15, 15, 15
PROENCAII1 , D, 0, 0, 0, 0, 0, 0, 0, 0, 0, 0, 0, 0, 0, 0, 0, 0, 0, 0, 0, 0, 0, 0, 0, 0


AGENTE: RIO PIEDRAS
AGUAFRESCA1 , D, 7.29, 7.29, 7.29, 7.29, 7.29, 7.29, 7.29, 7.29, 7.29, 7.29, 7.29, 7.29, 7.29, 7.29, 7.29, 7.29, 7.29, 7.29, 7.29, 7.29, 7.29, 7.29, 7.29, 7.29


AGENTE: RIOEN SAS  E.S.P.
CENTRALCASTILLA1 , D, 3, 3, 3, 3, 3, 3, 3, 3, 3, 3, 3, 3, 3, 3, 3, 3, 3, 3, 3, 3, 3, 3, 3, 3
INGENIORIOPAILA1 , D, 16, 16, 16, 16, 16, 16, 16, 16, 16, 16, 16, 16, 16, 16, 16, 16, 16, 16, 16, 16, 16, 16, 16, 16


AGENTE: RISARALDA
MORROAZUL1 , D, 14, 14, 14, 14, 14, 14, 14, 14, 14, 14, 14, 14, 14, 14, 14, 14, 14, 14, 14, 14, 14, 14, 14, 14


AGENTE: SAN BARTOLOME
OIBITA1 , D, 6.5, 6.5, 6.5, 6.5, 6.5, 6.5, 6.5, 6.5, 6.5, 6.5, 6.5, 6.5, 6.5, 6.5, 6.5, 6.5, 6.5, 6.5, 6.5, 6.5, 6.5, 6.5, 6.5, 6.5
OIBITA2 , D, 8.5, 8.5, 8.5, 8.5, 8.5, 8.5, 8.5, 8.5, 8.5, 8.5, 8.5, 8.5, 8.5, 8.5, 8.5, 8.5, 8.5, 8.5, 8.5, 8.5, 8.5, 8.5, 8.5, 8.5
SANBARTOLOME1 , D, 6, 6, 6, 6, 6, 6, 6, 6, 6, 6, 6, 6, 6, 6, 6, 6, 6, 6, 6, 6, 6, 6, 6, 6
SANBARTOLOME2 , D, 8, 8, 8, 8, 8, 8, 8, 8, 8, 8, 8, 8, 8, 8, 8, 8, 8, 8, 8, 8, 8, 8, 8, 8


AGENTE: SANTA FE ENERGY
CAUYA1 , D, 0.1, 0.1, 0.1, 0.1, 0.1, 0.1, 0.1, 0.1, 0.1, 0.1, 0.1, 0.1, 0.1, 0.1, 0.1, 0.1, 0.1, 0.1, 0.1, 0.1, 0.1, 0.1, 0.1, 0.1
CAUYA2 , D, 0.1, 0.1, 0.1, 0.1, 0.1, 0.1, 0.1, 0.1, 0.1, 0.1, 0.1, 0.1, 0.1, 0.1, 0.1, 0.1, 0.1, 0.1, 0.1, 0.1, 0.1, 0.1, 0.1, 0.1
LACASCADADEGRANADA1 , D, 0.7, 0.7, 0.7, 0.7, 0.7, 0.7, 0.7, 0.7, 0.7, 0.7, 0.7, 0.7, 0.7, 0.7, 0.7, 0.7, 0.7, 0.7, 0.7, 0.7, 0.7, 0.7, 0.7, 0.7
URRAO1 , D, 0.4, 0.4, 0.4, 0.4, 0.4, 0.4, 0.4, 0.4, 0.4, 0.4, 0.4, 0.4, 0.4, 0.4, 0.4, 0.4, 0.4, 0.4, 0.4, 0.4, 0.4, 0.4, 0.4, 0.4


AGENTE: SIGMA2 SAS ESP
LAFRISOLERA1 , D, 0.29, 0.29, 0.29, 0.29, 0.29, 0.29, 0.29, 0.29, 0.29, 0.29, 0.29, 0.29, 0.29, 0.29, 0.29, 0.29, 0.29, 0.29, 0.29, 0.29, 0.29, 0.29, 0.29, 0.29
SANFRANCISCO(PUTUMAYO)1 , D, 0.35, 0.35, 0.35, 0.35, 0.35, 0.35, 0.35, 0.35, 0.35, 0.35, 0.35, 0.35, 0.35, 0.35, 0.35, 0.35, 0.35, 0.35, 0.35, 0.35, 0.35, 0.35, 0.35, 0.35


AGENTE: SOL DE LAS CIENAGAS
CARACOLII , P, 88000
CARACOLII1 , INVD, 16, 16, 16, 16, 16, 16, 16, 16, 16, 16, 16, 16, 16, 16, 16, 16, 16, 16, 16, 16, 16, 16, 16, 16
CARACOLII1 , D, 0, 0, 0, 0, 0, 0, 3, 9, 16, 20, 23, 24, 23, 20, 16, 12, 7, 2, 0, 0, 0, 0, 0, 0
CARACOLII1 , PRU, 0, 0, 0, 0, 0, 0, 0, 0, 0, 0, 0, 0, 0, 0, 0, 0, 0, 0, 0, 0, 0, 0, 0, 0


AGENTE: SPECTRUM
POCUNE1 , D, 1, 1, 1, 1, 1, 1, 1, 1, 1, 1, 1, 1, 1, 1, 1, 1, 1, 1, 1, 1, 1, 1, 1, 1


AGENTE: SPK LA MATA
LAMATA , P, 88000
LAMATA1 , INVD, 27, 27, 27, 27, 27, 27, 27, 27, 27, 27, 27, 27, 27, 27, 27, 27, 27, 27, 27, 27, 27, 27, 27, 27
LAMATA1 , D, 0, 0, 0, 0, 0, 0, 0, 20, 32, 36, 50, 49, 43, 46, 44, 21, 9, 8, 0, 0, 0, 0, 0, 0


AGENTE: SPK LA UNIÓN
PARQUESOLARLAUNION , P, 88000
PARQUESOLARLAUNION1 , INVD, 32, 32, 32, 32, 32, 32, 32, 32, 32, 32, 32, 32, 32, 32, 32, 32, 32, 32, 32, 32, 32, 32, 32, 32
PARQUESOLARLAUNION1 , D, 0, 0, 0, 0, 0, 0, 16, 42, 45, 61, 71, 79, 78, 75, 64, 54, 25, 10, 0, 0, 0, 0, 0, 0


AGENTE: TCNG
TERMOCENTRO1 , PAPC02, 80954201
TERMOCENTRO1 , PAPT02, 80954201
TERMOCENTRO1 , PAPF02, 80954201
TERMOCENTRO2 , PAPC02, 80954201
TERMOCENTRO2 , PAPT02, 80954201
TERMOCENTRO2 , PAPF02, 80954201
TERMOCENTRO3 , PAPC02, 17826854
TERMOCENTRO3 , PAPT02, 17826854
TERMOCENTRO3 , PAPF02, 17826854
TERMOCENTROCC , P1, 1934432
TERMOCENTROCC , P2, 2202671
TERMOCENTROCC , P3, 2596176
TERMOCENTROCC , P4, 1958638
TERMOCENTROCC , P5, 2595975
TERMOCENTRO1 , PAPUSDC02, 19318
TERMOCENTRO1 , PAPUSDT02, 19318
TERMOCENTRO1 , PAPUSDF02, 19318
TERMOCENTRO2 , PAPUSDC02, 19318
TERMOCENTRO2 , PAPUSDT02, 19318
TERMOCENTRO2 , PAPUSDF02, 19318
TERMOCENTRO3 , PAPUSDC02, 4254
TERMOCENTRO3 , PAPUSDT02, 4254
TERMOCENTRO3 , PAPUSDF02, 4254
TERMOCENTROCC , DISCONF1, 0, 0, 0, 0, 0, 0, 0, 0, 0, 0, 0, 0, 0, 0, 0, 0, 0, 0, 0, 0, 0, 0, 0, 0
TERMOCENTROCC , DISCONF2, 0, 0, 0, 0, 0, 0, 0, 0, 0, 0, 0, 0, 0, 0, 0, 0, 0, 0, 0, 0, 0, 0, 0, 0
TERMOCENTROCC , DISCONF3, 0, 0, 0, 0, 0, 0, 0, 0, 0, 0, 0, 0, 0, 0, 0, 0, 0, 0, 0, 0, 0, 0, 0, 0
TERMOCENTROCC , DISCONF4, 92, 92, 92, 92, 92, 92, 92, 92, 92, 92, 92, 92, 92, 92, 92, 92, 92, 92, 92, 92, 92, 92, 92, 92
TERMOCENTROCC , DISCONF5, 62, 62, 62, 62, 62, 62, 62, 62, 62, 62, 62, 62, 62, 62, 62, 62, 62, 62, 62, 62, 62, 62, 62, 62
TERMOCENTRO1 , D, 62, 62, 62, 62, 62, 62, 62, 62, 62, 62, 62, 62, 62, 62, 62, 62, 62, 62, 62, 62, 62, 62, 62, 62
TERMOCENTRO2 , D, 0, 0, 0, 0, 0, 0, 0, 0, 0, 0, 0, 0, 0, 0, 0, 0, 0, 0, 0, 0, 0, 0, 0, 0
TERMOCENTRO3 , D, 30, 30, 30, 30, 30, 30, 30, 30, 30, 30, 30, 30, 30, 30, 30, 30, 30, 30, 30, 30, 30, 30, 30, 30


AGENTE: TEBSA S.A. (E.S.P.)
BARRANQUILLA3 , P, 1218175
BARRANQUILLA3 , C, GAS
BARRANQUILLA3 , PAPC02, 82714257
BARRANQUILLA3 , PAPT02, 118849886
BARRANQUILLA3 , PAPF02, 129263552
BARRANQUILLA3 , PAPUSDC02, 19738
BARRANQUILLA3 , PAPUSDT02, 28361
BARRANQUILLA3 , PAPUSDF02, 30846
BARRANQUILLA3 , CONF, 1
BARRANQUILLA3 , D, 60, 60, 60, 60, 60, 60, 60, 60, 60, 60, 60, 60, 60, 60, 60, 60, 60, 60, 60, 60, 60, 60, 60, 60
BARRANQUILLA4 , P, 1211422
BARRANQUILLA4 , C, GAS
BARRANQUILLA4 , PAPF02, 129263552
BARRANQUILLA4 , PAPT02, 118849886
BARRANQUILLA4 , PAPC02, 82714257
BARRANQUILLA4 , PAPUSDF02, 30846
BARRANQUILLA4 , PAPUSDT02, 28361
BARRANQUILLA4 , PAPUSDC02, 19738
BARRANQUILLA4 , CONF, 1
BARRANQUILLA4 , D, 60, 60, 60, 60, 60, 60, 60, 60, 60, 60, 60, 60, 60, 60, 60, 60, 60, 60, 60, 60, 60, 60, 60, 60
TEBSA11 , PAPC02, 80137032
TEBSA11 , PAPT02, 80137032
TEBSA11 , PAPF02, 80137032
TEBSA12 , PAPC02, 80137032
TEBSA12 , PAPF02, 80137032
TEBSA12 , PAPT02, 80137032
TEBSA13 , PAPT02, 80137032
TEBSA13 , PAPC02, 80137032
TEBSA13 , PAPF02, 80137032
TEBSA14 , PAPC02, 27117436
TEBSA14 , PAPT02, 27117436
TEBSA14 , PAPF02, 37015657
TEBSA21 , PAPF02, 80137032
TEBSA21 , PAPT02, 80137032
TEBSA21 , PAPC02, 80137032
TEBSA22 , PAPC02, 80137032
TEBSA22 , PAPT02, 80137032
TEBSA22 , PAPF02, 80137032
TEBSA24 , PAPF02, 37015657
TEBSA24 , PAPT02, 27117436
TEBSA24 , PAPC02, 27117436
TEBSABCC , P1, 1661570
TEBSABCC , P2, 801835
TEBSABCC , P3, 1853260
TEBSABCC , P4, 819563
TEBSABCC , P5, 1713121
TEBSABCC , P6, 863894
TEBSABCC , P7, 725120
TEBSABCC , P8, 1596196
TEBSABCC , P9, 877803
TEBSABCC , P10, 734265
TEBSA11 , PAPUSDC02, 19123
TEBSA11 , PAPUSDT02, 19123
TEBSA11 , PAPUSDF02, 19123
TEBSA12 , PAPUSDC02, 19123
TEBSA12 , PAPUSDF02, 19123
TEBSA12 , PAPUSDT02, 19123
TEBSA13 , PAPUSDT02, 19123
TEBSA13 , PAPUSDC02, 19123
TEBSA13 , PAPUSDF02, 19123
TEBSA14 , PAPUSDC02, 6471
TEBSA14 , PAPUSDT02, 6471
TEBSA14 , PAPUSDF02, 8833
TEBSA21 , PAPUSDF02, 19123
TEBSA21 , PAPUSDT02, 19123
TEBSA21 , PAPUSDC02, 19123
TEBSA22 , PAPUSDC02, 19123
TEBSA22 , PAPUSDT02, 19123
TEBSA22 , PAPUSDF02, 19123
TEBSA24 , PAPUSDF02, 8833
TEBSA24 , PAPUSDT02, 6471
TEBSA24 , PAPUSDC02, 6471
TEBSABCC , DISCONF1, 182, 182, 182, 182, 182, 182, 182, 182, 182, 182, 182, 182, 182, 182, 182, 182, 182, 182, 182, 182, 182, 182, 182, 182
TEBSABCC , DISCONF2, 319, 319, 319, 319, 319, 319, 319, 319, 319, 319, 319, 319, 319, 319, 319, 319, 319, 319, 319, 319, 319, 319, 319, 319
TEBSABCC , DISCONF3, 276, 276, 276, 276, 276, 276, 276, 276, 276, 276, 276, 276, 276, 276, 276, 276, 276, 276, 276, 276, 276, 276, 276, 276
TEBSABCC , DISCONF4, 436, 436, 436, 436, 436, 436, 436, 436, 436, 436, 436, 436, 436, 436, 436, 436, 436, 436, 436, 436, 436, 436, 436, 436
TEBSABCC , DISCONF5, 370, 370, 370, 370, 370, 370, 370, 370, 370, 370, 370, 370, 370, 370, 370, 370, 370, 370, 370, 370, 370, 370, 370, 370
TEBSABCC , DISCONF6, 530, 530, 530, 530, 530, 530, 530, 530, 530, 530, 530, 530, 530, 530, 530, 530, 530, 530, 530, 530, 530, 530, 530, 530
TEBSABCC , DISCONF7, 642, 642, 642, 642, 642, 642, 642, 642, 642, 642, 642, 642, 642, 642, 642, 642, 642, 642, 642, 642, 642, 642, 642, 642
TEBSABCC , DISCONF8, 0, 0, 0, 0, 0, 0, 0, 0, 0, 0, 0, 0, 0, 0, 0, 0, 0, 0, 0, 0, 0, 0, 0, 0
TEBSABCC , DISCONF9, 0, 0, 0, 0, 0, 0, 0, 0, 0, 0, 0, 0, 0, 0, 0, 0, 0, 0, 0, 0, 0, 0, 0, 0
TEBSABCC , DISCONF10, 0, 0, 0, 0, 0, 0, 0, 0, 0, 0, 0, 0, 0, 0, 0, 0, 0, 0, 0, 0, 0, 0, 0, 0
TEBSA11 , D, 92, 92, 92, 92, 92, 92, 92, 92, 92, 92, 92, 92, 92, 92, 92, 92, 92, 92, 92, 92, 92, 92, 92, 92
TEBSA12 , D, 92, 92, 92, 92, 92, 92, 92, 92, 92, 92, 92, 92, 92, 92, 92, 92, 92, 92, 92, 92, 92, 92, 92, 92
TEBSA13 , D, 92, 92, 92, 92, 92, 92, 92, 92, 92, 92, 92, 92, 92, 92, 92, 92, 92, 92, 92, 92, 92, 92, 92, 92
TEBSA14 , D, 137, 137, 137, 137, 137, 137, 137, 137, 137, 137, 137, 137, 137, 137, 137, 137, 137, 137, 137, 137, 137, 137, 137, 137
TEBSA21 , D, 92, 92, 92, 92, 92, 92, 92, 92, 92, 92, 92, 92, 92, 92, 92, 92, 92, 92, 92, 92, 92, 92, 92, 92
TEBSA22 , D, 0, 0, 0, 0, 0, 0, 0, 0, 0, 0, 0, 0, 0, 0, 0, 0, 0, 0, 0, 0, 0, 0, 0, 0
TEBSA24 , D, 137, 137, 137, 137, 137, 137, 137, 137, 137, 137, 137, 137, 137, 137, 137, 137, 137, 137, 137, 137, 137, 137, 137, 137


AGENTE: TERMOCARIBE
TERMOCARIBEIII , P, 890000
TERMOCARIBEIII , C, GAS
TERMOCARIBEIII1 , PAPC02, 82052141
TERMOCARIBEIII1 , PAPT02, 82052141
TERMOCARIBEIII1 , PAPF02, 82052141
TERMOCARIBEIII1 , PAPC21, 120899095
TERMOCARIBEIII1 , PAPT21, 120899095
TERMOCARIBEIII1 , PAPF21, 120899095
TERMOCARIBEIII1 , PAPUSDC02, 19580
TERMOCARIBEIII1 , PAPUSDT02, 19580
TERMOCARIBEIII1 , PAPUSDF02, 19580
TERMOCARIBEIII1 , PAPUSDC21, 28850
TERMOCARIBEIII1 , PAPUSDT21, 28850
TERMOCARIBEIII1 , PAPUSDF21, 28850
TERMOCARIBEIII , CONF, 2
TERMOCARIBEIII1 , D, 0, 0, 0, 0, 0, 0, 0, 0, 0, 0, 0, 0, 0, 0, 0, 0, 0, 0, 0, 0, 0, 0, 0, 0


AGENTE: TERMO MECHERO MORRO
TERMOMECHERO4 , D, 18.8, 18.8, 18.8, 18.8, 18.8, 18.8, 18.8, 18.8, 18.8, 18.8, 18.8, 18.8, 18.8, 18.8, 18.8, 18.8, 18.8, 18.8, 18.8, 18.8, 18.8, 18.8, 18.8, 18.8
TERMOMECHERO5 , D, 18.8, 18.8, 18.8, 18.8, 18.8, 18.8, 18.8, 18.8, 18.8, 18.8, 18.8, 18.8, 18.8, 18.8, 18.8, 18.8, 18.8, 18.8, 18.8, 18.8, 18.8, 18.8, 18.8, 18.8
TERMOMECHERO6 , D, 18.8, 18.8, 18.8, 18.8, 18.8, 18.8, 18.8, 18.8, 18.8, 18.8, 18.8, 18.8, 18.8, 18.8, 18.8, 18.8, 18.8, 18.8, 18.8, 18.8, 18.8, 18.8, 18.8, 18.8


AGENTE: TERMOCANDELARIA
TERMOCANDELARIACC , P1, 1207442
TERMOCANDELARIACC , P2, 1100647
TERMOCANDELARIACC , P3, 743345
TERMOCANDELARIACC , P4, 710538
TERMOCANDELARIACC1 , PAPT02, 119679627
TERMOCANDELARIACC1 , PAPC02, 119679627
TERMOCANDELARIACC1 , PAPF02, 119679627
TERMOCANDELARIACC2 , PAPF02, 119679627
TERMOCANDELARIACC2 , PAPC02, 119679627
TERMOCANDELARIACC2 , PAPT02, 119679627
TERMOCANDELARIACC3 , PAPT02, 28827205
TERMOCANDELARIACC3 , PAPF02, 34363001
TERMOCANDELARIACC3 , PAPC02, 28827205
TERMOCANDELARIACC1 , PAPUSDT02, 28559
TERMOCANDELARIACC1 , PAPUSDC02, 28559
TERMOCANDELARIACC1 , PAPUSDF02, 28559
TERMOCANDELARIACC2 , PAPUSDF02, 28559
TERMOCANDELARIACC2 , PAPUSDC02, 28559
TERMOCANDELARIACC2 , PAPUSDT02, 28559
TERMOCANDELARIACC3 , PAPUSDT02, 6879
TERMOCANDELARIACC3 , PAPUSDF02, 8200
TERMOCANDELARIACC3 , PAPUSDC02, 6879
TERMOCANDELARIACC , DISCONF1, 150, 150, 150, 150, 150, 150, 150, 150, 150, 150, 150, 150, 150, 150, 150, 150, 150, 150, 150, 150, 150, 150, 150, 150
TERMOCANDELARIACC , DISCONF2, 300, 300, 300, 300, 300, 300, 300, 300, 300, 300, 300, 300, 300, 300, 300, 300, 300, 300, 300, 300, 300, 300, 300, 300
TERMOCANDELARIACC , DISCONF3, 0, 0, 0, 0, 0, 0, 0, 0, 0, 0, 0, 0, 0, 0, 0, 0, 0, 0, 0, 0, 0, 0, 0, 0
TERMOCANDELARIACC , DISCONF4, 0, 0, 0, 0, 0, 0, 0, 0, 0, 0, 0, 0, 0, 0, 0, 0, 0, 0, 0, 0, 0, 0, 0, 0
TERMOCANDELARIACC1 , D, 150, 150, 150, 150, 150, 150, 150, 150, 150, 150, 150, 150, 150, 150, 150, 150, 150, 150, 150, 150, 150, 150, 150, 150
TERMOCANDELARIACC2 , D, 150, 150, 150, 150, 150, 150, 150, 150, 150, 150, 150, 150, 150, 150, 150, 150, 150, 150, 150, 150, 150, 150, 150, 150
TERMOCANDELARIACC3 , D, 0, 0, 0, 0, 0, 0, 0, 0, 0, 0, 0, 0, 0, 0, 0, 0, 0, 0, 0, 0, 0, 0, 0, 0


AGENTE: TERMOEMCALI
TERMOEMCALI1GAS , PAPC02, 185380009
TERMOEMCALI1GAS , PAPC07, 235193788
TERMOEMCALI1GAS , PAPF02, 225446429
TERMOEMCALI1GAS , PAPF07, 276362339
TERMOEMCALI1GAS , PAPT02, 192789007
TERMOEMCALI1GAS , PAPT07, 241479703
TERMOEMCALI1VAPOR , PAPC02, 0
TERMOEMCALI1VAPOR , PAPT02, 0
TERMOEMCALI1VAPOR , PAPF02, 0
TERMOEMCALI1VAPOR , PAPC07, 0
TERMOEMCALI1VAPOR , PAPT07, 0
TERMOEMCALI1VAPOR , PAPF07, 0
TERMOEMCALICC , P2, 1486455
TERMOEMCALICC , P1, 1486455
TERMOEMCALI1GAS , PAPUSDC02, 44237
TERMOEMCALI1GAS , PAPUSDC07, 56124
TERMOEMCALI1GAS , PAPUSDF02, 53798
TERMOEMCALI1GAS , PAPUSDF07, 65948
TERMOEMCALI1GAS , PAPUSDT02, 46005
TERMOEMCALI1GAS , PAPUSDT07, 57624
TERMOEMCALI1VAPOR , PAPUSDC02, 0
TERMOEMCALI1VAPOR , PAPUSDT02, 0
TERMOEMCALI1VAPOR , PAPUSDF02, 0
TERMOEMCALI1VAPOR , PAPUSDC07, 0
TERMOEMCALI1VAPOR , PAPUSDT07, 0
TERMOEMCALI1VAPOR , PAPUSDF07, 0
TERMOEMCALICC , DISCONF1, 0, 0, 0, 0, 0, 0, 0, 0, 0, 0, 0, 0, 0, 0, 0, 0, 0, 0, 0, 0, 0, 0, 0, 0
TERMOEMCALICC , DISCONF2, 213, 213, 213, 213, 213, 213, 213, 213, 213, 213, 213, 213, 213, 213, 213, 213, 213, 213, 213, 213, 213, 213, 213, 213
TERMOEMCALI1GAS , D, 138, 138, 138, 138, 138, 138, 138, 138, 138, 138, 138, 138, 138, 138, 138, 138, 138, 138, 138, 138, 138, 138, 138, 138
TERMOEMCALI1VAPOR , D, 75, 75, 75, 75, 75, 75, 75, 75, 75, 75, 75, 75, 75, 75, 75, 75, 75, 75, 75, 75, 75, 75, 75, 75


AGENTE: TERMONORTE
TERMONORTE , P, 942000
TERMONORTE , C, ACPM
TERMONORTE1 , PAPT07, 18786504
TERMONORTE1 , PAPC09, 11540940
TERMONORTE1 , PAPF07, 18786504
TERMONORTE1 , PAPF09, 11540940
TERMONORTE1 , PAPT09, 11540940
TERMONORTE1 , PAPF02, 5703420
TERMONORTE1 , PAPC07, 18786504
TERMONORTE1 , PAPT02, 5703420
TERMONORTE1 , PAPC02, 5703420
TERMONORTE2 , PAPF02, 5703420
TERMONORTE2 , PAPF09, 11540940
TERMONORTE2 , PAPT07, 18786504
TERMONORTE2 , PAPC07, 18786504
TERMONORTE2 , PAPC02, 5703420
TERMONORTE2 , PAPC09, 11540940
TERMONORTE2 , PAPF07, 18786504
TERMONORTE2 , PAPT02, 5703420
TERMONORTE2 , PAPT09, 11540940
TERMONORTE3 , PAPT02, 5703420
TERMONORTE3 , PAPF07, 18786504
TERMONORTE3 , PAPT07, 18786504
TERMONORTE3 , PAPC09, 11540940
TERMONORTE3 , PAPT09, 11540940
TERMONORTE3 , PAPC02, 5703420
TERMONORTE3 , PAPF09, 11540940
TERMONORTE3 , PAPC07, 18786504
TERMONORTE3 , PAPF02, 5703420
TERMONORTE4 , PAPC09, 11540940
TERMONORTE4 , PAPF09, 11540940
TERMONORTE4 , PAPT09, 11540940
TERMONORTE4 , PAPC02, 5703420
TERMONORTE4 , PAPT02, 5703420
TERMONORTE4 , PAPT07, 18786504
TERMONORTE4 , PAPF07, 18786504
TERMONORTE4 , PAPC07, 18786504
TERMONORTE4 , PAPF02, 5703420
TERMONORTE5 , PAPC07, 18786504
TERMONORTE5 , PAPF02, 5703420
TERMONORTE5 , PAPT07, 18786504
TERMONORTE5 , PAPF07, 18786504
TERMONORTE5 , PAPC09, 11540940
TERMONORTE5 , PAPT09, 11540940
TERMONORTE5 , PAPF09, 11540940
TERMONORTE5 , PAPT02, 5703420
TERMONORTE5 , PAPC02, 5703420
TERMONORTE6 , PAPF09, 11540940
TERMONORTE6 , PAPT07, 18786504
TERMONORTE6 , PAPT09, 11540940
TERMONORTE6 , PAPC09, 11540940
TERMONORTE6 , PAPC07, 18786504
TERMONORTE6 , PAPT02, 5703420
TERMONORTE6 , PAPF07, 18786504
TERMONORTE6 , PAPC02, 5703420
TERMONORTE6 , PAPF02, 5703420
TERMONORTE7 , PAPC02, 5703420
TERMONORTE7 , PAPT02, 5703420
TERMONORTE7 , PAPF02, 5703420
TERMONORTE7 , PAPC07, 18786504
TERMONORTE7 , PAPT07, 18786504
TERMONORTE7 , PAPF07, 18786504
TERMONORTE7 , PAPF09, 11540940
TERMONORTE7 , PAPC09, 11540940
TERMONORTE7 , PAPT09, 11540940
TERMONORTE8 , PAPT09, 11540940
TERMONORTE8 , PAPC09, 11540940
TERMONORTE8 , PAPF09, 11540940
TERMONORTE8 , PAPF02, 5703420
TERMONORTE8 , PAPF07, 18786504
TERMONORTE8 , PAPT02, 5703420
TERMONORTE8 , PAPT07, 18786504
TERMONORTE8 , PAPC07, 18786504
TERMONORTE8 , PAPC02, 5703420
TERMONORTE9 , PAPC02, 5703420
TERMONORTE9 , PAPT02, 5703420
TERMONORTE9 , PAPF09, 11540940
TERMONORTE9 , PAPT09, 11540940
TERMONORTE9 , PAPF02, 5703420
TERMONORTE9 , PAPC07, 18786504
TERMONORTE9 , PAPC09, 11540940
TERMONORTE9 , PAPF07, 18786504
TERMONORTE9 , PAPT07, 18786504
TERMONORTE10 , PAPT02, 5703420
TERMONORTE10 , PAPC02, 5703420
TERMONORTE10 , PAPF02, 5703420
TERMONORTE10 , PAPC07, 18786504
TERMONORTE10 , PAPT07, 18786504
TERMONORTE10 , PAPF07, 18786504
TERMONORTE10 , PAPC09, 11540940
TERMONORTE10 , PAPF09, 11540940
TERMONORTE10 , PAPT09, 11540940
TERMONORTE1 , PAPUSDT07, 4483
TERMONORTE1 , PAPUSDC09, 2754
TERMONORTE1 , PAPUSDF07, 4483
TERMONORTE1 , PAPUSDF09, 2754
TERMONORTE1 , PAPUSDT09, 2754
TERMONORTE1 , PAPUSDF02, 1361
TERMONORTE1 , PAPUSDC07, 4483
TERMONORTE1 , PAPUSDT02, 1361
TERMONORTE1 , PAPUSDC02, 1361
TERMONORTE2 , PAPUSDF02, 1361
TERMONORTE2 , PAPUSDF09, 2754
TERMONORTE2 , PAPUSDT07, 4483
TERMONORTE2 , PAPUSDC07, 4483
TERMONORTE2 , PAPUSDC02, 1361
TERMONORTE2 , PAPUSDC09, 2754
TERMONORTE2 , PAPUSDF07, 4483
TERMONORTE2 , PAPUSDT02, 1361
TERMONORTE2 , PAPUSDT09, 2754
TERMONORTE3 , PAPUSDT02, 1361
TERMONORTE3 , PAPUSDF07, 4483
TERMONORTE3 , PAPUSDT07, 4483
TERMONORTE3 , PAPUSDC09, 2754
TERMONORTE3 , PAPUSDT09, 2754
TERMONORTE3 , PAPUSDC02, 1361
TERMONORTE3 , PAPUSDF09, 2754
TERMONORTE3 , PAPUSDC07, 4483
TERMONORTE3 , PAPUSDF02, 1361
TERMONORTE4 , PAPUSDC09, 2754
TERMONORTE4 , PAPUSDF09, 2754
TERMONORTE4 , PAPUSDT09, 2754
TERMONORTE4 , PAPUSDC02, 1361
TERMONORTE4 , PAPUSDT02, 1361
TERMONORTE4 , PAPUSDT07, 4483
TERMONORTE4 , PAPUSDF07, 4483
TERMONORTE4 , PAPUSDC07, 4483
TERMONORTE4 , PAPUSDF02, 1361
TERMONORTE5 , PAPUSDC07, 4483
TERMONORTE5 , PAPUSDF02, 1361
TERMONORTE5 , PAPUSDT07, 4483
TERMONORTE5 , PAPUSDF07, 4483
TERMONORTE5 , PAPUSDC09, 2754
TERMONORTE5 , PAPUSDT09, 2754
TERMONORTE5 , PAPUSDF09, 2754
TERMONORTE5 , PAPUSDT02, 1361
TERMONORTE5 , PAPUSDC02, 1361
TERMONORTE6 , PAPUSDF09, 2754
TERMONORTE6 , PAPUSDT07, 4483
TERMONORTE6 , PAPUSDT09, 2754
TERMONORTE6 , PAPUSDC09, 2754
TERMONORTE6 , PAPUSDC07, 4483
TERMONORTE6 , PAPUSDT02, 1361
TERMONORTE6 , PAPUSDF07, 4483
TERMONORTE6 , PAPUSDC02, 1361
TERMONORTE6 , PAPUSDF02, 1361
TERMONORTE7 , PAPUSDC02, 1361
TERMONORTE7 , PAPUSDT02, 1361
TERMONORTE7 , PAPUSDF02, 1361
TERMONORTE7 , PAPUSDC07, 4483
TERMONORTE7 , PAPUSDT07, 4483
TERMONORTE7 , PAPUSDF07, 4483
TERMONORTE7 , PAPUSDF09, 2754
TERMONORTE7 , PAPUSDC09, 2754
TERMONORTE7 , PAPUSDT09, 2754
TERMONORTE8 , PAPUSDT09, 2754
TERMONORTE8 , PAPUSDC09, 2754
TERMONORTE8 , PAPUSDF09, 2754
TERMONORTE8 , PAPUSDF02, 1361
TERMONORTE8 , PAPUSDF07, 4483
TERMONORTE8 , PAPUSDT02, 1361
TERMONORTE8 , PAPUSDT07, 4483
TERMONORTE8 , PAPUSDC07, 4483
TERMONORTE8 , PAPUSDC02, 1361
TERMONORTE9 , PAPUSDC02, 1361
TERMONORTE9 , PAPUSDT02, 1361
TERMONORTE9 , PAPUSDF09, 2754
TERMONORTE9 , PAPUSDT09, 2754
TERMONORTE9 , PAPUSDF02, 1361
TERMONORTE9 , PAPUSDC07, 4483
TERMONORTE9 , PAPUSDC09, 2754
TERMONORTE9 , PAPUSDF07, 4483
TERMONORTE9 , PAPUSDT07, 4483
TERMONORTE10 , PAPUSDT02, 1361
TERMONORTE10 , PAPUSDC02, 1361
TERMONORTE10 , PAPUSDF02, 1361
TERMONORTE10 , PAPUSDC07, 4483
TERMONORTE10 , PAPUSDT07, 4483
TERMONORTE10 , PAPUSDF07, 4483
TERMONORTE10 , PAPUSDC09, 2754
TERMONORTE10 , PAPUSDF09, 2754
TERMONORTE10 , PAPUSDT09, 2754
TERMONORTE , CONF, 4
TERMONORTE1 , D, 9, 9, 9, 9, 9, 9, 9, 9, 9, 9, 9, 9, 9, 9, 9, 9, 9, 9, 9, 9, 9, 9, 9, 9
TERMONORTE2 , D, 9, 9, 9, 9, 9, 9, 9, 9, 9, 9, 9, 9, 9, 9, 9, 9, 9, 9, 9, 9, 9, 9, 9, 9
TERMONORTE3 , D, 9, 9, 9, 9, 9, 9, 9, 9, 9, 9, 9, 9, 9, 9, 9, 9, 9, 9, 9, 9, 9, 9, 9, 9
TERMONORTE4 , D, 9, 9, 9, 9, 9, 9, 9, 9, 9, 9, 9, 9, 9, 9, 9, 9, 9, 9, 9, 9, 9, 9, 9, 9
TERMONORTE5 , D, 9, 9, 9, 9, 9, 9, 9, 9, 9, 9, 9, 9, 9, 9, 9, 9, 9, 9, 9, 9, 9, 9, 9, 9
TERMONORTE6 , D, 9, 9, 9, 9, 9, 9, 9, 9, 9, 9, 9, 9, 9, 9, 9, 9, 9, 9, 9, 9, 9, 9, 9, 9
TERMONORTE7 , D, 9, 9, 9, 9, 9, 9, 9, 9, 9, 9, 9, 9, 9, 9, 9, 9, 9, 9, 9, 9, 9, 9, 9, 9
TERMONORTE8 , D, 0, 0, 0, 0, 0, 0, 0, 0, 0, 0, 0, 0, 0, 0, 0, 0, 0, 0, 0, 0, 0, 0, 0, 0
TERMONORTE9 , D, 9, 9, 9, 9, 9, 9, 9, 9, 9, 9, 9, 9, 9, 9, 9, 9, 9, 9, 9, 9, 9, 9, 9, 9
TERMONORTE10 , D, 8, 8, 8, 8, 8, 8, 8, 8, 8, 8, 8, 8, 8, 8, 8, 8, 8, 8, 8, 8, 8, 8, 8, 8


AGENTE: TERMOPIEDRAS S.A.
AUTOGTURGAS1 , D, 3.5, 3.5, 3.5, 3.5, 3.5, 3.5, 3.5, 3.5, 3.5, 3.5, 3.5, 3.5, 3.5, 3.5, 3.5, 3.5, 3.5, 3.5, 3.5, 3.5, 3.5, 3.5, 3.5, 3.5
TERMOPIEDRAS1 , D, 3.75, 3.75, 3.75, 3.75, 3.75, 3.75, 3.75, 3.75, 3.75, 3.75, 3.75, 3.75, 3.75, 3.75, 3.75, 3.75, 3.75, 3.75, 3.75, 3.75, 3.75, 3.75, 3.75, 3.75


AGENTE: TERMOTASAJERO DOS
TASAJERO2 , P, 345000
TASAJERO2 , C, CARBON
TASAJERO2 , PAPC01, 90571651
TASAJERO2 , PAPF01, 151620455
TASAJERO2 , PAPT01, 119197707
TASAJERO2 , PAPUSDC01, 21613
TASAJERO2 , PAPUSDF01, 36181
TASAJERO2 , PAPUSDT01, 28444
TASAJERO2 , CONF, 1
TASAJERO2 , D, 0, 0, 0, 0, 0, 0, 0, 0, 0, 0, 0, 0, 0, 0, 0, 0, 0, 0, 0, 0, 0, 0, 0, 0
TERMOTASAJERODOSSOLAR1 , D, 0, 0, 0, 0, 0, 0, 0.3, 0.5, 1.7, 2.7, 3.4, 3.4, 3.4, 3.4, 2.7, 1.7, 0.4, 0.2, 0, 0, 0, 0, 0, 0
TERMOTASAJERODOSSOLAR1 , INVD, 21, 21, 21, 21, 21, 21, 21, 21, 21, 21, 21, 21, 21, 21, 21, 21, 21, 21, 21, 21, 21, 21, 21, 21


AGENTE: TERMOTASAJERO
TASAJERO1 , P, 287000
TASAJERO1 , C, CARBON
TASAJERO1 , PAPC01, 44081025
TASAJERO1 , PAPF01, 162876434
TASAJERO1 , PAPT01, 89691623
TASAJERO1 , PAPUSDC01, 10519
TASAJERO1 , PAPUSDF01, 38867
TASAJERO1 , PAPUSDT01, 21403
TASAJERO1 , CONF, 1
TASAJERO1 , D, 165, 165, 165, 165, 165, 165, 165, 165, 165, 165, 165, 165, 165, 165, 165, 165, 165, 165, 165, 165, 165, 165, 165, 165


AGENTE: TERMOYOPAL
TERMOYOPAL1 , P, 857000
TERMOYOPAL1 , C, GAS
TERMOYOPAL1 , PAPC02, 4986826
TERMOYOPAL1 , PAPT02, 4986826
TERMOYOPAL1 , PAPF02, 4986826
TERMOYOPAL1 , PAPUSDC02, 1190
TERMOYOPAL1 , PAPUSDT02, 1190
TERMOYOPAL1 , PAPUSDF02, 1190
TERMOYOPAL1 , CONF, 1
TERMOYOPAL1 , D, 8, 8, 8, 8, 8, 8, 8, 8, 8, 8, 8, 8, 8, 8, 8, 8, 8, 8, 8, 8, 8, 8, 8, 8
TERMOYOPAL2 , P, 94000
TERMOYOPAL2 , C, GAS
TERMOYOPAL2 , PAPC02, 4467190
TERMOYOPAL2 , PAPF02, 4467190
TERMOYOPAL2 , PAPT02, 4467190
TERMOYOPAL2 , PAPUSDC02, 1066
TERMOYOPAL2 , PAPUSDF02, 1066
TERMOYOPAL2 , PAPUSDT02, 1066
TERMOYOPAL2 , CONF, 1
TERMOYOPAL2 , D, 27, 27, 27, 27, 27, 27, 27, 27, 26, 26, 26, 26, 26, 26, 26, 26, 26, 26, 26, 26, 27, 27, 27, 27
TERMOYOPALG3 , P, 94000
TERMOYOPALG3 , C, GAS
TERMOYOPALG3 , PAPT02, 2707134
TERMOYOPALG3 , PAPF02, 2707134
TERMOYOPALG3 , PAPC02, 2707134
TERMOYOPALG3 , PAPUSDT02, 646
TERMOYOPALG3 , PAPUSDF02, 646
TERMOYOPALG3 , PAPUSDC02, 646
TERMOYOPALG3 , CONF, 1
TERMOYOPALG3 , D, 50, 50, 50, 50, 50, 50, 50, 50, 50, 50, 50, 50, 50, 50, 50, 50, 50, 50, 50, 50, 50, 50, 50, 50
TERMOYOPALG4 , P, 857000
TERMOYOPALG4 , C, GAS
TERMOYOPALG4 , PAPF02, 2707134
TERMOYOPALG4 , PAPT02, 2707134
TERMOYOPALG4 , PAPC02, 2707134
TERMOYOPALG4 , PAPUSDF02, 646
TERMOYOPALG4 , PAPUSDT02, 646
TERMOYOPALG4 , PAPUSDC02, 646
TERMOYOPALG4 , CONF, 1
TERMOYOPALG4 , D, 46, 46, 46, 46, 46, 46, 46, 46, 46, 46, 46, 46, 46, 46, 46, 46, 46, 46, 46, 46, 46, 46, 46, 46
TERMOYOPALG5 , P, 94500
TERMOYOPALG5 , C, GAS
TERMOYOPALG5 , PAPC02, 2707134
TERMOYOPALG5 , PAPT02, 2707134
TERMOYOPALG5 , PAPF02, 2707134
TERMOYOPALG5 , PAPUSDC02, 646
TERMOYOPALG5 , PAPUSDT02, 646
TERMOYOPALG5 , PAPUSDF02, 646
TERMOYOPALG5 , CONF, 1
TERMOYOPALG5 , D, 0, 0, 0, 0, 0, 0, 0, 0, 0, 0, 0, 0, 0, 0, 0, 0, 0, 0, 0, 0, 0, 0, 0, 0


AGENTE: UNERGY
BARAYA1 , D, 0, 0, 0, 0, 0, 0.01, 0.3, 0.6, 0.6, 0.7, 0.7, 0.8, 0.7, 0.7, 0.7, 0.3, 0.01, 0.05, 0, 0, 0, 0, 0, 0
BARAYA1 , INVD, 0, 0, 0, 0, 0, 11, 11, 11, 11, 11, 11, 11, 11, 11, 11, 11, 11, 11, 0, 0, 0, 0, 0, 0
CANAHUATE1 , D, 0, 0, 0, 0, 0, 0.01, 0.3, 0.6, 0.6, 0.7, 0.7, 0.8, 0.7, 0.7, 0.7, 0.3, 0.01, 0.05, 0, 0, 0, 0, 0, 0
CANAHUATE1 , INVD, 0, 0, 0, 0, 0, 5, 5, 5, 5, 5, 5, 5, 5, 5, 5, 5, 5, 5, 0, 0, 0, 0, 0, 0
GANDALF1 , D, 0, 0, 0, 0, 0, 0.01, 0.3, 0.6, 0.6, 0.7, 0.7, 0.8, 0.7, 0.7, 0.7, 0.3, 0.01, 0.05, 0, 0, 0, 0, 0, 0
GANDALF1 , INVD, 0, 0, 0, 0, 0, 5, 5, 5, 5, 5, 5, 5, 5, 5, 5, 5, 5, 5, 0, 0, 0, 0, 0, 0
GDNAOSI1 , D, 0, 0, 0, 0, 0, 0.01, 0.3, 0.6, 0.6, 0.7, 0.7, 0.8, 0.7, 0.7, 0.7, 0.3, 0.01, 0.05, 0, 0, 0, 0, 0, 0
GDNAOSI1 , INVD, 0, 0, 0, 0, 0, 4, 4, 4, 4, 4, 4, 4, 4, 4, 4, 4, 4, 4, 0, 0, 0, 0, 0, 0
GDNAOSII1 , D, 0, 0, 0, 0, 0, 0.01, 0.3, 0.6, 0.6, 0.7, 0.7, 0.8, 0.7, 0.7, 0.7, 0.3, 0.1, 0.05, 0, 0, 0, 0, 0, 0
GDNAOSII1 , INVD, 0, 0, 0, 0, 0, 4, 4, 4, 4, 4, 4, 4, 4, 4, 4, 4, 4, 4, 0, 0, 0, 0, 0, 0
GDNAOSIII1 , D, 0, 0, 0, 0, 0, 0.01, 0.3, 0.6, 0.7, 0.7, 0.7, 0.8, 0.7, 0.7, 0.7, 0.3, 0.1, 0.05, 0, 0, 0, 0, 0, 0
GDNAOSIII1 , INVD, 0, 0, 0, 0, 0, 5, 5, 5, 5, 5, 5, 5, 5, 5, 5, 5, 5, 5, 0, 0, 0, 0, 0, 0
LAINGLESA1 , D, 0, 0, 0, 0, 0, 0.01, 0.3, 0.6, 0.6, 0.7, 0.7, 0.8, 0.7, 0.7, 0.7, 0.3, 0.01, 0.05, 0, 0, 0, 0, 0, 0
LAINGLESA1 , INVD, 0, 0, 0, 0, 0, 5, 5, 5, 5, 5, 5, 5, 5, 5, 5, 5, 5, 5, 0, 0, 0, 0, 0, 0
MINIGRANJAELMERENGUE1 , D, 0, 0, 0, 0, 0, 0.01, 0.3, 0.6, 0.6, 0.7, 0.8, 0.9, 0.8, 0.7, 0.7, 0.3, 0.1, 0.05, 0, 0, 0, 0, 0, 0
MINIGRANJAELMERENGUE1 , INVD, 0, 0, 0, 0, 0, 5, 5, 5, 5, 5, 5, 5, 5, 5, 5, 5, 5, 5, 0, 0, 0, 0, 0, 0
MINIGRANJAELMOLINO1 , D, 0, 0, 0, 0, 0, 0.01, 0.3, 0.6, 0.6, 0.7, 0.7, 0.8, 0.7, 0.7, 0.7, 0.3, 0.01, 0.05, 0, 0, 0, 0, 0, 0
MINIGRANJAELMOLINO1 , INVD, 0, 0, 0, 0, 0, 5, 5, 5, 5, 5, 5, 5, 5, 5, 5, 5, 5, 5, 0, 0, 0, 0, 0, 0
MINIGRANJAELSON1 , D, 0, 0, 0, 0, 0, 0.01, 0.3, 0.6, 0.6, 0.7, 0.7, 0.8, 0.7, 0.7, 0.7, 0.3, 0.1, 0.05, 0, 0, 0, 0, 0, 0
MINIGRANJAELSON1 , INVD, 0, 0, 0, 0, 0, 5, 5, 5, 5, 5, 5, 5, 5, 5, 5, 5, 5, 5, 0, 0, 0, 0, 0, 0
MINIGRANJALAPAZESMERALDA1 , D, 0, 0, 0, 0, 0, 0.01, 0.3, 0.6, 0.6, 0.7, 0.7, 0.8, 0.7, 0.7, 0.7, 0.3, 0.1, 0.05, 0, 0, 0, 0, 0, 0
MINIGRANJALAPAZESMERALDA1 , INVD, 0, 0, 0, 0, 0, 5, 5, 5, 5, 5, 5, 5, 5, 5, 5, 5, 5, 5, 0, 0, 0, 0, 0, 0
MINIGRANJALAPAZLEYENDA1 , D, 0, 0, 0, 0, 0, 0.01, 0.3, 0.6, 0.6, 0.7, 0.7, 0.8, 0.7, 0.7, 0.7, 0.3, 0.01, 0.05, 0, 0, 0, 0, 0, 0
MINIGRANJALAPAZLEYENDA1 , INVD, 0, 0, 0, 0, 0, 5, 5, 5, 5, 5, 5, 5, 5, 5, 5, 5, 5, 5, 0, 0, 0, 0, 0, 0
MINIGRANJALAPAZVALLENATA1 , D, 0, 0, 0, 0, 0, 0.01, 0.3, 0.6, 0.6, 0.7, 0.7, 0.8, 0.7, 0.7, 0.7, 0.3, 0.01, 0.05, 0, 0, 0, 0, 0, 0
MINIGRANJALAPAZVALLENATA1 , INVD, 0, 0, 0, 0, 0, 5, 5, 5, 5, 5, 5, 5, 5, 5, 5, 5, 5, 5, 0, 0, 0, 0, 0, 0
MINIGRANJALAPAZVERSO1 , D, 0, 0, 0, 0, 0, 0.01, 0.3, 0.6, 0.6, 0.7, 0.7, 0.8, 0.7, 0.7, 0.7, 0.3, 0.1, 0.05, 0, 0, 0, 0, 0, 0
MINIGRANJALAPAZVERSO1 , INVD, 0, 0, 0, 0, 0, 5, 5, 5, 5, 5, 5, 5, 5, 5, 5, 5, 5, 5, 0, 0, 0, 0, 0, 0
MINIGRANJALAPUYA1 , D, 0, 0, 0, 0, 0, 0.01, 0.3, 0.6, 0.6, 0.7, 0.7, 0.8, 0.7, 0.7, 0.7, 0.3, 0.1, 0.05, 0, 0, 0, 0, 0, 0
MINIGRANJALAPUYA1 , INVD, 0, 0, 0, 0, 0, 5, 5, 5, 5, 5, 5, 5, 5, 5, 5, 5, 5, 5, 0, 0, 0, 0, 0, 0
MINIGRANJALARESERVA1 , D, 0, 0, 0, 0, 0, 0.01, 0.3, 0.6, 0.6, 0.7, 0.7, 0.8, 0.7, 0.7, 0.7, 0.3, 0.1, 0.05, 0, 0, 0, 0, 0, 0
MINIGRANJALARESERVA1 , INVD, 0, 0, 0, 0, 0, 5, 5, 5, 5, 5, 5, 5, 5, 5, 5, 5, 5, 5, 0, 0, 0, 0, 0, 0
MINIGRANJAVILLANUEVA1 , D, 0, 0, 0, 0, 0, 0.01, 0.3, 0.6, 0.6, 0.7, 0.8, 0.9, 0.8, 0.7, 0.7, 0.3, 0.1, 0.05, 0, 0, 0, 0, 0, 0
MINIGRANJAVILLANUEVA1 , INVD, 0, 0, 0, 0, 0, 5, 5, 5, 5, 5, 5, 5, 5, 5, 5, 5, 5, 5, 0, 0, 0, 0, 0, 0
PLANTASOLARBAYUNCAI1 , D, 0, 0, 0, 0, 0, 0.1, 0.7, 1.6, 2.1, 2.2, 2.1, 2.4, 2.4, 2.2, 1.8, 1, 0.3, 0, 0, 0, 0, 0, 0, 0
PLANTASOLARBAYUNCAI1 , INVD, 2, 2, 2, 2, 2, 2, 2, 2, 2, 2, 2, 2, 2, 2, 2, 2, 2, 2, 2, 2, 2, 2, 2, 2
URUACO1 , D, 0, 0, 0, 0, 0, 0.01, 0.3, 0.6, 0.6, 0.7, 0.7, 0.8, 0.7, 0.7, 0.7, 0.3, 0.01, 0.05, 0, 0, 0, 0, 0, 0
URUACO1 , INVD, 0, 0, 0, 0, 0, 11, 11, 11, 11, 11, 11, 11, 11, 11, 11, 11, 11, 11, 0, 0, 0, 0, 0, 0


AGENTE: URRA
URRA , P, 99000
URRA , MO, 332, 332, 332, 332, 332, 332, 332, 332, 332, 332, 332, 332, 332, 332, 332, 332, 332, 332, 332, 332, 332, 332, 332, 332
URRA1 , D, 83, 83, 83, 83, 83, 83, 83, 83, 83, 83, 83, 83, 83, 83, 83, 83, 83, 83, 83, 83, 83, 83, 83, 83
URRA2 , D, 83, 83, 83, 83, 83, 83, 83, 83, 83, 83, 83, 83, 83, 83, 83, 83, 83, 83, 83, 83, 83, 83, 83, 83
URRA3 , D, 83, 83, 83, 83, 83, 83, 83, 83, 83, 83, 83, 83, 83, 83, 83, 83, 83, 83, 83, 83, 83, 83, 83, 83
URRA4 , D, 83, 83, 83, 83, 83, 83, 83, 83, 83, 83, 83, 83, 83, 83, 83, 83, 83, 83, 83, 83, 83, 83, 83, 83


AGENTE: VATIA S.A.
ASNAZU1 , D, 0.45, 0.45, 0.45, 0.45, 0.45, 0.45, 0.45, 0.45, 0.45, 0.45, 0.45, 0.45, 0.45, 0.45, 0.45, 0.45, 0.45, 0.45, 0.45, 0.45, 0.45, 0.45, 0.45, 0.45
FLORIDA21 , D, 0, 0, 0, 0, 0, 0, 9.95, 9.95, 9.95, 9.95, 9.95, 9.95, 9.95, 9.95, 9.95, 9.95, 9.5, 9.5, 9.5, 9.5, 9.5, 9.5, 9, 7
FLORIDA22 , D, 0, 0, 0, 0, 0, 0, 0, 0, 0, 0, 0, 0, 0, 0, 0, 0, 9.5, 9.5, 9.5, 9.5, 9.5, 9.5, 9, 7
INZA1 , D, 0, 0, 0, 0, 0, 0, 0, 0, 0, 0, 0, 0, 0, 0, 0, 0, 0, 0, 0, 0, 0, 0, 0, 0
JUMI1 , D, 0, 0, 0, 0, 0, 0.65, 2.54, 4.77, 6.75, 8.4, 9.36, 9.48, 8.68, 7.46, 5.49, 3.05, 0.93, 0.02, 0, 0, 0, 0, 0, 0
JUMI1 , INVD, 37, 37, 37, 37, 37, 37, 37, 37, 37, 37, 37, 37, 37, 37, 37, 37, 37, 37, 37, 37, 37, 37, 37, 37
LACASCADA(ANTIOQUIA)1 , D, 2.2, 2.2, 2.2, 2.2, 2.2, 2.2, 2.2, 2.2, 2.2, 2.2, 2.2, 2.2, 2.2, 2.2, 2.2, 2.2, 2.2, 2.2, 2.2, 2.2, 2.2, 2.2, 2.2, 2.2
LASPALMAS1 , D, 1.4, 1.4, 1.4, 1.4, 1.4, 1.4, 1.4, 1.4, 1.4, 1.4, 1.4, 1.4, 1.4, 1.4, 1.4, 1.4, 1.4, 1.4, 1.4, 1.4, 1.4, 1.4, 1.4, 1.4
LASPALMAS2 , D, 1.4, 1.4, 1.4, 1.4, 1.4, 1.4, 1.4, 1.4, 1.4, 1.4, 1.4, 1.4, 1.4, 1.4, 1.4, 1.4, 1.4, 1.4, 1.4, 1.4, 1.4, 1.4, 1.4, 1.4
MONDOMO1 , D, 0.42, 0.42, 0.42, 0.42, 0.42, 0.42, 0.42, 0.42, 0.42, 0.42, 0.42, 0.42, 0.42, 0.42, 0.42, 0.42, 0.42, 0.42, 0.42, 0.42, 0.42, 0.42, 0.42, 0.42
OVEJAS1 , D, 0.7, 0.7, 0.7, 0.7, 0.7, 0.7, 0.7, 0.7, 0.7, 0.7, 0.7, 0.7, 0.7, 0.7, 0.7, 0.7, 0.7, 0.7, 0.7, 0.7, 0.7, 0.7, 0.7, 0.7
RIOPALO1 , D, 1, 1, 1, 1, 1, 1, 1, 1, 1, 1, 1, 1, 1, 1, 1, 1, 1, 1, 1, 1, 1, 1, 1, 1
SAJANDI1 , D, 0, 0, 0, 0, 0, 0, 0, 0, 0, 0, 0, 0, 0, 0, 0, 0, 0, 0, 0, 0, 0, 0, 0, 0
SILVIA1 , D, 0.34, 0.34, 0.34, 0.34, 0.34, 0.34, 0.34, 0.34, 0.34, 0.34, 0.34, 0.34, 0.34, 0.34, 0.34, 0.34, 0.34, 0.34, 0.34, 0.34, 0.34, 0.34, 0.34, 0.34
SOLAROLDT1 , D, 0, 0, 0, 0, 0, 0.59, 2.29, 4.3, 6.09, 7.58, 8.45, 8.56, 7.84, 6.73, 4.96, 2.76, 0.84, 0.02, 0, 0, 0, 0, 0, 0
SOLAROLDT1 , INVD, 37, 37, 37, 37, 37, 37, 37, 37, 37, 37, 37, 37, 37, 37, 37, 37, 37, 37, 37, 37, 37, 37, 37, 37


AGENTE: VOLTAJE EMPRESARIAL
TEQUENDAMABIOGAS1 , D, 0, 0, 0, 0, 0, 0, 0, 0, 0, 0, 0, 0, 0, 0, 0, 0, 0, 0, 0, 0, 0, 0, 0, 0


