Ofertas Iniciales para: 2025-08-29


AGENTE: 4E S.A.S E.S.P.
PARQUESOLARARENAL1 , D, 0, 0, 0, 0, 0, 0, 0.3, 0.7, 0.7, 1.2, 1.4, 1.6, 1.8, 1.6, 1.4, 1.2, 0.7, 0.3, 0, 0, 0, 0, 0, 0
PARQUESOLARARENAL1 , INVD, 9, 9, 9, 9, 9, 9, 9, 9, 9, 9, 9, 9, 9, 9, 9, 9, 9, 9, 9, 9, 9, 9, 9, 9


AGENTE: ABO WIND DIECISEIS
CONDOR1 , D, 0, 0, 0, 0, 0, 0, 2.85, 8.04, 9.08, 8.3, 9.31, 9.11, 9.31, 9.5, 8.37, 8.18, 5.7, 0.88, 0, 0, 0, 0, 0, 0
CONDOR1 , INVD, 35, 35, 35, 35, 35, 35, 35, 35, 35, 35, 35, 35, 35, 35, 35, 35, 35, 35, 35, 35, 35, 35, 35, 35


AGENTE: AES COLOMBIA
BIOENERGY1 , D, 0, 0, 0, 0, 0, 0, 0, 0, 0, 0, 0, 0, 0, 0, 0, 0, 0, 0, 0, 0, 0, 0, 0, 0
CHIVOR , P, 96431
CHIVOR1 , D, 125, 125, 125, 125, 125, 125, 125, 125, 125, 125, 125, 125, 125, 125, 125, 125, 125, 125, 125, 125, 125, 125, 125, 125
CHIVOR2 , D, 125, 125, 125, 125, 125, 125, 125, 125, 125, 125, 125, 125, 125, 125, 125, 125, 125, 125, 125, 125, 125, 125, 125, 125
CHIVOR3 , D, 125, 125, 125, 125, 125, 125, 125, 125, 125, 125, 125, 125, 125, 125, 125, 125, 125, 125, 125, 125, 125, 125, 125, 125
CHIVOR4 , D, 125, 125, 125, 125, 125, 125, 125, 125, 125, 125, 125, 125, 125, 125, 125, 125, 125, 125, 125, 125, 125, 125, 125, 125
CHIVOR5 , D, 0, 0, 0, 0, 0, 0, 0, 0, 0, 0, 0, 0, 0, 0, 0, 0, 0, 0, 0, 0, 0, 0, 0, 0
CHIVOR6 , D, 0, 0, 0, 0, 0, 0, 0, 0, 0, 0, 0, 0, 0, 0, 0, 0, 0, 0, 0, 0, 0, 0, 0, 0
CHIVOR7 , D, 0, 0, 0, 0, 0, 0, 0, 0, 0, 0, 0, 0, 0, 0, 0, 0, 0, 0, 0, 0, 0, 0, 0, 0
CHIVOR8 , D, 0, 0, 0, 0, 0, 0, 0, 0, 0, 0, 0, 0, 0, 0, 0, 0, 0, 0, 0, 0, 0, 0, 0, 0
CHIVOR1 , AGCU, 0, 0, 0, 0, 0, 0, 0, 0, 0, 0, 0, 0, 0, 0, 0, 0, 0, 0, 0, 0, 0, 0, 0, 0
CHIVOR2 , AGCU, 0, 0, 0, 0, 0, 0, 0, 0, 0, 0, 0, 0, 0, 0, 0, 0, 0, 0, 0, 0, 0, 0, 0, 0
CHIVOR3 , AGCU, 0, 0, 0, 0, 0, 0, 0, 0, 0, 0, 0, 0, 0, 0, 0, 0, 0, 0, 0, 0, 0, 0, 0, 0
CHIVOR4 , AGCU, 0, 0, 0, 0, 0, 0, 0, 0, 0, 0, 0, 0, 0, 0, 0, 0, 0, 0, 0, 0, 0, 0, 0, 0
CHIVOR5 , AGCU, 0, 0, 0, 0, 0, 0, 0, 0, 0, 0, 0, 0, 0, 0, 0, 0, 0, 0, 0, 0, 0, 0, 0, 0
CHIVOR7 , AGCU, 0, 0, 0, 0, 0, 0, 0, 0, 0, 0, 0, 0, 0, 0, 0, 0, 0, 0, 0, 0, 0, 0, 0, 0
CHIVOR , AGCP, 0, 0, 0, 0, 0, 0, 0, 0, 0, 0, 0, 0, 0, 0, 0, 0, 0, 0, 0, 0, 0, 0, 0, 0
CHIVOR1 , PRU, 0, 0, 0, 0, 0, 0, 0, 0, 0, 0, 0, 0, 0, 0, 0, 0, 0, 0, 0, 0, 0, 0, 0, 0
CHIVOR2 , PRU, 0, 0, 0, 0, 0, 0, 0, 0, 0, 0, 0, 0, 0, 0, 0, 0, 0, 0, 0, 0, 0, 0, 0, 0
CHIVOR3 , PRU, 0, 0, 0, 0, 0, 0, 0, 0, 0, 0, 0, 0, 0, 0, 0, 0, 0, 0, 0, 0, 0, 0, 0, 0
CHIVOR4 , PRU, 0, 0, 0, 0, 0, 0, 0, 0, 0, 0, 0, 0, 0, 0, 0, 0, 0, 0, 0, 0, 0, 0, 0, 0
CHIVOR5 , PRU, 0, 0, 0, 0, 0, 0, 0, 0, 0, 0, 0, 0, 0, 0, 0, 0, 0, 0, 0, 0, 0, 0, 0, 0
CHIVOR6 , PRU, 0, 0, 0, 0, 0, 0, 0, 0, 0, 0, 0, 0, 0, 0, 0, 0, 0, 0, 0, 0, 0, 0, 0, 0
CHIVOR7 , PRU, 0, 0, 0, 0, 0, 0, 0, 0, 0, 0, 0, 0, 0, 0, 0, 0, 0, 0, 0, 0, 0, 0, 0, 0
CHIVOR8 , PRU, 0, 0, 0, 0, 0, 0, 0, 0, 0, 0, 0, 0, 0, 0, 0, 0, 0, 0, 0, 0, 0, 0, 0, 0
TUNJITA1 , D, 19.6, 19.6, 19.6, 19.6, 19.6, 19.6, 19.6, 19.6, 19.6, 19.6, 19.6, 19.6, 19.6, 19.6, 19.6, 19.6, 19.6, 19.6, 19.6, 19.6, 19.6, 19.6, 19.6, 19.6


AGENTE: ATLÁNTICA COLOMBIA
LASIERPE1 , D, 0, 0, 0, 0, 0, 0, 2, 6, 8, 14, 19, 19, 19, 18, 16, 14, 4, 6, 1, 0, 0, 0, 0, 0
LASIERPE1 , INVD, 6, 6, 6, 6, 6, 6, 6, 6, 6, 6, 6, 6, 6, 6, 6, 6, 6, 6, 6, 6, 6, 6, 6, 6
LATOLUA1 , D, 0, 0, 0, 0, 0, 0, 2, 4, 8, 12, 19, 19, 19, 18, 16, 14, 8, 6, 1, 0, 0, 0, 0, 0
LATOLUA1 , INVD, 6, 6, 6, 6, 6, 6, 6, 6, 6, 6, 6, 6, 6, 6, 6, 6, 6, 6, 6, 6, 6, 6, 6, 6
PARQUESOLARHONDAI1 , D, 0, 0, 0, 0, 0, 0, 1, 2, 4, 6, 6, 8, 8, 8, 8, 6, 4, 2, 1, 0, 0, 0, 0, 0
PARQUESOLARHONDAI1 , INVD, 36, 36, 36, 36, 36, 36, 36, 36, 36, 36, 36, 36, 36, 36, 36, 36, 36, 36, 36, 36, 36, 36, 36, 36
PARQUESOLARHONDAII1 , D, 0, 0, 0, 0, 0, 0, 1, 2, 3, 4, 6, 9, 9, 9, 6, 7, 7, 2, 1, 0, 0, 0, 0, 0
PARQUESOLARHONDAII1 , INVD, 36, 36, 36, 36, 36, 36, 36, 36, 36, 36, 36, 36, 36, 36, 36, 36, 36, 36, 36, 36, 36, 36, 36, 36
TIERRALINDA1 , D, 0, 0, 0, 0, 0, 0, 1, 2, 3, 4, 9, 9, 9, 9, 7, 6, 6, 2, 1, 0, 0, 0, 0, 0
TIERRALINDA1 , INVD, 3, 3, 3, 3, 3, 3, 3, 3, 3, 3, 3, 3, 3, 3, 3, 3, 3, 3, 3, 3, 3, 3, 3, 3


AGENTE: AURES BAJO
AURESBAJO1 , D, 9, 9, 9, 9, 9, 9, 9, 9, 9, 9, 9, 9, 9, 9, 9, 9, 9, 9, 9, 9, 9, 9, 9, 9
AURESBAJO2 , D, 8.5, 8.5, 8.5, 8.5, 8.5, 8.5, 8.5, 8.5, 8, 8, 8, 8, 8, 8, 8, 8, 8, 8, 8, 8.5, 8.5, 8.5, 8.5, 8.5


AGENTE: BCCY CORDOBA 
AUTOGLOSPOCITOS1 , D, 1.8, 1.8, 1.8, 1.8, 1.8, 1.8, 1.8, 1.8, 1.8, 1.8, 1.8, 1.8, 1.8, 1.8, 1.8, 1.8, 1.8, 1.8, 1.8, 1.8, 1.8, 1.8, 1.8, 1.8
PETALODECORDOBAII1 , D, 0, 0, 0, 0, 0, 0, 0.19, 2.41, 5.37, 7.69, 8.08, 7.49, 6.88, 7.33, 6.22, 5.9, 4.43, 1.05, 0, 0, 0, 0, 0, 0
PETALODECORDOBAII1 , INVD, 54, 54, 54, 54, 54, 54, 54, 54, 54, 54, 54, 54, 54, 54, 54, 54, 54, 54, 54, 54, 54, 54, 54, 54


AGENTE: BIOGAS COLOMBIA
DOÑAJUANA1 , D, 0.25, 0.25, 0.25, 0.25, 0.25, 0.25, 0.25, 0.25, 0.25, 0.25, 0.25, 0.25, 0.25, 0.25, 0.25, 0.25, 0.25, 0.25, 0.25, 0.25, 0.25, 0.25, 0.25, 0.25


AGENTE: CELSIA COLOMBIA
ALBAN , P, 399000
ALBAN , MO, 10, 10, 10, 10, 10, 10, 10, 10, 10, 10, 10, 10, 10, 10, 10, 10, 10, 10, 10, 10, 10, 10, 10, 10
ALTOANCHICAYA1 , D, 115, 115, 115, 115, 115, 115, 115, 115, 115, 115, 115, 115, 115, 115, 115, 115, 115, 115, 115, 115, 115, 115, 115, 115
ALTOANCHICAYA2 , D, 115, 115, 115, 115, 115, 115, 115, 115, 115, 115, 115, 115, 115, 115, 115, 115, 115, 115, 115, 115, 115, 115, 115, 115
ALTOANCHICAYA3 , D, 110, 110, 110, 110, 110, 110, 110, 110, 110, 110, 110, 110, 110, 110, 110, 110, 110, 110, 110, 110, 110, 110, 110, 110
BAJOANCHICAYA1 , D, 12, 12, 12, 12, 12, 12, 12, 12, 12, 12, 12, 12, 12, 12, 12, 12, 12, 12, 12, 12, 12, 12, 12, 12
BAJOANCHICAYA2 , D, 0, 0, 0, 0, 0, 0, 0, 0, 0, 0, 0, 0, 0, 0, 0, 0, 0, 0, 0, 0, 0, 0, 0, 0
BAJOANCHICAYA3 , D, 24, 24, 24, 24, 24, 24, 24, 24, 24, 24, 24, 24, 24, 24, 24, 24, 24, 24, 24, 24, 24, 24, 24, 24
BAJOANCHICAYA4 , D, 24, 24, 24, 24, 24, 24, 24, 24, 24, 24, 24, 24, 24, 24, 24, 24, 24, 24, 24, 24, 24, 24, 24, 24
ALTOANCHICAYA1 , AGCU, 85, 85, 85, 85, 85, 85, 85, 85, 85, 85, 85, 85, 85, 85, 85, 85, 85, 85, 85, 85, 85, 85, 85, 85
ALTOANCHICAYA2 , AGCU, 85, 85, 85, 85, 85, 85, 85, 85, 85, 85, 85, 85, 85, 85, 85, 85, 85, 85, 85, 85, 85, 85, 85, 85
ALTOANCHICAYA3 , AGCU, 80, 80, 80, 80, 80, 80, 80, 80, 80, 80, 80, 80, 80, 80, 80, 80, 80, 80, 80, 80, 80, 80, 80, 80
BAJOANCHICAYA1 , AGCU, 0, 0, 0, 0, 0, 0, 0, 0, 0, 0, 0, 0, 0, 0, 0, 0, 0, 0, 0, 0, 0, 0, 0, 0
ALBAN , AGCP, 250, 250, 250, 250, 250, 250, 250, 250, 250, 250, 250, 250, 250, 250, 250, 250, 250, 250, 250, 250, 250, 250, 250, 250
ALTOTULUA1 , D, 0, 0, 0, 0, 0, 0, 0, 0, 0, 0, 0, 0, 0, 0, 0, 0, 0, 0, 0, 0, 0, 0, 0, 0
ALTOTULUA2 , D, 2, 2, 2, 4, 4, 4, 4, 4, 4, 4, 4, 4, 4, 4, 4, 4, 4, 4, 4, 4, 4, 4, 4, 4
AMAIME1 , D, 5, 5, 5, 5, 5, 7, 8, 10, 10, 10, 9, 7, 3, 7, 9, 8, 8, 7, 4, 9, 10, 10, 10, 10
ARGOSCARTAGENA1 , D, 0, 0, 0, 0, 0, 0, 0, 0, 0, 0, 0, 0, 0, 0, 0, 0, 0, 0, 0, 0, 0, 0, 0, 0
AUTOGARGOSYUMBO1 , D, 0, 0, 0, 0, 0, 0, 0, 0, 0, 0, 0, 0, 0, 0, 2, 5, 5, 5, 5, 5, 5, 5, 5, 5
AUTOGBUGAIGRASAS1 , D, 0, 0, 0, 0, 0, 0, 0, 0, 1, 2, 1, 1, 1, 1, 0, 0, 0, 0, 0, 0, 0, 0, 0, 0
AUTOGBUGAIGRASAS1 , INVD, 20, 20, 20, 20, 20, 20, 20, 20, 20, 20, 20, 20, 20, 20, 20, 20, 20, 20, 20, 20, 20, 20, 20, 20
AUTOGBUGAISOLLA1 , D, 0, 0, 0, 0, 0, 0, 0, 0, 2, 3, 1, 1, 2, 1, 0, 0, 0, 0, 0, 0, 0, 0, 0, 0
AUTOGBUGAISOLLA1 , INVD, 30, 30, 30, 30, 30, 30, 30, 30, 30, 30, 30, 30, 30, 30, 30, 30, 30, 30, 30, 30, 30, 30, 30, 30
AUTOGCELSIASOLARESPINAL1 , D, 0, 0, 0, 0, 0, 0, 0, 0, 3, 6, 5, 5, 4, 4, 3, 1, 0, 0, 0, 0, 0, 0, 0, 0
AUTOGCELSIASOLARESPINAL1 , INVD, 56, 56, 56, 56, 56, 56, 56, 56, 56, 56, 56, 56, 56, 56, 56, 56, 56, 56, 56, 56, 56, 56, 56, 56
AUTOGCELSIASOLARHARINAS1 , D, 0, 0, 0, 0, 0, 0, 0, 0, 0, 1, 1, 1, 1, 1, 1, 0, 0, 0, 0, 0, 0, 0, 0, 0
AUTOGCELSIASOLARHARINAS1 , INVD, 14, 14, 14, 14, 14, 14, 14, 14, 14, 14, 14, 14, 14, 14, 14, 14, 14, 14, 14, 14, 14, 14, 14, 14
AUTOGCELSIASOLARLEVAPAN1 , D, 0, 0, 0, 0, 0, 0, 0, 0, 0, 2, 2, 2, 2, 1, 2, 0, 0, 0, 0, 0, 0, 0, 0, 0
AUTOGCELSIASOLARLEVAPAN1 , INVD, 43, 43, 43, 43, 43, 43, 43, 43, 43, 43, 43, 43, 43, 43, 43, 43, 43, 43, 43, 43, 43, 43, 43, 43
AUTOGCELSIASOLARPALMIRA31 , D, 0, 0, 0, 0, 0, 0, 0, 0, 0, 0, 1, 2, 2, 1, 0, 0, 0, 0, 0, 0, 0, 0, 0, 0
AUTOGCELSIASOLARPALMIRA31 , INVD, 35, 35, 35, 35, 35, 35, 35, 35, 35, 35, 35, 35, 35, 35, 35, 35, 35, 35, 35, 35, 35, 35, 35, 35
AUTOGCELSIASOLARPALMIRA3ZONAFRANCA1 , D, 0, 0, 0, 0, 0, 0, 0, 0, 0, 0, 0, 0, 0, 0, 0, 0, 0, 0, 0, 0, 0, 0, 0, 0
AUTOGCELSIASOLARPALMIRA3ZONAFRANCA1 , INVD, 15, 15, 15, 15, 15, 15, 15, 15, 15, 15, 15, 15, 15, 15, 15, 15, 15, 15, 15, 15, 15, 15, 15, 15
AUTOGCELSIASOLARTQJAMUNDI1 , D, 0, 0, 0, 0, 0, 0, 0, 0, 0, 0, 0, 0, 0, 0, 0, 0, 0, 0, 0, 0, 0, 0, 0, 0
AUTOGCELSIASOLARTQJAMUNDI1 , INVD, 17, 17, 17, 17, 17, 17, 17, 17, 17, 17, 17, 17, 17, 17, 17, 17, 17, 17, 17, 17, 17, 17, 17, 17
AUTOGCELSIASOLARYUMBO1 , D, 0, 0, 0, 0, 0, 0, 0, 0, 0, 0, 1, 2, 2, 2, 1, 0, 0, 0, 0, 0, 0, 0, 0, 0
AUTOGCELSIASOLARYUMBO1 , INVD, 9, 9, 9, 9, 9, 9, 9, 9, 9, 9, 9, 9, 9, 9, 9, 9, 9, 9, 9, 9, 9, 9, 9, 9
AUTOGCOMOLSA1 , D, 0, 0, 0, 0, 0, 0, 0, 1.2, 2.2, 2.2, 3.3, 3.3, 3.3, 3.3, 2.2, 1.2, 1.2, 1, 0, 0, 0, 0, 0, 0
AUTOGCOMOLSA1 , INVD, 17, 17, 17, 17, 17, 17, 17, 17, 17, 17, 17, 17, 17, 17, 17, 17, 17, 17, 17, 17, 17, 17, 17, 17
AUTOGMOLINOSSANTAMARTA1 , D, 0, 0, 0, 0, 0, 0, 0, 1.2, 2.2, 2.2, 3.3, 3.3, 3.3, 3.3, 2.2, 1.2, 1.2, 1, 0, 0, 0, 0, 0, 0
AUTOGMOLINOSSANTAMARTA1 , INVD, 17, 17, 17, 17, 17, 17, 17, 17, 17, 17, 17, 17, 17, 17, 17, 17, 17, 17, 17, 17, 17, 17, 17, 17
AUTOGQBCO1 , D, 0, 0, 0, 0, 0, 0, 0, 1.2, 2.2, 2.2, 3.3, 3.3, 3.3, 3.3, 2.2, 1.2, 1.2, 1, 0, 0, 0, 0, 0, 0
AUTOGQBCO1 , INVD, 17, 17, 17, 17, 17, 17, 17, 17, 17, 17, 17, 17, 17, 17, 17, 17, 17, 17, 17, 17, 17, 17, 17, 17
AUTOGSOLARPALMIRAIIBERRY1 , D, 0, 0, 0, 0, 0, 0, 0, 0, 0, 0, 0, 2, 1, 0, 0, 0, 0, 0, 0, 0, 0, 0, 0, 0
AUTOGSOLARPALMIRAIIBERRY1 , INVD, 49, 49, 49, 49, 49, 49, 49, 49, 49, 49, 49, 49, 49, 49, 49, 49, 49, 49, 49, 49, 49, 49, 49, 49
BAJOTULUA1 , D, 3, 3, 3, 4, 5, 5, 6, 7, 7, 7, 4, 6, 6, 6, 7, 7, 7, 7, 3, 0, 5, 5, 5, 5
BAJOTULUA2 , D, 3, 3, 3, 4, 5, 5, 6, 7, 7, 7, 4, 6, 6, 6, 7, 7, 7, 7, 3, 0, 5, 5, 5, 5
CALIMA , P, 550000
CALIMA1 , D, 33, 33, 33, 33, 33, 33, 33, 33, 33, 33, 33, 33, 33, 33, 33, 33, 33, 33, 33, 33, 33, 33, 33, 33
CALIMA2 , D, 33, 33, 33, 33, 33, 33, 33, 33, 33, 33, 33, 33, 33, 33, 33, 33, 33, 33, 33, 33, 33, 33, 33, 33
CALIMA3 , D, 33, 33, 33, 33, 33, 33, 33, 33, 33, 33, 33, 33, 33, 33, 33, 33, 33, 33, 33, 33, 33, 33, 33, 33
CALIMA4 , D, 33, 33, 33, 33, 33, 33, 33, 33, 33, 33, 33, 33, 33, 33, 33, 33, 33, 33, 33, 33, 33, 33, 33, 33
CALIMA1 , AGCU, 0, 0, 0, 0, 0, 0, 0, 0, 0, 0, 0, 0, 0, 0, 0, 0, 0, 0, 0, 0, 0, 0, 0, 0
CALIMA2 , AGCU, 0, 0, 0, 0, 0, 0, 0, 0, 0, 0, 0, 0, 0, 0, 0, 0, 0, 0, 0, 0, 0, 0, 0, 0
CALIMA3 , AGCU, 0, 0, 0, 0, 0, 0, 0, 0, 0, 0, 0, 0, 0, 0, 0, 0, 0, 0, 0, 0, 0, 0, 0, 0
CALIMA4 , AGCU, 0, 0, 0, 0, 0, 0, 0, 0, 0, 0, 0, 0, 0, 0, 0, 0, 0, 0, 0, 0, 0, 0, 0, 0
CALIMA , AGCP, 0, 0, 0, 0, 0, 0, 0, 0, 0, 0, 0, 0, 0, 0, 0, 0, 0, 0, 0, 0, 0, 0, 0, 0
CELSIASOLARALUMINA1 , D, 0, 0, 0, 0, 0, 0, 0, 0, 0, 0, 0, 0, 0, 0.01, 0, 0, 0, 0, 0, 0, 0, 0, 0, 0
CELSIASOLARALUMINA1 , INVD, 34, 34, 34, 34, 34, 34, 34, 34, 34, 34, 34, 34, 34, 34, 34, 34, 34, 34, 34, 34, 34, 34, 34, 34
CELSIASOLARBOLIVAR1 , D, 0, 0, 0, 0, 0, 0, 0, 1, 2, 4, 5, 5, 4, 5, 4, 3, 1, 0, 0, 0, 0, 0, 0, 0
CELSIASOLARBOLIVAR1 , INVD, 5, 5, 5, 5, 5, 5, 5, 5, 5, 5, 5, 5, 5, 5, 5, 5, 5, 5, 5, 5, 5, 5, 5, 5
CELSIASOLARBUGALAGRANDE1 , D, 0, 0, 0, 0, 0, 0, 0, 2, 7, 9, 7, 5, 4, 6, 6, 6, 6, 0, 0, 0, 0, 0, 0, 0
CELSIASOLARBUGALAGRANDE1 , INVD, 50, 50, 50, 50, 50, 50, 50, 50, 50, 50, 50, 50, 50, 50, 50, 50, 50, 50, 50, 50, 50, 50, 50, 50
CELSIASOLARCARMELO1 , D, 0, 0, 0, 0, 0, 0, 0, 0, 0, 1, 3, 3, 2, 2, 2, 0, 0, 0, 0, 0, 0, 0, 0, 0
CELSIASOLARCARMELO1 , INVD, 56, 56, 56, 56, 56, 56, 56, 56, 56, 56, 56, 56, 56, 56, 56, 56, 56, 56, 56, 56, 56, 56, 56, 56
CELSIASOLARDULIMA1 , D, 0, 0, 0, 0, 0, 0, 1, 9, 19, 18, 18, 16, 17, 18, 15, 10, 6, 0, 0, 0, 0, 0, 0, 0
CELSIASOLARDULIMA1 , INVD, 108, 108, 108, 108, 108, 108, 108, 108, 108, 108, 108, 108, 108, 108, 108, 108, 108, 108, 108, 108, 108, 108, 108, 108
CELSIASOLARLAPAILA1 , D, 0, 0, 0, 0, 0, 0, 0, 0, 0, 1, 2, 1, 1, 1, 1, 0, 0, 0, 0, 0, 0, 0, 0, 0
CELSIASOLARLAPAILA1 , INVD, 57, 57, 57, 57, 57, 57, 57, 57, 57, 57, 57, 57, 57, 57, 57, 57, 57, 57, 57, 57, 57, 57, 57, 57
CELSIASOLARLAVICTORIAI1 , D, 0, 0, 0, 0, 0, 0, 0, 5, 18, 19, 19, 18, 19, 19, 19, 18, 11, 3, 0, 0, 0, 0, 0, 0
CELSIASOLARLAVICTORIAI1 , INVD, 114, 114, 114, 114, 114, 114, 114, 114, 114, 114, 114, 114, 114, 114, 114, 114, 114, 114, 114, 114, 114, 114, 114, 114
CELSIASOLARLAVICTORIAII1 , D, 0, 0, 0, 0, 0, 0, 0, 5, 18, 19, 19, 18, 19, 19, 19, 18, 11, 3, 0, 0, 0, 0, 0, 0
CELSIASOLARLAVICTORIAII1 , INVD, 114, 114, 114, 114, 114, 114, 114, 114, 114, 114, 114, 114, 114, 114, 114, 114, 114, 114, 114, 114, 114, 114, 114, 114
CELSIASOLARPUERTOTEJADA1 , D, 0, 0, 0, 0, 0, 0, 0, 0, 5, 15, 17, 15, 17, 16, 16, 3, 0, 0, 0, 0, 0, 0, 0, 0
CELSIASOLARPUERTOTEJADA1 , INVD, 107, 107, 107, 107, 107, 107, 107, 107, 107, 107, 107, 107, 107, 107, 107, 107, 107, 107, 107, 107, 107, 107, 107, 107
CELSIASOLARYUMA1 , D, 0, 0, 0, 0, 0, 0, 0, 4, 9, 9, 9, 7, 8, 8, 7, 4, 2, 0, 0, 0, 0, 0, 0, 0
CELSIASOLARYUMA1 , INVD, 49, 49, 49, 49, 49, 49, 49, 49, 49, 49, 49, 49, 49, 49, 49, 49, 49, 49, 49, 49, 49, 49, 49, 49
CERRITOS1 , D, 0, 0, 0, 0, 0, 0, 0, 1, 1, 1, 2, 4, 4, 3, 2, 1, 2, 0, 0, 0, 0, 0, 0, 0
CERRITOS1 , INVD, 8, 8, 8, 8, 8, 8, 8, 8, 8, 8, 8, 8, 8, 8, 8, 8, 8, 8, 8, 8, 8, 8, 8, 8
CUCUANA , P, 96433
CUCUANA1 , D, 9, 10, 11, 13, 14, 14, 15, 16, 16, 17, 19, 19, 20, 20, 20, 19, 19, 18, 18, 17, 13, 16, 16, 16
CUCUANA2 , D, 9, 10, 11, 13, 14, 14, 15, 16, 16, 17, 19, 19, 20, 20, 20, 19, 19, 18, 18, 17, 13, 16, 16, 16
GDALFEREZ1 , D, 0, 0, 0, 0, 0, 0, 0.01, 0.05, 0.17, 0.4, 0.51, 0.6, 0.59, 0.58, 0.49, 0.3, 0.11, 0.03, 0, 0, 0, 0, 0, 0
GDALFEREZ1 , INVD, 3, 3, 3, 3, 3, 3, 3, 3, 3, 3, 3, 3, 3, 3, 3, 3, 3, 3, 3, 3, 3, 3, 3, 3
GDBASILICA1 , D, 0, 0, 0, 0, 0, 0, 0.02, 0.18, 0.64, 0.78, 0.62, 0.8, 0.89, 0.66, 0.39, 0.35, 0.24, 0.02, 0, 0, 0, 0, 0, 0
GDBASILICA1 , INVD, 5, 5, 5, 5, 5, 5, 5, 5, 5, 5, 5, 5, 5, 5, 5, 5, 5, 5, 5, 5, 5, 5, 5, 5
GDBOCASDELPALO1 , D, 0, 0, 0, 0, 0, 0, 0, 0.1, 0.1, 0.1, 0.1, 0.1, 0.1, 0.1, 0.1, 0.1, 0, 0, 0, 0, 0, 0, 0, 0
GDBOCASDELPALO1 , INVD, 1, 1, 1, 1, 1, 1, 1, 1, 1, 1, 1, 1, 1, 1, 1, 1, 1, 1, 1, 1, 1, 1, 1, 1
GDCHICORAL1 , D, 0, 0, 0, 0, 0, 0, 0.01, 0.12, 0.35, 0.33, 0.28, 0.41, 0.27, 0.33, 0.4, 0.3, 0.19, 0.06, 0, 0, 0, 0, 0, 0
GDCHICORAL1 , INVD, 5, 5, 5, 5, 5, 5, 5, 5, 5, 5, 5, 5, 5, 5, 5, 5, 5, 5, 5, 5, 5, 5, 5, 5
GDCHIMBI1 , D, 0, 0, 0, 0, 0, 0, 0.05, 0.31, 0.44, 0.43, 0.44, 0.36, 0.42, 0.43, 0.59, 0.48, 0.23, 0.03, 0, 0, 0, 0, 0, 0
GDCHIMBI1 , INVD, 5, 5, 5, 5, 5, 5, 5, 5, 5, 5, 5, 5, 5, 5, 5, 5, 5, 5, 5, 5, 5, 5, 5, 5
GDELBANCO1 , D, 0, 0, 0, 0, 0, 0, 0.03, 0.11, 0.36, 0.77, 0.89, 0.79, 0.92, 0.87, 0.76, 0.58, 0.3, 0.04, 0, 0, 0, 0, 0, 0
GDELBANCO1 , INVD, 5, 5, 5, 5, 5, 5, 5, 5, 5, 5, 5, 5, 5, 5, 5, 5, 5, 5, 5, 5, 5, 5, 5, 5
GDLAHONDA1 , D, 0, 0, 0, 0, 0, 0, 0.03, 0.18, 0.59, 0.79, 0.92, 0.93, 0.96, 0.93, 0.81, 0.62, 0.35, 0.08, 0, 0, 0, 0, 0, 0
GDLAHONDA1 , INVD, 5, 5, 5, 5, 5, 5, 5, 5, 5, 5, 5, 5, 5, 5, 5, 5, 5, 5, 5, 5, 5, 5, 5, 5
GDLAURIBE1 , D, 0, 0, 0, 0, 0, 0, 0.01, 0.13, 0.32, 0.46, 0.55, 0.45, 0.55, 0.45, 0.47, 0.32, 0.24, 0.05, 0, 0, 0, 0, 0, 0
GDLAURIBE1 , INVD, 3, 3, 3, 3, 3, 3, 3, 3, 3, 3, 3, 3, 3, 3, 3, 3, 3, 3, 3, 3, 3, 3, 3, 3
GDLOSCHORROS1 , D, 0, 0, 0, 0, 0, 0, 0.04, 0.17, 0.31, 0.34, 0.24, 0.23, 0.38, 0.33, 0.26, 0.23, 0.14, 0.02, 0, 0, 0, 0, 0, 0
GDLOSCHORROS1 , INVD, 3, 3, 3, 3, 3, 3, 3, 3, 3, 3, 3, 3, 3, 3, 3, 3, 3, 3, 3, 3, 3, 3, 3, 3
GDPALERMO1 , D, 0, 0, 0, 0, 0, 0, 0.07, 0.27, 0.53, 0.53, 0.41, 0.42, 0.6, 0.5, 0.49, 0.42, 0.24, 0.05, 0, 0, 0, 0, 0, 0
GDPALERMO1 , INVD, 5, 5, 5, 5, 5, 5, 5, 5, 5, 5, 5, 5, 5, 5, 5, 5, 5, 5, 5, 5, 5, 5, 5, 5
GRPARQUESOLARTUCANES1 , D, 0, 0, 0, 0, 0, 0, 0, 3, 5, 6, 4, 6, 7, 8, 8, 8, 6, 2, 0, 0, 0, 0, 0, 0
GRPARQUESOLARTUCANES1 , INVD, 8, 8, 8, 8, 8, 8, 8, 8, 8, 8, 8, 8, 8, 8, 8, 8, 8, 8, 8, 8, 8, 8, 8, 8
GRANJASOLARFLANDES1 , D, 0, 0, 0, 0, 0, 0, 1, 12, 19, 18, 18, 16, 17, 17, 17, 7, 6, 0, 0, 0, 0, 0, 0, 0
GRANJASOLARFLANDES1 , INVD, 108, 108, 108, 108, 108, 108, 108, 108, 108, 108, 108, 108, 108, 108, 108, 108, 108, 108, 108, 108, 108, 108, 108, 108
GRANJASOLARLANCEROS1 , D, 0, 0, 0, 0, 0, 0, 0, 3, 5, 6, 7, 7, 7, 7, 6, 3, 1, 0, 0, 0, 0, 0, 0, 0
GRANJASOLARLANCEROS1 , INVD, 49, 49, 49, 49, 49, 49, 49, 49, 49, 49, 49, 49, 49, 49, 49, 49, 49, 49, 49, 49, 49, 49, 49, 49
GRANJASOLARSANFELIPE1 , D, 0, 0, 0, 0, 0, 0, 0, 1, 4, 8, 9, 8, 9, 9, 8, 6, 3, 0, 0, 0, 0, 0, 0, 0
GRANJASOLARSANFELIPE1 , INVD, 49, 49, 49, 49, 49, 49, 49, 49, 49, 49, 49, 49, 49, 49, 49, 49, 49, 49, 49, 49, 49, 49, 49, 49
HIDROMONTAÑITAS1 , D, 9, 9, 9, 9, 9, 9, 9, 9, 9, 9, 9, 9, 9, 9, 9, 9, 9, 9, 9, 9, 9, 9, 9, 9
HIDROMONTAÑITAS2 , D, 9, 9, 9, 9, 9, 9, 9, 9, 9, 9, 9, 9, 9, 9, 9, 9, 9, 9, 9, 9, 9, 9, 9, 9
INGENIOSANCARLOS1 , D, 0, 0, 0, 0, 0, 1, 1, 0, 0, 0, 1, 1, 1, 1, 1, 0, 1, 0, 0, 0, 1, 1, 2, 1
LAMEDINA1 , D, 0, 0, 0, 0, 0, 0, 0, 3, 5, 5, 5, 5, 8, 7, 6, 4, 1, 0, 0, 0, 0, 0, 0, 0
LAMEDINA1 , INVD, 8, 8, 8, 8, 8, 8, 8, 8, 8, 8, 8, 8, 8, 8, 8, 8, 8, 8, 8, 8, 8, 8, 8, 8
LOSCABALLEROS1 , D, 0, 0, 0, 0, 0, 0, 0, 3, 5, 5, 5, 5, 8, 7, 6, 4, 1, 0, 0, 0, 0, 0, 0, 0
LOSCABALLEROS1 , INVD, 8, 8, 8, 8, 8, 8, 8, 8, 8, 8, 8, 8, 8, 8, 8, 8, 8, 8, 8, 8, 8, 8, 8, 8
MAYAGUEZ1 , D, 19, 19, 19, 19, 19, 19, 19, 19, 19, 19, 19, 18, 19, 19, 19, 19, 19, 19, 19, 19, 19, 19, 19, 19
MERILECTRICA1 , P, 977630
MERILECTRICA1 , C, GAS
MERILECTRICA1 , PAPF02, 144890527
MERILECTRICA1 , PAPT02, 144890527
MERILECTRICA1 , PAPC02, 144890527
MERILECTRICA1 , PAPUSDF02, 35824
MERILECTRICA1 , PAPUSDT02, 35824
MERILECTRICA1 , PAPUSDC02, 35824
MERILECTRICA1 , CONF, 1
MERILECTRICA1 , D, 164, 164, 164, 164, 164, 164, 164, 164, 164, 164, 164, 164, 164, 164, 164, 164, 164, 164, 164, 164, 164, 164, 164, 164
MONTELIBANO1 , D, 0, 0, 0, 0, 0, 0, 0, 0, 3, 5, 6, 7, 9, 7, 5, 5, 4, 1, 0, 0, 0, 0, 0, 0
MONTELIBANO1 , INVD, 8, 8, 8, 8, 8, 8, 8, 8, 8, 8, 8, 8, 8, 8, 8, 8, 8, 8, 8, 8, 8, 8, 8, 8
NIMA1 , D, 3, 3, 3, 3, 3, 3, 3, 3, 3, 5, 6, 6, 6, 6, 6, 6, 6, 6, 5, 5, 5, 5, 5, 5
PARQUEEOLICOCARRETO1 , D, 0, 0, 0, 0, 0, 0, 0, 0, 0, 0, 0, 0, 0, 0, 0, 0, 0, 0, 0, 0, 0, 0, 0, 0
PARQUEEOLICOCARRETO1 , INVD, 1, 1, 1, 1, 1, 1, 1, 1, 1, 1, 1, 1, 1, 1, 1, 1, 1, 1, 1, 1, 1, 1, 1, 1
PETALODELMAGDALENA1 , D, 0, 0, 0, 0, 0, 0, 0, 2, 5, 6, 6, 4, 4, 5, 5, 4, 5, 1, 0, 0, 0, 0, 0, 0
PETALODELMAGDALENA1 , INVD, 8, 8, 8, 8, 8, 8, 8, 8, 8, 8, 8, 8, 8, 8, 8, 8, 8, 8, 8, 8, 8, 8, 8, 8
PRADO , P, 290000
PRADO1 , D, 16, 16, 16, 16, 16, 16, 16, 16, 16, 16, 16, 16, 16, 16, 16, 16, 16, 16, 16, 16, 16, 16, 16, 16
PRADO2 , D, 16, 16, 16, 16, 16, 16, 16, 16, 16, 16, 16, 16, 16, 16, 16, 16, 16, 16, 16, 16, 16, 16, 16, 16
PRADO3 , D, 16, 16, 16, 16, 16, 16, 16, 16, 16, 16, 16, 16, 16, 16, 16, 16, 16, 16, 16, 16, 16, 16, 16, 16
PRADO4 , D, 5, 5, 5, 5, 5, 5, 5, 5, 5, 5, 5, 5, 5, 5, 5, 5, 5, 5, 5, 5, 5, 5, 5, 5
RIOCALI1 , D, 0, 0, 0, 0, 0, 0, 0, 0, 0, 0, 0, 0, 0, 0, 0, 0, 0, 0, 0, 0, 0, 0, 0, 0
RIOCALI2 , D, 0, 0, 0, 0, 0, 0, 0, 0, 0, 0, 0, 0, 0, 0, 0, 0, 0, 0, 0, 0, 0, 0, 0, 0
RIOPIEDRAS1 , D, 6, 6, 6, 6, 6, 6, 6, 6, 6, 6, 6, 6, 6, 6, 6, 6, 6, 6, 6, 6, 6, 6, 6, 6
RIOPIEDRAS2 , D, 6, 6, 6, 6, 6, 6, 6, 6, 6, 6, 6, 6, 6, 6, 6, 6, 6, 6, 6, 6, 6, 6, 6, 6
SALVAJINA , P, 289000
SALVAJINA , MO, 219, 124, 124, 124, 124, 219, 219, 219, 219, 219, 219, 219, 219, 219, 219, 219, 219, 219, 219, 219, 219, 219, 219, 219
SALVAJINA1 , D, 124, 124, 124, 124, 124, 124, 124, 124, 124, 124, 124, 124, 124, 124, 124, 124, 124, 124, 124, 124, 124, 124, 124, 124
SALVAJINA2 , D, 0, 0, 0, 0, 0, 0, 0, 0, 0, 0, 0, 0, 0, 0, 0, 0, 0, 0, 0, 0, 0, 0, 0, 0
SALVAJINA3 , D, 95, 95, 95, 95, 95, 95, 95, 95, 95, 95, 95, 95, 95, 95, 95, 95, 95, 95, 95, 95, 95, 95, 95, 95
SANANDRESDECUERQUIA1 , D, 7, 2, 2, 2, 2, 2, 2, 2, 2, 2, 2, 2, 7, 7, 7, 7, 7, 7, 7, 7, 7, 7, 7, 7
SANANDRESDECUERQUIA2 , D, 7, 2, 2, 2, 2, 2, 2, 2, 2, 2, 2, 2, 7, 7, 7, 7, 7, 7, 7, 7, 7, 7, 7, 7
SINCE1 , D, 0, 0, 0, 0, 0, 0, 0, 4, 11, 17, 18, 18, 18, 18, 18, 17, 12, 2, 0, 0, 0, 0, 0, 0
SINCE1 , INVD, 99, 99, 99, 99, 99, 99, 99, 99, 99, 99, 99, 99, 99, 99, 99, 99, 99, 99, 99, 99, 99, 99, 99, 99
SOLARPALMASECAI1 , D, 0, 0, 0, 0, 0, 0, 0, 0, 0, 0, 0, 0, 0, 0, 0, 0, 0, 0, 0, 0, 0, 0, 0, 0
SOLARPALMASECAI1 , INVD, 4, 4, 4, 4, 4, 4, 4, 4, 4, 4, 4, 4, 4, 4, 4, 4, 4, 4, 4, 4, 4, 4, 4, 4
SOLARPLANETARICA1 , D, 0, 0, 0, 0, 0, 0, 0, 0, 4, 8, 12, 14, 16, 15, 16, 14, 5, 2, 0, 0, 0, 0, 0, 0
SOLARPLANETARICA1 , INVD, 6, 6, 6, 6, 6, 6, 6, 6, 6, 6, 6, 6, 6, 6, 6, 6, 6, 6, 6, 6, 6, 6, 6, 6
TESORITO , P, 853121
TESORITO , C, GAS
TESORITO1 , PAPC02, 218404
TESORITO1 , PAPT02, 218404
TESORITO1 , PAPF02, 218404
TESORITO2 , PAPF02, 218404
TESORITO2 , PAPT02, 218404
TESORITO2 , PAPC02, 218404
TESORITO3 , PAPC02, 218404
TESORITO3 , PAPT02, 218404
TESORITO3 , PAPF02, 218404
TESORITO4 , PAPC02, 218404
TESORITO4 , PAPT02, 218404
TESORITO4 , PAPF02, 218404
TESORITO5 , PAPC02, 218404
TESORITO5 , PAPT02, 218404
TESORITO5 , PAPF02, 218404
TESORITO6 , PAPC02, 218404
TESORITO6 , PAPF02, 218404
TESORITO6 , PAPT02, 218404
TESORITO7 , PAPF02, 218404
TESORITO7 , PAPT02, 218404
TESORITO7 , PAPC02, 218404
TESORITO8 , PAPF02, 218404
TESORITO8 , PAPC02, 218404
TESORITO8 , PAPT02, 218404
TESORITO9 , PAPC02, 218404
TESORITO9 , PAPF02, 218404
TESORITO9 , PAPT02, 218404
TESORITO10 , PAPF02, 218404
TESORITO10 , PAPC02, 218404
TESORITO10 , PAPT02, 218404
TESORITO11 , PAPC02, 218404
TESORITO11 , PAPF02, 218404
TESORITO11 , PAPT02, 218404
TESORITO1 , PAPUSDC02, 54
TESORITO1 , PAPUSDT02, 54
TESORITO1 , PAPUSDF02, 54
TESORITO2 , PAPUSDF02, 54
TESORITO2 , PAPUSDT02, 54
TESORITO2 , PAPUSDC02, 54
TESORITO3 , PAPUSDC02, 54
TESORITO3 , PAPUSDT02, 54
TESORITO3 , PAPUSDF02, 54
TESORITO4 , PAPUSDC02, 54
TESORITO4 , PAPUSDT02, 54
TESORITO4 , PAPUSDF02, 54
TESORITO5 , PAPUSDC02, 54
TESORITO5 , PAPUSDT02, 54
TESORITO5 , PAPUSDF02, 54
TESORITO6 , PAPUSDC02, 54
TESORITO6 , PAPUSDF02, 54
TESORITO6 , PAPUSDT02, 54
TESORITO7 , PAPUSDF02, 54
TESORITO7 , PAPUSDT02, 54
TESORITO7 , PAPUSDC02, 54
TESORITO8 , PAPUSDF02, 54
TESORITO8 , PAPUSDC02, 54
TESORITO8 , PAPUSDT02, 54
TESORITO9 , PAPUSDC02, 54
TESORITO9 , PAPUSDF02, 54
TESORITO9 , PAPUSDT02, 54
TESORITO10 , PAPUSDF02, 54
TESORITO10 , PAPUSDC02, 54
TESORITO10 , PAPUSDT02, 54
TESORITO11 , PAPUSDC02, 54
TESORITO11 , PAPUSDF02, 54
TESORITO11 , PAPUSDT02, 54
TESORITO , CONF, 1
TESORITO1 , D, 18, 18, 18, 18, 18, 18, 18, 18, 18, 18, 18, 18, 18, 18, 18, 18, 18, 18, 18, 18, 18, 18, 18, 18
TESORITO2 , D, 18, 18, 18, 18, 18, 18, 18, 18, 18, 18, 18, 18, 18, 18, 18, 18, 18, 18, 18, 18, 18, 18, 18, 18
TESORITO3 , D, 18, 18, 18, 18, 18, 18, 18, 18, 18, 18, 18, 18, 18, 18, 18, 18, 18, 18, 18, 18, 18, 18, 18, 18
TESORITO4 , D, 18, 18, 18, 18, 18, 18, 18, 18, 18, 18, 18, 18, 18, 18, 18, 18, 18, 18, 18, 18, 18, 18, 18, 18
TESORITO5 , D, 18, 18, 18, 18, 18, 18, 18, 18, 18, 18, 18, 18, 18, 18, 18, 18, 18, 18, 18, 18, 18, 18, 18, 18
TESORITO6 , D, 18, 18, 18, 18, 18, 18, 18, 18, 18, 18, 18, 18, 18, 18, 18, 18, 18, 18, 18, 18, 18, 18, 18, 18
TESORITO7 , D, 18, 18, 18, 18, 18, 18, 18, 18, 18, 18, 18, 18, 18, 18, 18, 18, 18, 18, 18, 18, 18, 18, 18, 18
TESORITO8 , D, 18, 18, 18, 18, 18, 18, 18, 18, 18, 18, 18, 18, 18, 18, 18, 18, 18, 18, 18, 18, 18, 18, 18, 18
TESORITO9 , D, 18, 18, 18, 18, 18, 18, 18, 18, 18, 18, 18, 18, 18, 18, 18, 18, 18, 18, 18, 18, 18, 18, 18, 18
TESORITO10 , D, 19, 19, 19, 19, 19, 19, 19, 19, 19, 19, 19, 19, 19, 19, 19, 19, 19, 19, 19, 19, 19, 19, 19, 19
TESORITO11 , D, 19, 19, 19, 19, 19, 19, 19, 19, 19, 19, 19, 19, 19, 19, 19, 19, 19, 19, 19, 19, 19, 19, 19, 19


AGENTE: CEMEX ENERGY
SUEVA21 , D, 1.2, 1.2, 1.2, 1.2, 1.2, 1.2, 1.2, 1.2, 1.2, 1.2, 1.2, 1.2, 1.2, 1.2, 1.2, 1.2, 1.2, 1.2, 1.2, 1.2, 1.2, 1.2, 1.2, 6


AGENTE: CH TZ II
TZII1 , D, 6.5, 6.5, 6.5, 6.5, 6.5, 6.5, 6.5, 6.5, 6.5, 6.5, 6.5, 6.5, 6.5, 6.5, 6.5, 6.5, 6.5, 6.5, 6.5, 6.5, 6.5, 6.5, 6.5, 6.5
TZII2 , D, 3.3, 3.3, 3.3, 3.3, 3.3, 3.3, 3.3, 3.3, 3.3, 3.3, 3.3, 3.3, 3.3, 3.3, 3.3, 3.3, 3.3, 3.3, 3.3, 3.3, 3.3, 3.3, 3.5, 3.5


AGENTE: TERMOCARTAGENA
ROVIRA1 , D, 0, 0, 0, 0, 0, 0.32, 1.6, 2.24, 2.7, 3, 3.1, 3.1, 2.5, 2.17, 2, 1.26, 0.21, 0.14, 0, 0, 0, 0, 0, 0
ROVIRA1 , INVD, 9, 9, 9, 9, 9, 9, 9, 9, 9, 9, 9, 9, 9, 9, 9, 9, 9, 9, 9, 9, 9, 9, 9, 9


AGENTE: CEDENAR
RIOBOBO1 , D, 2, 2, 2, 2, 2, 2, 2, 2, 2, 2, 2, 2, 2, 2, 2, 2, 2, 2, 2, 2, 2, 2, 2, 2
RIOMAYO1 , D, 6.6, 6.6, 6.6, 6.6, 6.6, 6.6, 6.6, 6.6, 6.6, 6.6, 6.6, 6, 0, 0, 0, 0, 0, 0, 6, 6.6, 6.6, 6.6, 6.6, 6.6
RIOMAYO2 , D, 6.6, 6.6, 6.6, 6.6, 6.6, 6.6, 6.6, 6.6, 6.6, 6.6, 6.6, 6, 0, 0, 0, 0, 6, 6.6, 6.6, 6.6, 6.6, 6.6, 6.6, 6.6
RIOMAYO3 , D, 6.6, 6.6, 6.6, 6.6, 6.6, 6.6, 6.6, 6.6, 6.6, 6.6, 6.6, 6.6, 6.6, 6.6, 6.6, 6.6, 6.6, 6.6, 6.6, 6.6, 6.6, 6.6, 6.6, 6.6
RIOSAPUYES1 , D, 1.2, 1.2, 1.2, 1.2, 1.2, 1.2, 1.2, 1.2, 1.2, 1.2, 1.2, 1.2, 1.2, 1.2, 1.2, 1.2, 1.2, 1.2, 1.2, 1.2, 1.2, 1.2, 1.2, 1.2


AGENTE: CES
PAIPA4 , P, 249198
PAIPA4 , C, CARBON
PAIPA4 , PAPF01, 87612176
PAIPA4 , PAPT01, 54204523
PAIPA4 , PAPC01, 37500697
PAIPA4 , PAPUSDF01, 21662
PAIPA4 , PAPUSDT01, 13402
PAIPA4 , PAPUSDC01, 9272
PAIPA4 , CONF, 1
PAIPA4 , D, 165, 165, 165, 165, 165, 165, 165, 165, 165, 165, 165, 165, 165, 165, 165, 165, 165, 165, 165, 165, 165, 165, 165, 165


AGENTE: CHC S.A.S. E.S.P.
MAGALLO1 , D, 5.1, 5.1, 5.1, 5.1, 5.1, 5.1, 5.1, 5.1, 5.1, 5.1, 5.1, 5.1, 5.1, 5.1, 5.1, 5.1, 5.1, 5.1, 5.1, 5.1, 5.1, 5.1, 5.1, 5.1


AGENTE: CHZ S.A.S. E.S.P. 
ZEUS1 , D, 3.5, 3.5, 3.5, 3.5, 3.5, 3.5, 3.5, 3.5, 3.5, 3.5, 3.5, 3.5, 3.5, 3.5, 3.5, 3.5, 3.5, 3.5, 3.5, 3.5, 3.5, 3.5, 3.5, 3.5
ZEUS2 , D, 3.5, 3.5, 3.5, 3.5, 3.5, 3.5, 3.5, 3.5, 3.5, 3.5, 3.5, 3.5, 3.5, 3.5, 3.5, 3.5, 3.5, 3.5, 3.5, 3.5, 3.5, 3.5, 3.5, 3.5


AGENTE: COENERGIA
GDBLANCAENERGYII1 , D, 0, 0, 0, 0, 0, 0, 0.02, 0.01, 0.02, 0.05, 0.09, 0.1, 0.1, 0.09, 0.08, 0.05, 0.02, 0.01, 0, 0, 0, 0, 0, 0
GDBLANCAENERGYII1 , INVD, 1, 1, 1, 1, 1, 1, 1, 1, 1, 1, 1, 1, 1, 1, 1, 1, 1, 1, 1, 1, 1, 1, 1, 1


AGENTE: COMERCIALIZADORA 4G
AUTOGUNIBOL1 , D, 0, 0, 0, 0, 0, 0, 0, 0, 0, 0, 0, 0, 0, 0, 0, 0, 0, 0, 0, 0, 0, 0, 0, 0


AGENTE: CETSA(TULUA)
RIOFRIOI1 , D, 1, 1, 1, 1, 1, 1, 1, 1, 1, 1, 1, 1, 1, 1, 1, 1, 1, 1, 1, 1, 1, 1, 1, 1
RIOFRIOII1 , D, 2, 2, 2, 2, 2, 2, 2, 2, 2, 2, 2, 2, 2, 2, 2, 2, 2, 2, 2, 2, 2, 2, 2, 2
RIOFRIOII2 , D, 5, 5, 5, 5, 5, 5, 5, 5, 5, 4, 4, 4, 4, 4, 4, 4, 4, 4, 4, 4, 4, 5, 5, 5
RUMOR1 , D, 1, 1, 1, 1, 1, 1, 1, 2, 2, 2, 1, 1, 1, 1, 1, 1, 1, 1, 1, 1, 1, 1, 1, 1


AGENTE: CINERGIC SAS ESP
REMEDIOS1 , D, 0.65, 0.65, 0.65, 0.66, 0.66, 0.66, 0.66, 0.65, 0.65, 0.65, 0.65, 0.66, 0.66, 0.66, 0.66, 0.66, 0.66, 0.66, 0.66, 0.66, 0.66, 0.66, 0.66, 0.65


AGENTE: DEPI ENERGY
AUTOGCOCA-COLAFEMSA1 , D, 0.4, 0.4, 0.4, 0.4, 0.4, 0.4, 0.4, 0.4, 0.4, 0.4, 0.4, 0.4, 0.4, 0.4, 0.4, 0.4, 0.4, 0.4, 0.4, 0.4, 0.4, 0.4, 0.4, 0.4
AUTOGINGENIOCARMELITA1 , D, 0.5, 0.5, 0.5, 0.5, 0.5, 0.5, 0.5, 0.5, 0.5, 0.5, 0.5, 0.5, 0.5, 0.5, 0.5, 0.5, 0.5, 0.5, 0.5, 0.5, 0.5, 0.5, 0.5, 0.5
AUTOGINGENIOMARIALUISA1 , D, 0.2, 0.2, 0.2, 0.2, 0.2, 0.2, 0.2, 0.2, 0.2, 0.2, 0.2, 0.2, 0.2, 0.2, 0.2, 0.2, 0.2, 0.2, 0.2, 0.2, 0.2, 0.2, 0.2, 0.2


AGENTE: DRUMMOND
POWERPLANTDRUMMOND1 , D, 5, 5, 5, 5, 5, 5, 5, 5, 5, 5, 5, 5, 5, 5, 5, 5, 5, 5, 5, 5, 5, 5, 5, 5


AGENTE: ECOARDOBELA
SOLARARDOBELAI1 , D, 0, 0, 0, 0, 0, 0, 1, 3, 5, 7, 8, 8, 7, 5, 4, 3, 2, 1, 0, 0, 0, 0, 0, 0
SOLARARDOBELAI1 , INVD, 36, 36, 36, 36, 36, 36, 36, 36, 36, 36, 36, 36, 36, 36, 36, 36, 36, 36, 36, 36, 36, 36, 36, 36
SOLARARDOBELAII1 , D, 0, 0, 0, 0, 0, 0, 1, 3, 5, 7, 8, 8, 7, 5, 4, 3, 2, 1, 0, 0, 0, 0, 0, 0
SOLARARDOBELAII1 , INVD, 36, 36, 36, 36, 36, 36, 36, 36, 36, 36, 36, 36, 36, 36, 36, 36, 36, 36, 36, 36, 36, 36, 36, 36


AGENTE: EEP
BELMONTE1 , D, 3, 3, 3, 3, 3, 3, 3, 3, 3, 3, 3, 3, 3, 3, 3, 3, 3, 3, 3, 3, 3, 3, 3, 3
COGENERADORMANUELITA2 , D, 8.6, 8.6, 8.6, 8.6, 8.6, 8.6, 8.6, 8.6, 8.6, 8.6, 8.6, 8.6, 8.6, 8.6, 8.6, 8.6, 8.6, 8.6, 8.6, 8.6, 8.6, 8.6, 8.6, 8.6
GRANJASOLARBELMONTE1 , D, 0, 0, 0, 0, 0, 0, 0.07, 0.51, 0.94, 1.66, 2.26, 2.41, 3.01, 2.23, 1.71, 0.79, 0.43, 0.09, 0, 0, 0, 0, 0, 0
GRANJASOLARBELMONTE1 , INVD, 37, 37, 37, 37, 37, 37, 37, 37, 37, 37, 37, 37, 37, 37, 37, 37, 37, 37, 37, 37, 37, 37, 37, 37
NUEVOLIBARE1 , D, 0, 0, 0, 0, 0, 0, 0, 0, 0, 0, 0, 0, 0, 0, 0, 0, 0, 0, 0, 0, 0, 0, 0, 0


AGENTE: EMSA(META)
AUTOGYAGUARITO1 , D, 0, 0, 0, 0, 0, 0, 0, 0, 0, 0, 0, 0, 0, 0, 0, 0, 0, 0, 0, 0, 0, 0, 0, 0
GDSANMARTIN1 , D, 0, 0, 0, 0, 0, 0, 0.03, 0.17, 0.3, 0.45, 0.5, 0.44, 0.5, 0.35, 0.25, 0.33, 0.17, 0.04, 0, 0, 0, 0, 0, 0
GDSANMARTIN1 , INVD, 3, 3, 3, 3, 3, 3, 3, 3, 3, 3, 3, 3, 3, 3, 3, 3, 3, 3, 3, 3, 3, 3, 3, 3
GDSANMARTINII1 , D, 0, 0, 0, 0, 0, 0, 0.02, 0.17, 0.3, 0.45, 0.5, 0.5, 0.5, 0.35, 0.25, 0.33, 0.17, 0.04, 0, 0, 0, 0, 0, 0
GDSANMARTINII1 , INVD, 3, 3, 3, 3, 3, 3, 3, 3, 3, 3, 3, 3, 3, 3, 3, 3, 3, 3, 3, 3, 3, 3, 3, 3
GDSANMARTINIII1 , D, 0, 0, 0, 0, 0, 0, 0.02, 0.17, 0.3, 0.45, 0.5, 0.5, 0.5, 0.35, 0.25, 0.2, 0.15, 0.04, 0, 0, 0, 0, 0, 0
GDSANMARTINIII1 , INVD, 3, 3, 3, 3, 3, 3, 3, 3, 3, 3, 3, 3, 3, 3, 3, 3, 3, 3, 3, 3, 3, 3, 3, 3


AGENTE: ELECTROHUILA
IQUIRAI1 , D, 0, 0, 0, 0, 0, 0, 0, 0, 0, 0, 0, 0, 0, 0, 0, 0, 0, 0, 0, 0, 0, 0, 0, 0
IQUIRAII1 , D, 0, 0, 0, 0, 0, 0, 0, 0, 0, 0, 0, 0, 0, 0, 0, 0, 0, 0, 0, 0, 0, 0, 0, 0
LAPITA1 , D, 1, 1, 1, 1, 1, 1, 1, 1, 1, 1, 1, 1, 1, 1, 1, 1, 1, 1, 1, 1, 1, 1, 1, 1


AGENTE: ELEFI SAS ESP
GDDIOCESISDERIOHACHA1 , D, 0, 0, 0, 0, 0, 0, 0.01, 0.03, 0.06, 0.08, 0.09, 0.11, 0.11, 0.1, 0.09, 0.05, 0.03, 0.01, 0, 0, 0, 0, 0, 0
GDDIOCESISDERIOHACHA1 , INVD, 2, 2, 2, 2, 2, 2, 2, 2, 2, 2, 2, 2, 2, 2, 2, 2, 2, 2, 2, 2, 2, 2, 2, 2


AGENTE: EBSA  (BOYACA)
HELIOSI1 , D, 0, 0, 0, 0, 0, 0, 1.3, 2.5, 5.1, 5.1, 8.5, 11.1, 6.1, 7.09, 5.2, 2.65, 0.7, 0, 0, 0, 0, 0, 0, 0
HELIOSI1 , INVD, 91, 91, 91, 91, 91, 91, 91, 91, 91, 91, 91, 91, 91, 91, 91, 91, 91, 91, 91, 91, 91, 91, 91, 91


AGENTE: PUTUMAYO
GDGRANJALARUBIELA1 , D, 0, 0, 0, 0, 0, 0, 0.05, 0.2, 0.42, 0.49, 0.61, 0.71, 0.64, 0.6, 0.47, 0.42, 0.25, 0.08, 0, 0, 0, 0, 0, 0
GDGRANJALARUBIELA1 , INVD, 3, 3, 3, 3, 3, 3, 3, 3, 3, 3, 3, 3, 3, 3, 3, 3, 3, 3, 3, 3, 3, 3, 3, 3


AGENTE: GENMAS S.A. E.S.P.
JUANGARCIA1 , D, 1.9, 1.9, 1.9, 1.9, 1.9, 1.9, 1.9, 1.9, 1.9, 1.9, 1.9, 1.9, 1.9, 1.9, 1.9, 1.9, 1.9, 1.9, 1.9, 1.9, 1.9, 1.9, 1.9, 1.9
JUANGARCIA2 , D, 1.9, 1.9, 1.9, 1.9, 1.9, 1.9, 1.9, 1.9, 1.9, 1.9, 1.9, 1.9, 1.9, 1.9, 1.9, 1.9, 1.9, 1.9, 1.9, 1.9, 1.9, 1.9, 1.9, 1.9
LACASCADA(ABEJORRAL)1 , D, 3, 3, 3, 3, 3, 3, 3, 3, 3, 3, 3, 3, 3, 3, 3, 3, 3, 3, 3, 3, 3, 3, 3, 3
SANJOSEDELAMONTAÑA1 , D, 0, 0, 0, 0, 0, 0, 0, 0, 0, 0, 0, 0, 0, 0, 0, 0, 0, 0, 0, 0, 0, 0, 0, 0
SANJOSEDELAMONTAÑAII1 , D, 0.9, 0.9, 0.9, 0.9, 0.9, 0.9, 0.9, 0.9, 0.9, 0.9, 0.9, 0.9, 0.9, 0.9, 0.9, 0.9, 0.9, 0.9, 0.9, 0.9, 0.9, 0.9, 0.9, 0.9
SANTARITA1 , D, 1.1, 1.1, 1.1, 1.1, 1.1, 1.1, 1.1, 1.1, 1.1, 1.1, 1.1, 1.1, 1.1, 1.1, 1.1, 1.1, 1.1, 1.1, 1.1, 1.1, 1.1, 1.1, 1.1, 1.1


AGENTE: EGECOL S.A. E.S.P.
PCHLALIBERTAD1 , D, 0.21, 0.21, 0.21, 0.21, 0.21, 0.21, 0.21, 0.21, 0.21, 0.21, 0.21, 0.21, 0.21, 0.21, 0.21, 0.21, 0.21, 0.21, 0.21, 0.21, 0.21, 0.21, 0.21, 0.21


AGENTE: EMEE(POPAYAN)
COCONUCO1 , D, 2.8, 2.8, 2.8, 2.8, 2.8, 2.8, 2.6, 2.6, 2.6, 2.6, 2.7, 2.7, 2.7, 2.7, 2.4, 2.4, 2.4, 2.4, 2.7, 2.8, 2.7, 2.7, 2.7, 2.7


AGENTE: EMCA
BAYONA1 , D, 0, 0, 0, 0, 0, 0, 0, 0, 0, 0, 0, 0, 0, 0, 0, 0, 0, 0, 0, 0, 0, 0, 0, 0
CAMPESTRE(CALARCA)1 , D, 0, 0, 0, 0, 0, 0, 0, 0, 0, 0, 0, 0, 0, 0, 0, 0, 0, 0, 0, 0, 0, 0, 0, 0
UNION1 , D, 0.6, 0.6, 0.6, 0.6, 0.6, 0.6, 0.6, 0.6, 0.6, 0.6, 0.6, 0.6, 0.6, 0.6, 0.6, 0.6, 0.6, 0.6, 0.6, 0.6, 0.6, 0.6, 0.6, 0


AGENTE: ENEL
AUTOGCORONASOPO1 , D, 0, 0, 0, 0, 0, 0, 0.14, 0.34, 0.88, 1.21, 1.76, 1.01, 1.19, 0.81, 0.14, 0.02, 0, 0, 0, 0, 0, 0, 0, 0
AUTOGCORONASOPO1 , INVD, 27, 27, 27, 27, 27, 27, 27, 27, 27, 27, 27, 27, 27, 27, 27, 27, 27, 27, 27, 27, 27, 27, 27, 27
AUTOGMILPASANCARLOS1 , D, 0, 0, 0, 0, 0, 0, 0, 0.1, 0.1, 0.3, 0.2, 0.2, 0.3, 0.3, 0.3, 0.1, 0.1, 0, 0, 0, 0, 0, 0, 0
AUTOGMILPASANCARLOS1 , INVD, 6, 6, 6, 6, 6, 6, 6, 6, 6, 6, 6, 6, 6, 6, 6, 6, 6, 6, 6, 6, 6, 6, 6, 6
AUTOGUNIMINAS1 , D, 0, 0, 0, 0, 0, 0, 0, 0, 0, 0.1, 0.1, 0.1, 0.1, 0.1, 0.1, 0, 0, 0, 0, 0, 0, 0, 0, 0
AUTOGUNIMINAS1 , INVD, 6, 6, 6, 6, 6, 6, 6, 6, 6, 6, 6, 6, 6, 6, 6, 6, 6, 6, 6, 6, 6, 6, 6, 6
BETANIA , P, 370000
BETANIA , MO, 60, 60, 60, 60, 60, 60, 60, 60, 60, 60, 60, 60, 60, 60, 60, 60, 60, 60, 60, 60, 60, 60, 60, 60
BETANIA1 , D, 165, 165, 165, 165, 165, 165, 165, 165, 165, 165, 165, 165, 165, 165, 165, 165, 165, 165, 165, 165, 165, 165, 165, 165
BETANIA2 , D, 165, 165, 165, 165, 165, 165, 165, 165, 165, 165, 165, 165, 165, 165, 165, 165, 165, 165, 165, 165, 165, 165, 165, 165
BETANIA3 , D, 165, 165, 165, 165, 165, 165, 165, 165, 165, 165, 165, 165, 165, 165, 165, 165, 165, 165, 165, 165, 165, 165, 165, 165
CHARQUITO1 , D, 19, 19, 19, 19, 19, 19, 19, 19, 19, 19, 19, 19, 19, 19, 19, 19, 19, 19, 19, 19, 19, 19, 19, 19
DARIOVALENCIASAMPER , P, 102600
DARIOVALENCIASAMPER1 , D, 50, 50, 50, 50, 50, 50, 50, 50, 50, 50, 50, 50, 50, 50, 50, 50, 50, 50, 50, 50, 50, 50, 50, 50
DARIOVALENCIASAMPER2 , D, 50, 50, 50, 50, 50, 50, 50, 50, 50, 50, 50, 50, 50, 50, 50, 50, 50, 50, 50, 50, 50, 50, 50, 50
DARIOVALENCIASAMPER5 , D, 50, 50, 50, 50, 50, 50, 50, 50, 50, 50, 50, 50, 50, 50, 50, 50, 50, 50, 50, 50, 50, 50, 50, 50
ELLIMONAR1 , D, 18, 18, 18, 18, 18, 18, 18, 18, 18, 18, 18, 18, 18, 18, 18, 18, 18, 18, 18, 18, 18, 18, 18, 18
ELPASO , P, 93982
ELPASO1 , INVD, 56, 56, 56, 56, 56, 56, 56, 56, 56, 56, 56, 56, 56, 56, 56, 56, 56, 56, 56, 56, 56, 56, 56, 56
ELPASO1 , D, 0, 0, 0, 0, 0, 0, 15, 50, 62, 66, 68, 68, 65, 60, 55, 50, 40, 12, 0, 0, 0, 0, 0, 0
ELQUIMBO , P, 371000
ELQUIMBO , MO, 100, 100, 100, 100, 100, 100, 100, 100, 100, 100, 100, 100, 100, 100, 100, 100, 100, 100, 100, 100, 100, 100, 100, 100
ELQUIMBO1 , D, 200, 200, 200, 200, 200, 200, 200, 200, 200, 200, 200, 200, 200, 200, 200, 200, 200, 200, 200, 200, 200, 200, 200, 200
ELQUIMBO2 , D, 200, 200, 200, 200, 200, 200, 200, 200, 200, 200, 200, 200, 200, 200, 200, 200, 200, 200, 200, 200, 200, 200, 200, 200
ELQUIMBO1 , AGCU, 75, 75, 75, 75, 75, 75, 75, 75, 75, 75, 75, 75, 75, 75, 75, 75, 75, 75, 75, 75, 75, 75, 75, 75
ELQUIMBO2 , AGCU, 75, 75, 75, 75, 75, 75, 75, 75, 75, 75, 75, 75, 75, 75, 75, 75, 75, 75, 75, 75, 75, 75, 75, 75
ELQUIMBO , AGCP, 0, 0, 0, 0, 0, 0, 0, 0, 0, 0, 0, 0, 0, 0, 0, 0, 0, 0, 0, 0, 0, 0, 0, 0
FUNDACION , P, 93983
FUNDACION1 , INVD, 563, 563, 563, 563, 563, 563, 563, 563, 563, 563, 563, 563, 563, 563, 563, 563, 563, 563, 563, 563, 563, 563, 563, 563
FUNDACION1 , D, 0, 0, 0, 0, 0, 0, 16, 73, 95, 100, 100, 100, 95, 90, 50, 37, 26, 9, 0, 0, 0, 0, 0, 0
GUAVIO , P, 300000
GUAVIO1 , D, 249, 249, 249, 249, 249, 249, 249, 249, 249, 249, 249, 249, 249, 249, 249, 249, 249, 249, 249, 249, 249, 249, 249, 249
GUAVIO2 , D, 249, 249, 249, 249, 249, 249, 249, 249, 249, 249, 249, 249, 249, 249, 249, 249, 249, 249, 249, 249, 249, 249, 249, 249
GUAVIO3 , D, 249, 249, 249, 249, 249, 249, 249, 249, 249, 249, 249, 249, 249, 249, 249, 249, 249, 249, 249, 249, 249, 249, 249, 249
GUAVIO4 , D, 249, 249, 249, 249, 249, 249, 249, 249, 249, 249, 249, 249, 249, 249, 249, 249, 249, 249, 249, 249, 249, 249, 249, 249
GUAVIO5 , D, 249, 249, 249, 249, 249, 249, 249, 249, 249, 249, 249, 249, 249, 249, 249, 249, 249, 249, 249, 249, 249, 249, 249, 249
GUAVIO1 , AGCU, 189, 189, 189, 189, 189, 189, 189, 189, 189, 189, 189, 189, 189, 189, 189, 189, 189, 189, 189, 189, 189, 189, 189, 189
GUAVIO2 , AGCU, 189, 189, 189, 189, 189, 189, 189, 189, 189, 189, 189, 189, 189, 189, 189, 189, 189, 189, 189, 189, 189, 189, 189, 189
GUAVIO3 , AGCU, 189, 189, 189, 189, 189, 189, 189, 189, 189, 189, 189, 189, 189, 189, 189, 189, 189, 189, 189, 189, 189, 189, 189, 189
GUAVIO4 , AGCU, 189, 189, 189, 189, 189, 189, 189, 189, 189, 189, 189, 189, 189, 189, 189, 189, 189, 189, 189, 189, 189, 189, 189, 189
GUAVIO5 , AGCU, 189, 189, 189, 189, 189, 189, 189, 189, 189, 189, 189, 189, 189, 189, 189, 189, 189, 189, 189, 189, 189, 189, 189, 189
GUAVIO , AGCP, 0, 0, 0, 0, 0, 0, 0, 0, 0, 0, 0, 0, 0, 0, 0, 0, 0, 0, 0, 0, 0, 0, 0, 0
GUAVIOMENOR1 , D, 5, 5, 5, 5, 5, 5, 5, 5, 5, 5, 5, 5, 5, 5, 5, 5, 5, 5, 5, 5, 5, 5, 5, 5
GUAYEPO , P, 93981
GUAYEPO1 , INVD, 131, 131, 131, 131, 131, 131, 131, 131, 131, 131, 131, 131, 131, 131, 131, 131, 131, 131, 131, 131, 131, 131, 131, 131
GUAYEPO1 , D, 0, 0, 0, 0, 0, 0, 63, 166, 288, 311, 322, 322, 295, 231, 173, 128, 77, 20, 0, 0, 0, 0, 0, 0
GUAYEPOIII1 , INVD, 208, 208, 208, 208, 208, 208, 208, 208, 208, 208, 208, 208, 208, 208, 208, 208, 208, 208, 208, 208, 208, 208, 208, 208
GUAYEPOIII1 , D, 0, 0, 0, 0, 0, 0, 3, 20, 41, 51, 51, 51, 34, 34, 31, 24, 8, 8, 0, 0, 0, 0, 0, 0
GUAYEPOIII1 , PRU, 100, 100, 100, 100, 100, 100, 100, 100, 100, 100, 100, 100, 100, 100, 100, 100, 100, 100, 100, 100, 100, 100, 100, 100
LAGUNETA1 , D, 18, 18, 18, 18, 18, 18, 18, 18, 18, 18, 18, 18, 18, 18, 18, 18, 18, 18, 18, 18, 18, 18, 18, 18
LATAMSOLARLALOMA , P, 93980
LATAMSOLARLALOMA1 , INVD, 172, 172, 172, 172, 172, 172, 172, 172, 172, 172, 172, 172, 172, 172, 172, 172, 172, 172, 172, 172, 172, 172, 172, 172
LATAMSOLARLALOMA1 , D, 0, 0, 0, 0, 0, 0, 20, 49, 87, 142, 146, 144, 143, 134, 93, 66, 50, 15, 0, 0, 0, 0, 0, 0
PAGUA , P, 96431
LAGUACA1 , D, 0, 0, 0, 0, 0, 0, 0, 0, 0, 0, 0, 0, 0, 0, 0, 0, 0, 0, 0, 0, 0, 0, 0, 0
LAGUACA2 , D, 0, 0, 0, 0, 0, 0, 0, 0, 0, 0, 0, 0, 0, 0, 0, 0, 0, 0, 0, 0, 0, 0, 0, 0
LAGUACA3 , D, 0, 0, 0, 0, 0, 0, 0, 0, 0, 0, 0, 0, 0, 0, 0, 0, 0, 0, 0, 0, 0, 0, 0, 0
PARAISO1 , D, 0, 0, 0, 0, 0, 0, 0, 0, 0, 0, 0, 0, 0, 0, 0, 0, 0, 0, 0, 0, 0, 0, 0, 0
PARAISO2 , D, 0, 0, 0, 0, 0, 0, 0, 0, 0, 0, 0, 0, 0, 0, 0, 0, 0, 0, 0, 0, 0, 0, 0, 0
PARAISO3 , D, 0, 0, 0, 0, 0, 0, 0, 0, 0, 0, 0, 0, 0, 0, 0, 0, 0, 0, 0, 0, 0, 0, 0, 0
LAGUACA1 , AGCU, 0, 0, 0, 0, 0, 0, 0, 0, 0, 0, 0, 0, 0, 0, 0, 0, 0, 0, 0, 0, 0, 0, 0, 0
LAGUACA2 , AGCU, 0, 0, 0, 0, 0, 0, 0, 0, 0, 0, 0, 0, 0, 0, 0, 0, 0, 0, 0, 0, 0, 0, 0, 0
LAGUACA3 , AGCU, 0, 0, 0, 0, 0, 0, 0, 0, 0, 0, 0, 0, 0, 0, 0, 0, 0, 0, 0, 0, 0, 0, 0, 0
PARAISO1 , AGCU, 0, 0, 0, 0, 0, 0, 0, 0, 0, 0, 0, 0, 0, 0, 0, 0, 0, 0, 0, 0, 0, 0, 0, 0
PARAISO2 , AGCU, 0, 0, 0, 0, 0, 0, 0, 0, 0, 0, 0, 0, 0, 0, 0, 0, 0, 0, 0, 0, 0, 0, 0, 0
PARAISO3 , AGCU, 0, 0, 0, 0, 0, 0, 0, 0, 0, 0, 0, 0, 0, 0, 0, 0, 0, 0, 0, 0, 0, 0, 0, 0
PAGUA , AGCP, 0, 0, 0, 0, 0, 0, 0, 0, 0, 0, 0, 0, 0, 0, 0, 0, 0, 0, 0, 0, 0, 0, 0, 0
SALTOII , P, 102700
SALTOII2 , D, 35, 35, 35, 35, 35, 35, 35, 35, 35, 35, 35, 35, 35, 35, 35, 35, 35, 35, 35, 35, 35, 35, 35, 35
SANTAANA1 , D, 5.5, 5.5, 5.5, 5.5, 5.5, 5.5, 5.5, 5.5, 5.5, 5.5, 5.5, 5.5, 5.5, 5.5, 5.5, 5.5, 5.5, 5.5, 5.5, 5.5, 5.5, 5.5, 5.5, 5.5
SUBA1 , D, 0.7, 0.7, 0.7, 0.7, 0.7, 0.7, 0.7, 0.7, 0.7, 0.7, 0.7, 0.7, 0.7, 0.7, 0.7, 0.7, 0.7, 0.7, 0.7, 0.7, 0.7, 0.7, 0.7, 0.7
TEQUENDAMA11 , D, 14.2, 14.2, 14.2, 14.2, 14.2, 14.2, 14.2, 14.2, 14.2, 14.2, 14.2, 14.2, 14.2, 14.2, 14.2, 14.2, 14.2, 14.2, 14.2, 14.2, 14.2, 14.2, 14.2, 14.2
TEQUENDAMA21 , D, 14.2, 14.2, 14.2, 14.2, 14.2, 14.2, 14.2, 14.2, 14.2, 14.2, 14.2, 14.2, 14.2, 14.2, 14.2, 14.2, 14.2, 14.2, 14.2, 14.2, 14.2, 14.2, 14.2, 14.2
TEQUENDAMA31 , D, 14.2, 14.2, 14.2, 14.2, 14.2, 14.2, 14.2, 14.2, 14.2, 14.2, 14.2, 14.2, 14.2, 14.2, 14.2, 14.2, 14.2, 14.2, 14.2, 14.2, 14.2, 14.2, 14.2, 14.2
TEQUENDAMA41 , D, 14.2, 14.2, 14.2, 14.2, 14.2, 14.2, 14.2, 14.2, 14.2, 14.2, 14.2, 14.2, 14.2, 14.2, 14.2, 14.2, 14.2, 14.2, 14.2, 14.2, 14.2, 14.2, 14.2, 14.2
USAQUEN1 , D, 1.1, 1.1, 1.1, 1.1, 1.1, 1.1, 1.1, 1.1, 1.1, 1.1, 1.1, 1.1, 1.1, 1.1, 1.1, 1.1, 1.1, 1.1, 1.1, 1.1, 1.1, 1.1, 1.1, 1.1
ZIPAEMG2 , P, 374000
ZIPAEMG2 , C, CARBON
ZIPAEMG2 , PAPF01, 55223740
ZIPAEMG2 , PAPC01, 26062823
ZIPAEMG2 , PAPT01, 37096246
ZIPAEMG2 , PAPUSDF01, 13654
ZIPAEMG2 , PAPUSDC01, 6444
ZIPAEMG2 , PAPUSDT01, 9172
ZIPAEMG2 , CONF, 1
ZIPAEMG2 , D, 36, 36, 36, 36, 36, 36, 36, 36, 36, 36, 36, 36, 36, 36, 36, 36, 36, 36, 36, 36, 36, 36, 36, 36
ZIPAEMG3 , P, 348000
ZIPAEMG3 , C, CARBON
ZIPAEMG3 , PAPC01, 35975917
ZIPAEMG3 , PAPF01, 77019604
ZIPAEMG3 , PAPT01, 55668636
ZIPAEMG3 , PAPUSDC01, 8895
ZIPAEMG3 , PAPUSDF01, 19043
ZIPAEMG3 , PAPUSDT01, 13764
ZIPAEMG3 , CONF, 1
ZIPAEMG3 , D, 63, 63, 63, 63, 63, 63, 63, 63, 63, 63, 63, 63, 63, 63, 63, 63, 63, 63, 63, 63, 63, 63, 63, 63
ZIPAEMG4 , P, 362000
ZIPAEMG4 , C, CARBON
ZIPAEMG4 , PAPT01, 55668636
ZIPAEMG4 , PAPC01, 35975917
ZIPAEMG4 , PAPF01, 77019604
ZIPAEMG4 , PAPUSDT01, 13764
ZIPAEMG4 , PAPUSDC01, 8895
ZIPAEMG4 , PAPUSDF01, 19043
ZIPAEMG4 , CONF, 1
ZIPAEMG4 , D, 64, 64, 64, 64, 64, 64, 64, 64, 64, 64, 64, 64, 64, 64, 64, 64, 64, 64, 64, 64, 64, 64, 64, 64
ZIPAEMG5 , P, 340000
ZIPAEMG5 , C, CARBON
ZIPAEMG5 , PAPT01, 55668636
ZIPAEMG5 , PAPF01, 77019604
ZIPAEMG5 , PAPC01, 35975917
ZIPAEMG5 , PAPUSDT01, 13764
ZIPAEMG5 , PAPUSDF01, 19043
ZIPAEMG5 , PAPUSDC01, 8895
ZIPAEMG5 , CONF, 1
ZIPAEMG5 , D, 63, 63, 63, 63, 63, 63, 63, 63, 63, 63, 63, 63, 63, 63, 63, 63, 63, 63, 63, 63, 63, 63, 63, 63


AGENTE: ENERCO
CURRUCUCUES1 , D, 0, 0, 0, 0, 0, 0, 0, 0, 0, 0, 0, 0, 0, 0, 0, 0, 0, 0, 0, 0, 0, 0, 0, 0
PUENTEGUILLERMO1 , D, 0.3, 0.3, 0.3, 0.3, 0.3, 0.3, 0.3, 0.3, 0.3, 0.3, 0.3, 0.3, 0.3, 0.3, 0.3, 0.3, 0.3, 0.3, 0.3, 0.3, 0.3, 0.3, 0.3, 0.3
PUENTEGUILLERMO3 , D, 0, 0, 0, 0, 0, 0, 0, 0, 0, 0, 0, 0, 0, 0, 0, 0, 0, 0, 0, 0, 0, 0, 0, 0


AGENTE: ENERGETICA
COELLO1 , D, 1.1, 1.1, 1.1, 1.1, 1.1, 1.1, 1.1, 1.1, 1.1, 1.1, 1.1, 1.1, 1.1, 1.1, 1.1, 1.1, 1.1, 1.1, 1.1, 1.1, 1.1, 1.1, 1.1, 1.1


AGENTE: ENERGIA DEL SUROESTE
MULATOSII1 , D, 2.8, 2.8, 2.8, 2.8, 2.8, 2.8, 2.8, 2.8, 2.8, 2.8, 2.8, 2.8, 2.8, 2.8, 2.8, 2.8, 2.8, 2.8, 2.8, 2.8, 2.8, 2.8, 2.8, 2.8


AGENTE: ENERGIA Y GAS
SOLYCIELOI1 , D, 0, 0, 0, 0, 0, 0.68, 2.81, 4.73, 6.05, 7.09, 6.49, 6.44, 6.07, 5, 3.89, 2.4, 0.75, 0, 0, 0, 0, 0, 0, 0
SOLYCIELOI1 , INVD, 38, 38, 38, 38, 38, 38, 38, 38, 38, 38, 38, 38, 38, 38, 38, 38, 38, 38, 38, 38, 38, 38, 38, 38
SOLYCIELOII1 , D, 0, 0, 0, 0, 0, 0, 0, 0.16, 0.28, 0.43, 0.55, 0.71, 0.71, 0.45, 0.42, 0.38, 0.19, 0.06, 0, 0, 0, 0, 0, 0
SOLYCIELOII1 , INVD, 3, 3, 3, 3, 3, 3, 3, 3, 3, 3, 3, 3, 3, 3, 3, 3, 3, 3, 3, 3, 3, 3, 3, 3
SOLYCIELOIII1 , D, 0, 0, 0, 0, 0, 0, 0, 0.16, 0.28, 0.43, 0.55, 0.71, 0.71, 0.45, 0.42, 0.38, 0.19, 0.06, 0, 0, 0, 0, 0, 0
SOLYCIELOIII1 , INVD, 3, 3, 3, 3, 3, 3, 3, 3, 3, 3, 3, 3, 3, 3, 3, 3, 3, 3, 3, 3, 3, 3, 3, 3
SOLYCIELOIV1 , D, 0, 0, 0, 0, 0, 0, 0, 0.16, 0.28, 0.43, 0.55, 0.71, 0.71, 0.45, 0.42, 0.38, 0.19, 0.06, 0, 0, 0, 0, 0, 0
SOLYCIELOIV1 , INVD, 3, 3, 3, 3, 3, 3, 3, 3, 3, 3, 3, 3, 3, 3, 3, 3, 3, 3, 3, 3, 3, 3, 3, 3
SOLYCIELOV1 , D, 0, 0, 0, 0, 0, 0, 0, 0.16, 0.28, 0.43, 0.55, 0.71, 0.71, 0.45, 0.42, 0.38, 0.19, 0.06, 0, 0, 0, 0, 0, 0
SOLYCIELOV1 , INVD, 3, 3, 3, 3, 3, 3, 3, 3, 3, 3, 3, 3, 3, 3, 3, 3, 3, 3, 3, 3, 3, 3, 3, 3
SOLYCIELOVI1 , D, 0, 0, 0, 0, 0, 0, 0, 0.16, 0.28, 0.43, 0.55, 0.71, 0.71, 0.45, 0.42, 0.38, 0.19, 0.06, 0, 0, 0, 0, 0, 0
SOLYCIELOVI1 , INVD, 3, 3, 3, 3, 3, 3, 3, 3, 3, 3, 3, 3, 3, 3, 3, 3, 3, 3, 3, 3, 3, 3, 3, 3


AGENTE: ENERXIA
AUTOGGOLOSINASTRULULU1 , D, 3.3, 3.3, 3.3, 3.3, 3.3, 3.3, 3.3, 3.3, 3.3, 3.3, 3.3, 3.3, 3.3, 3.3, 3.3, 3.3, 3.3, 3.3, 3.3, 3.3, 3.3, 3.3, 3.3, 3.3


AGENTE: TERMOFLORES
FLORES2 , PAPC02, 88797217
FLORES2 , PAPF02, 88797217
FLORES2 , PAPT02, 88797217
FLORES3 , PAPC02, 94192594
FLORES3 , PAPF02, 94192594
FLORES3 , PAPT02, 94192594
FLORES4 , PAPT02, 6742198
FLORES4 , PAPF02, 7065759
FLORES4 , PAPC02, 6742198
FLORES4CC , P1, 973348
FLORES4CC , P2, 999719
FLORES4CC , P3, 1035695
FLORES4CC , P4, 1534687
FLORES2 , PAPUSDC02, 21955
FLORES2 , PAPUSDF02, 21955
FLORES2 , PAPUSDT02, 21955
FLORES3 , PAPUSDC02, 23289
FLORES3 , PAPUSDF02, 23289
FLORES3 , PAPUSDT02, 23289
FLORES4 , PAPUSDT02, 1667
FLORES4 , PAPUSDF02, 1747
FLORES4 , PAPUSDC02, 1667
FLORES4CC , DISCONF1, 445, 445, 445, 445, 445, 445, 445, 445, 445, 445, 445, 445, 445, 445, 445, 445, 445, 445, 445, 445, 445, 445, 445, 445
FLORES4CC , DISCONF2, 190, 190, 190, 190, 190, 190, 190, 190, 190, 190, 190, 190, 190, 190, 190, 190, 190, 190, 190, 190, 190, 190, 190, 190
FLORES4CC , DISCONF3, 240, 240, 240, 240, 240, 240, 240, 240, 240, 240, 240, 240, 240, 240, 240, 240, 240, 240, 240, 240, 240, 240, 240, 240
FLORES4CC , DISCONF4, 120, 120, 120, 120, 120, 120, 120, 120, 120, 120, 120, 120, 120, 120, 120, 120, 120, 120, 120, 120, 120, 120, 120, 120
FLORES2 , D, 120, 120, 120, 120, 120, 120, 120, 120, 120, 120, 120, 120, 120, 120, 120, 120, 120, 120, 120, 120, 120, 120, 120, 120
FLORES3 , D, 169, 169, 169, 169, 169, 169, 169, 169, 169, 169, 169, 169, 169, 169, 169, 169, 169, 169, 169, 169, 169, 169, 169, 169
FLORES4 , D, 156, 156, 156, 156, 156, 156, 156, 156, 156, 156, 156, 156, 156, 156, 156, 156, 156, 156, 156, 156, 156, 156, 156, 156
FLORES1GAS , PAPF02, 91268413
FLORES1GAS , PAPT02, 91268413
FLORES1GAS , PAPC02, 91268413
FLORES1VAPOR , PAPC02, 3773528
FLORES1VAPOR , PAPT02, 3773528
FLORES1VAPOR , PAPF02, 4501540
FLORESICC , P1, 1120045
FLORES1GAS , PAPUSDF02, 22566
FLORES1GAS , PAPUSDT02, 22566
FLORES1GAS , PAPUSDC02, 22566
FLORES1VAPOR , PAPUSDC02, 933
FLORES1VAPOR , PAPUSDT02, 933
FLORES1VAPOR , PAPUSDF02, 1113
FLORESICC , DISCONF1, 0, 0, 0, 0, 0, 0, 0, 0, 0, 0, 0, 0, 0, 0, 0, 0, 0, 0, 0, 0, 0, 0, 0, 0
FLORES1GAS , D, 0, 0, 0, 0, 0, 0, 0, 0, 0, 0, 0, 0, 0, 0, 0, 0, 0, 0, 0, 0, 0, 0, 0, 0
FLORES1VAPOR , D, 0, 0, 0, 0, 0, 0, 0, 0, 0, 0, 0, 0, 0, 0, 0, 0, 0, 0, 0, 0, 0, 0, 0, 0


AGENTE: TERMOVALLE
TERMOVALLE1GAS , PAPC02, 96829614
TERMOVALLE1GAS , PAPF02, 96829614
TERMOVALLE1GAS , PAPC07, 139899601
TERMOVALLE1GAS , PAPT02, 96829614
TERMOVALLE1GAS , PAPT07, 139899601
TERMOVALLE1GAS , PAPF07, 139899601
TERMOVALLE1VAPOR , PAPC07, 4772522
TERMOVALLE1VAPOR , PAPT07, 4772522
TERMOVALLE1VAPOR , PAPT02, 4772522
TERMOVALLE1VAPOR , PAPF02, 5096083
TERMOVALLE1VAPOR , PAPF07, 5096083
TERMOVALLE1VAPOR , PAPC02, 4772522
TERMOVALLECC , P1, 1225790
TERMOVALLECC , P3, 1400000
TERMOVALLECC , P4, 1500000
TERMOVALLECC , P2, 1184535
TERMOVALLE1GAS , PAPUSDC02, 23941
TERMOVALLE1GAS , PAPUSDF02, 23941
TERMOVALLE1GAS , PAPUSDC07, 34590
TERMOVALLE1GAS , PAPUSDT02, 23941
TERMOVALLE1GAS , PAPUSDT07, 34590
TERMOVALLE1GAS , PAPUSDF07, 34590
TERMOVALLE1VAPOR , PAPUSDC07, 1180
TERMOVALLE1VAPOR , PAPUSDT07, 1180
TERMOVALLE1VAPOR , PAPUSDT02, 1180
TERMOVALLE1VAPOR , PAPUSDF02, 1260
TERMOVALLE1VAPOR , PAPUSDF07, 1260
TERMOVALLE1VAPOR , PAPUSDC02, 1180
TERMOVALLECC , DISCONF1, 239, 239, 239, 239, 239, 239, 239, 239, 239, 239, 239, 239, 239, 239, 239, 239, 239, 239, 239, 239, 239, 239, 239, 239
TERMOVALLECC , DISCONF3, 163, 163, 163, 163, 163, 163, 163, 163, 163, 163, 163, 163, 163, 163, 163, 163, 163, 163, 163, 163, 163, 163, 163, 163
TERMOVALLECC , DISCONF4, 165, 165, 165, 165, 165, 165, 165, 165, 165, 165, 165, 165, 165, 165, 165, 165, 165, 165, 165, 165, 165, 165, 165, 165
TERMOVALLECC , DISCONF2, 241, 241, 241, 241, 241, 241, 241, 241, 241, 241, 241, 241, 241, 241, 241, 241, 241, 241, 241, 241, 241, 241, 241, 241
TERMOVALLE1GAS , D, 165, 165, 165, 165, 165, 165, 165, 165, 165, 165, 165, 165, 165, 165, 165, 165, 165, 165, 165, 165, 165, 165, 165, 165
TERMOVALLE1VAPOR , D, 76, 76, 76, 76, 76, 76, 76, 76, 76, 76, 76, 76, 76, 76, 76, 76, 76, 76, 76, 76, 76, 76, 76, 76


AGENTE: ENREVSA SAS
ELBOSQUE1 , D, 1.3, 1.3, 1.3, 1.3, 1.3, 1.3, 1.3, 1.3, 1.3, 1.3, 1.3, 1.3, 1.3, 1.3, 1.3, 1.3, 1.3, 1.3, 1.3, 1.3, 1.3, 1.3, 1.3, 1.3


AGENTE: EPM
AMERICA1 , D, 0.25, 0.25, 0.25, 0.25, 0.25, 0.25, 0.25, 0.25, 0.25, 0.25, 0.25, 0.25, 0.25, 0.25, 0.25, 0.25, 0.25, 0.25, 0.25, 0.25, 0.25, 0.25, 0, 0
AUTOGARGOSELCAIRO1 , D, 6.5, 6.5, 6.5, 6.5, 6.5, 6.5, 6.5, 6.5, 6.5, 6.5, 6.5, 6.5, 6.5, 6.5, 6.5, 6.5, 6.5, 6.5, 6.5, 6.5, 6.5, 6.5, 6.5, 6.5
AUTOGARGOSSOGAMOSO1 , D, 6.9, 6.9, 6.9, 6.9, 6.9, 6.9, 6.9, 6.9, 6.9, 6.9, 6.9, 6.9, 6.9, 6.9, 6.9, 6.9, 6.9, 6.9, 6.9, 6.9, 6.9, 6.9, 6.9, 6.9
AUTOGAYURA1 , D, 11, 11, 11, 11, 11, 12, 12, 12, 12, 12, 12, 12, 12, 12, 12, 12, 12, 11, 11, 11, 11, 11, 11, 11
AUTOGBIOSCIENAGAORO1 , D, 0, 0, 0, 0, 0, 0, 0, 0, 0, 0, 0, 0, 0, 0, 0, 0, 0, 0, 0, 0, 0, 0, 0, 0
AUTOGBIOSCIENAGAORO1 , INVD, 11, 11, 11, 11, 11, 11, 11, 11, 11, 11, 11, 11, 11, 11, 11, 11, 11, 11, 11, 11, 11, 11, 11, 11
AUTOGBIOSCONTEGRALCARTAGO1 , D, 0, 0, 0, 0, 0, 0, 0, 0, 0, 0, 0, 0, 0, 0, 0, 0, 0, 0, 0, 0, 0, 0, 0, 0
AUTOGBIOSCONTEGRALCARTAGO1 , INVD, 15, 15, 15, 15, 15, 15, 15, 15, 15, 15, 15, 15, 15, 15, 15, 15, 15, 15, 15, 15, 15, 15, 15, 15
AUTOGBIOSCONTEGRALNEIVA1 , D, 0, 0, 0, 0, 0, 0, 0, 0, 0, 0, 0, 0, 0, 0, 0, 0, 0, 0, 0, 0, 0, 0, 0, 0
AUTOGBIOSCONTEGRALNEIVA1 , INVD, 16, 16, 16, 16, 16, 16, 16, 16, 16, 16, 16, 16, 16, 16, 16, 16, 16, 16, 16, 16, 16, 16, 16, 16
AUTOGBIOSFINCABUGA1 , D, 0, 0, 0, 0, 0, 0, 0, 0, 0, 0, 0, 0, 0, 0, 0, 0, 0, 0, 0, 0, 0, 0, 0, 0
AUTOGBIOSFINCABUGA1 , INVD, 11, 11, 11, 11, 11, 11, 11, 11, 11, 11, 11, 11, 11, 11, 11, 11, 11, 11, 11, 11, 11, 11, 11, 11
AUTOGCEMENTOSDELNARE1 , D, 7.8, 7.8, 7.8, 7.8, 7.8, 7.8, 6.3, 6.3, 6.3, 6.3, 6.3, 6.3, 6.3, 6.3, 6.5, 6.5, 6.5, 6.5, 6.5, 6.5, 6.5, 6.5, 7.8, 7.8
AUTOGPTARBELLO1 , D, 0, 0, 0, 0, 0, 0, 0, 0, 0, 0, 0, 0, 0, 0, 0, 0, 0, 0, 0, 0, 0, 0, 0, 0
AUTOGPTARBELLO2 , D, 0, 0, 0, 0, 0, 0, 0, 0, 0, 0, 0, 0, 0, 0, 0, 0, 0, 0, 0, 0, 0, 0, 0, 0
AUTOGPTARBELLO3 , D, 0, 0, 0, 0, 0, 0, 0, 0, 0, 0, 0, 0, 0, 0, 0, 0, 0, 0, 0, 0, 0, 0, 0, 0
AUTOGPTARBELLO4 , D, 0, 0, 0, 0, 0, 0, 0, 0, 0, 0, 0, 0, 0, 0, 0, 0, 0, 0, 0, 0, 0, 0, 0, 0
AUTOGPTARBELLO5 , D, 0, 0, 0, 0, 0, 0, 0, 0, 0, 0, 0, 0, 0, 0, 0, 0, 0, 0, 0, 0, 0, 0, 0, 0
AUTOGPTARBELLO6 , D, 0, 0, 0.38, 0.38, 0.38, 0.38, 0.38, 0.38, 0.38, 0.38, 0.38, 0.38, 0.38, 0.38, 0, 0, 0, 0, 0, 0, 0, 0, 0, 0
AUTOGPTARBELLO7 , D, 0, 0, 0, 0, 0, 0, 0, 0, 0, 0, 0, 0, 0, 0, 0, 0, 0, 0, 0, 0, 0, 0, 0, 0
BELLO1 , D, 0.2, 0.2, 0.2, 0.2, 0.2, 0.2, 0.2, 0.2, 0.2, 0.2, 0.2, 0.2, 0.2, 0.2, 0.2, 0.2, 0.2, 0.2, 0.2, 0.2, 0.2, 0.2, 0.2, 0.2
CAMPESTRE(EPM)1 , D, 0, 0, 0, 0, 0, 0, 0, 0, 0, 0, 0, 0, 0, 0, 0, 0, 0, 0, 0, 0, 0, 0, 0, 0
CARACOLI1 , D, 3.75, 3.75, 3.75, 3.75, 3.75, 3.75, 3.75, 3.75, 3.75, 3.75, 3.75, 3.75, 3.75, 3.75, 3.75, 3.75, 3.75, 3.75, 3.75, 3.75, 3.75, 3.75, 3.75, 3.75
CASCADA1 , D, 1.7, 1.7, 1.7, 1.7, 1.7, 1.7, 1.7, 1.7, 1.7, 1.7, 1.7, 1.7, 1.7, 1.7, 1.7, 1.7, 1.7, 1.7, 1.7, 1.7, 1.7, 1.7, 1.7, 1.7
ESMERALDA , P, 103563
ESMERALDA1 , D, 15, 15, 15, 15, 15, 15, 15, 15, 15, 15, 15, 15, 15, 15, 15, 15, 15, 15, 15, 15, 15, 15, 15, 15
ESMERALDA2 , D, 0, 0, 0, 0, 0, 0, 0, 0, 0, 0, 0, 0, 0, 0, 0, 0, 0, 0, 0, 0, 0, 0, 0, 0
GUACAICA1 , D, 0, 0, 0, 0, 0, 0, 0, 0, 0, 0, 0, 0, 0, 0, 0, 0, 0, 0, 0, 0, 0, 0, 0, 0
GUATAPE , P, 96431
GUATAPE1 , D, 70, 70, 70, 70, 70, 70, 70, 70, 70, 70, 70, 70, 70, 70, 70, 70, 70, 70, 70, 70, 70, 70, 70, 70
GUATAPE2 , D, 70, 70, 70, 70, 70, 70, 70, 70, 70, 70, 70, 70, 70, 70, 70, 70, 70, 70, 70, 70, 70, 70, 70, 70
GUATAPE3 , D, 70, 70, 70, 70, 70, 70, 70, 70, 70, 70, 70, 70, 70, 70, 70, 70, 70, 70, 70, 70, 70, 70, 70, 70
GUATAPE4 , D, 70, 70, 70, 70, 70, 70, 70, 70, 70, 70, 70, 70, 70, 70, 70, 70, 70, 70, 70, 70, 70, 70, 70, 70
GUATAPE5 , D, 0, 0, 0, 0, 0, 0, 0, 0, 0, 0, 0, 0, 0, 0, 0, 0, 0, 0, 0, 0, 0, 0, 0, 0
GUATAPE6 , D, 70, 70, 70, 70, 70, 70, 70, 70, 70, 70, 70, 70, 70, 70, 70, 70, 70, 70, 70, 70, 70, 70, 70, 70
GUATAPE7 , D, 70, 70, 70, 70, 70, 70, 70, 70, 70, 70, 70, 70, 70, 70, 70, 70, 70, 70, 70, 70, 70, 70, 70, 70
GUATAPE8 , D, 70, 70, 70, 70, 70, 70, 70, 70, 70, 70, 70, 70, 70, 70, 70, 70, 70, 70, 70, 70, 70, 70, 70, 70
GUATAPE1 , AGCU, 70, 70, 70, 70, 70, 70, 70, 70, 70, 70, 70, 70, 70, 70, 70, 70, 70, 70, 70, 70, 70, 70, 70, 70
GUATAPE2 , AGCU, 70, 70, 70, 70, 70, 70, 70, 70, 70, 70, 70, 70, 70, 70, 70, 70, 70, 70, 70, 70, 70, 70, 70, 70
GUATAPE3 , AGCU, 70, 70, 70, 70, 70, 70, 70, 70, 70, 70, 70, 70, 70, 70, 70, 70, 70, 70, 70, 70, 70, 70, 70, 70
GUATAPE6 , AGCU, 70, 70, 70, 70, 70, 70, 70, 70, 70, 70, 70, 70, 70, 70, 70, 70, 70, 70, 70, 70, 70, 70, 70, 70
GUATAPE7 , AGCU, 70, 70, 70, 70, 70, 70, 70, 70, 70, 70, 70, 70, 70, 70, 70, 70, 70, 70, 70, 70, 70, 70, 70, 70
GUATAPE8 , AGCU, 70, 70, 70, 70, 70, 70, 70, 70, 70, 70, 70, 70, 70, 70, 70, 70, 70, 70, 70, 70, 70, 70, 70, 70
GUATAPE , AGCP, 0, 0, 36, 0, 0, 0, 0, 0, 0, 0, 0, 0, 0, 0, 0, 0, 0, 0, 0, 0, 0, 0, 0, 0
GUATRON , P, 340000
GUADALUPE31 , D, 45, 45, 45, 45, 45, 45, 45, 45, 45, 45, 45, 45, 45, 45, 45, 45, 45, 45, 45, 45, 45, 45, 45, 45
GUADALUPE32 , D, 45, 45, 45, 45, 45, 45, 45, 45, 45, 45, 45, 45, 45, 45, 45, 45, 45, 45, 45, 45, 45, 45, 45, 45
GUADALUPE33 , D, 45, 45, 45, 45, 45, 45, 45, 45, 45, 45, 45, 45, 45, 45, 45, 45, 45, 45, 45, 45, 45, 45, 45, 45
GUADALUPE34 , D, 45, 45, 45, 45, 45, 45, 45, 45, 45, 45, 45, 45, 45, 45, 45, 45, 45, 45, 45, 45, 45, 45, 45, 45
GUADALUPE35 , D, 45, 45, 45, 45, 45, 45, 45, 45, 45, 45, 45, 45, 45, 45, 45, 45, 45, 45, 45, 45, 45, 45, 45, 45
GUADALUPE36 , D, 45, 45, 45, 45, 45, 45, 45, 45, 45, 45, 45, 45, 45, 45, 45, 45, 45, 45, 45, 45, 45, 45, 45, 45
GUADALUPE41 , D, 0, 0, 0, 0, 0, 0, 0, 0, 0, 0, 0, 0, 0, 0, 0, 0, 0, 0, 0, 0, 0, 0, 0, 0
GUADALUPE42 , D, 75, 75, 75, 75, 75, 75, 75, 75, 75, 75, 75, 75, 75, 75, 75, 75, 75, 75, 75, 75, 75, 75, 75, 75
GUADALUPE43 , D, 75, 75, 75, 75, 75, 75, 75, 75, 75, 75, 75, 75, 75, 75, 75, 75, 75, 75, 75, 75, 75, 75, 75, 75
TRONERAS1 , D, 20, 20, 20, 20, 20, 20, 20, 20, 20, 20, 20, 20, 20, 20, 20, 20, 20, 20, 20, 20, 20, 20, 20, 20
TRONERAS2 , D, 20, 20, 20, 20, 20, 20, 20, 20, 20, 20, 20, 20, 20, 20, 20, 20, 20, 20, 20, 20, 20, 20, 20, 20
INSULA1 , D, 0, 0, 0, 0, 0, 0, 0, 0, 0, 0, 0, 0, 0, 0, 0, 0, 0, 0, 0, 0, 0, 0, 0, 0
INSULA2 , D, 0, 0, 0, 0, 0, 0, 0, 0, 0, 0, 0, 0, 0, 0, 0, 0, 0, 0, 0, 0, 0, 0, 0, 0
INSULA3 , D, 7, 7, 7, 7, 7, 7, 7, 7, 7, 7, 7, 7, 7, 7, 7, 7, 7, 7, 7, 7, 7, 7, 7, 7
INTERMEDIA1 , D, 0, 0, 0, 0, 0, 0, 0, 0, 0, 0, 0, 0, 0, 0, 0, 0, 0, 0, 0, 0, 0, 0, 0, 0
ITUANGO , P, 96431
ITUANGO , ZNOINF, 936, 936, 936, 936, 936, 936, 936, 936, 936, 936, 936, 936, 936, 936, 936, 936, 936, 936, 936, 936, 936, 936, 936, 936
ITUANGO , ZNOSUP, 1198, 1198, 1198, 1198, 1198, 1198, 1198, 1198, 1198, 1198, 1198, 1198, 1198, 1198, 1198, 1198, 1198, 1198, 1198, 1198, 1198, 1198, 1198, 1198
ITUANGO , MO, 0, 0, 0, 0, 0, 0, 0, 0, 0, 0, 0, 0, 0, 0, 0, 0, 0, 0, 0, 0, 0, 0, 0, 0
ITUANGO1 , D, 300, 300, 300, 300, 300, 300, 300, 300, 300, 300, 300, 300, 300, 300, 300, 300, 300, 300, 300, 300, 300, 300, 300, 300
ITUANGO2 , D, 300, 300, 300, 300, 300, 300, 300, 300, 300, 300, 300, 300, 300, 300, 300, 300, 300, 300, 300, 300, 300, 300, 300, 300
ITUANGO3 , D, 300, 300, 300, 300, 300, 300, 300, 300, 300, 300, 300, 300, 300, 300, 300, 300, 300, 300, 300, 300, 300, 300, 300, 300
ITUANGO4 , D, 300, 300, 300, 300, 300, 300, 300, 300, 300, 300, 300, 300, 300, 300, 300, 300, 300, 300, 300, 300, 300, 300, 300, 300
LAHERRADURA2 , D, 7, 7, 7, 7, 7, 7, 7, 7, 7, 7, 7, 7, 7, 7, 7, 7, 7, 7, 7, 7, 7, 7, 7, 7
LAHERRADURA1 , D, 7, 7, 7, 7, 7, 7, 7, 7, 7, 7, 7, 7, 7, 7, 7, 7, 7, 7, 7, 7, 7, 7, 7, 7
LATASAJERA , P, 96431
LATASAJERA1 , D, 102, 102, 102, 102, 102, 102, 102, 102, 102, 102, 102, 102, 102, 102, 102, 102, 102, 102, 102, 102, 102, 102, 102, 102
LATASAJERA2 , D, 102, 102, 102, 102, 102, 102, 102, 102, 102, 102, 102, 102, 102, 102, 102, 102, 102, 102, 102, 102, 102, 102, 102, 102
LATASAJERA3 , D, 102, 102, 102, 102, 102, 102, 102, 102, 102, 102, 102, 102, 102, 102, 102, 102, 102, 102, 102, 102, 102, 102, 102, 102
LATASAJERA1 , AGCU, 102, 102, 102, 102, 102, 102, 102, 102, 102, 102, 102, 102, 102, 102, 102, 102, 102, 102, 102, 102, 102, 102, 102, 102
LATASAJERA2 , AGCU, 102, 102, 102, 102, 102, 102, 102, 102, 102, 102, 102, 102, 102, 102, 102, 102, 102, 102, 102, 102, 102, 102, 102, 102
LATASAJERA3 , AGCU, 102, 102, 102, 102, 102, 102, 102, 102, 102, 102, 102, 102, 102, 102, 102, 102, 102, 102, 102, 102, 102, 102, 102, 102
LATASAJERA , AGCP, 0, 0, 36, 0, 0, 0, 0, 0, 0, 0, 0, 0, 0, 0, 0, 0, 0, 0, 0, 0, 0, 0, 0, 0
LAVUELTA1 , D, 6.6, 6.6, 6.6, 6.6, 6.6, 6.6, 6.6, 6.6, 6.6, 6.6, 6.6, 6.6, 6.6, 6.6, 6.6, 6.6, 6.6, 6.6, 6.6, 6.6, 6.6, 6.6, 6.6, 6.6
MANANTIALES1 , D, 0, 0, 0, 0, 0, 0, 0, 0, 0, 0, 0, 0, 0, 0, 0, 0, 0, 0, 0, 0, 0, 0, 0, 0
MUNICIPAL1 , D, 0.6, 0.6, 0.6, 0.6, 0.6, 0.6, 0.6, 0.6, 0.6, 0.6, 0.6, 0.6, 0.6, 0.6, 0.6, 0.6, 0.6, 0.6, 0.6, 0.6, 0.6, 0.6, 0.6, 0.6
NIQUIA1 , D, 15, 15, 15, 15, 15, 15, 15, 15, 15, 15, 15, 15, 15, 15, 15, 15, 15, 15, 15, 15, 15, 14.5, 14.5, 14.5
NUTIBARA1 , D, 0, 0, 0, 0, 0, 0, 0, 0, 0, 0, 0, 0, 0, 0, 0, 0, 0, 0, 0, 0, 0, 0, 0, 0
PAJARITO1 , D, 2.2, 2.2, 2.2, 2.2, 2.2, 2.2, 2.2, 2.2, 2.2, 2.2, 2.2, 2.2, 2.2, 2.2, 2.2, 2.2, 2.2, 2.2, 2.2, 2.2, 2.2, 2.2, 2.2, 2.2
PAJARITO2 , D, 6, 6, 6, 6, 6, 6, 6, 6, 6, 6, 6, 6, 6, 6, 6, 6, 6, 6, 6, 6, 6, 6, 6, 6
PALMASSANGIL1 , D, 0, 0, 0, 0, 0, 0, 0, 0, 0, 0, 0, 0, 0, 0, 0, 0, 0, 0, 0, 0, 0, 0, 0, 0
PARQUESOLARTEPUY , P, 94112
PARQUESOLARTEPUY1 , INVD, 320, 320, 320, 320, 320, 320, 320, 320, 320, 320, 320, 320, 320, 320, 320, 320, 320, 320, 320, 320, 320, 320, 320, 320
PARQUESOLARTEPUY1 , D, 0, 0, 0, 0, 0, 0, 48, 67, 78, 83, 83, 83, 83, 76, 65, 36, 6, 2, 0, 0, 0, 0, 0, 0
PLAYAS , P, 96431
PLAYAS1 , D, 69, 69, 69, 69, 69, 69, 69, 69, 69, 69, 69, 69, 69, 69, 69, 69, 69, 69, 69, 69, 69, 69, 69, 69
PLAYAS2 , D, 69, 69, 69, 69, 69, 69, 69, 69, 69, 69, 69, 69, 69, 69, 69, 69, 69, 69, 69, 69, 69, 69, 69, 69
PLAYAS3 , D, 69, 69, 69, 69, 69, 69, 69, 69, 69, 69, 69, 69, 69, 69, 69, 69, 69, 69, 69, 69, 69, 69, 69, 69
PLAYAS1 , AGCU, 14, 14, 14, 14, 14, 14, 14, 14, 14, 14, 14, 14, 14, 14, 14, 14, 14, 14, 14, 14, 14, 14, 14, 14
PLAYAS2 , AGCU, 14, 14, 14, 14, 14, 14, 14, 14, 14, 14, 14, 14, 14, 14, 14, 14, 14, 14, 14, 14, 14, 14, 14, 14
PLAYAS3 , AGCU, 14, 14, 14, 14, 14, 14, 14, 14, 14, 14, 14, 14, 14, 14, 14, 14, 14, 14, 14, 14, 14, 14, 14, 14
PLAYAS , AGCP, 0, 0, 36, 0, 0, 0, 0, 0, 0, 0, 0, 0, 0, 0, 0, 0, 0, 0, 0, 0, 0, 0, 0, 0
PORCEII , P, 360000
PORCEII1 , D, 135, 135, 135, 135, 135, 135, 135, 135, 135, 135, 135, 135, 135, 135, 135, 135, 135, 135, 135, 135, 135, 135, 135, 135
PORCEII2 , D, 135, 135, 135, 135, 135, 135, 135, 135, 135, 135, 135, 135, 135, 135, 135, 135, 135, 135, 135, 135, 135, 135, 135, 135
PORCEII3 , D, 135, 135, 135, 135, 135, 135, 135, 135, 135, 135, 135, 135, 135, 135, 135, 135, 135, 135, 135, 135, 135, 135, 135, 135
PORCEII1 , AGCU, 60, 60, 60, 60, 60, 60, 60, 60, 60, 60, 60, 60, 60, 60, 60, 60, 60, 60, 60, 60, 60, 60, 60, 60
PORCEII2 , AGCU, 60, 60, 60, 60, 60, 60, 60, 60, 60, 60, 60, 60, 60, 60, 60, 60, 60, 60, 60, 60, 60, 60, 60, 60
PORCEII3 , AGCU, 60, 60, 60, 60, 60, 60, 60, 60, 60, 60, 60, 60, 60, 60, 60, 60, 60, 60, 60, 60, 60, 60, 60, 60
PORCEII , AGCP, 0, 0, 0, 0, 0, 0, 0, 0, 0, 0, 0, 0, 0, 0, 0, 0, 0, 0, 0, 0, 0, 0, 0, 0
PORCEIII , P, 96431
PORCEIII1 , D, 180, 180, 180, 180, 180, 180, 180, 180, 180, 180, 180, 180, 180, 180, 180, 180, 180, 180, 180, 180, 180, 180, 180, 180
PORCEIII2 , D, 180, 180, 180, 180, 180, 180, 180, 180, 180, 180, 180, 180, 180, 180, 180, 180, 180, 180, 180, 180, 180, 180, 180, 180
PORCEIII3 , D, 0, 0, 0, 0, 0, 0, 0, 0, 0, 0, 0, 0, 0, 0, 0, 0, 0, 0, 0, 0, 0, 0, 0, 0
PORCEIII4 , D, 0, 0, 0, 0, 0, 0, 0, 0, 0, 0, 0, 0, 0, 0, 0, 0, 0, 0, 0, 0, 0, 0, 0, 0
PORCEIII2 , AGCU, 55, 55, 55, 55, 55, 55, 55, 55, 55, 55, 55, 55, 55, 55, 55, 55, 55, 55, 55, 55, 55, 55, 55, 55
PORCEIII3 , AGCU, 0, 0, 0, 0, 0, 0, 0, 0, 0, 0, 0, 0, 0, 0, 0, 0, 0, 0, 0, 0, 0, 0, 0, 0
PORCEIII4 , AGCU, 0, 0, 0, 0, 0, 0, 0, 0, 0, 0, 0, 0, 0, 0, 0, 0, 0, 0, 0, 0, 0, 0, 0, 0
PORCEIII , AGCP, 0, 0, 36, 0, 0, 0, 0, 0, 0, 0, 0, 0, 0, 0, 0, 0, 0, 0, 0, 0, 0, 0, 0, 0
PORCEIIIMENOR1 , D, 1.5, 1.5, 1.5, 1.5, 1.5, 1.5, 1.5, 1.5, 1.5, 1.5, 1.5, 1.5, 1.5, 1.5, 1.5, 1.5, 1.5, 1.5, 1.5, 1.5, 1.5, 1.5, 1.5, 1.5
RIOGRANDE1 , D, 0.3, 0.3, 0.3, 0.3, 0.3, 0.3, 0.3, 0.3, 0.3, 0.3, 0.3, 0.3, 0.3, 0.3, 0.3, 0.3, 0.3, 0.3, 0.3, 0.3, 0.3, 0.3, 0.3, 0.3
RIOFRIO(TAMESIS)1 , D, 0.8, 0.8, 0.8, 0.8, 0.8, 0.8, 0.8, 0.8, 0.8, 0.8, 0.8, 0.8, 0.8, 0.8, 0.8, 0.8, 0.8, 0.8, 0.8, 0.8, 0.8, 0.8, 0.8, 0.8
RIOGRANDEI1 , D, 0, 0, 0, 0, 0, 0, 0, 0, 0, 0, 0, 0, 0, 0, 0, 0, 0, 0, 0, 0, 0, 0, 0, 0
SANCANCIO1 , D, 1.3, 1.3, 1.3, 1.3, 1.3, 1.3, 1.3, 1.3, 1.3, 1.3, 1.3, 1.3, 1.3, 1.3, 1.3, 1.3, 1.3, 1.3, 1.3, 1.3, 1.3, 1.3, 1.3, 1.3
SANFRANCISCO , P, 103563
SANFRANCISCO1 , D, 0, 0, 0, 0, 0, 0, 45, 45, 45, 0, 0, 0, 0, 0, 0, 0, 0, 0, 45, 45, 45, 0, 0, 0
SANFRANCISCO2 , D, 0, 0, 0, 0, 0, 0, 45, 45, 45, 0, 0, 0, 0, 0, 0, 0, 0, 0, 45, 45, 45, 0, 0, 0
SANFRANCISCO3 , D, 0, 0, 0, 0, 0, 0, 0, 0, 0, 0, 0, 0, 0, 0, 0, 0, 0, 0, 0, 0, 0, 0, 0, 0
SONSON1 , D, 0, 0, 0, 0, 0, 0, 0, 0, 0, 0, 0, 0, 0, 0, 0, 0, 0, 0, 0, 0, 0, 0, 0, 0
TERMODORADA1 , P, 2214747
TERMODORADA1 , C, ACPM
TERMODORADA1 , PAPT07, 146233304
TERMODORADA1 , PAPF12, 146233304
TERMODORADA1 , PAPC07, 146233304
TERMODORADA1 , PAPC12, 146233304
TERMODORADA1 , PAPT12, 146233304
TERMODORADA1 , PAPC02, 77549435
TERMODORADA1 , PAPF07, 146233304
TERMODORADA1 , PAPT02, 77549435
TERMODORADA1 , PAPF02, 77549435
TERMODORADA1 , PAPUSDT07, 36156
TERMODORADA1 , PAPUSDF12, 36156
TERMODORADA1 , PAPUSDC07, 36156
TERMODORADA1 , PAPUSDC12, 36156
TERMODORADA1 , PAPUSDT12, 36156
TERMODORADA1 , PAPUSDC02, 19174
TERMODORADA1 , PAPUSDF07, 36156
TERMODORADA1 , PAPUSDT02, 19174
TERMODORADA1 , PAPUSDF02, 19174
TERMODORADA1 , CONF, 3
TERMODORADA1 , D, 47, 47, 47, 47, 47, 47, 47, 47, 47, 47, 47, 47, 47, 47, 47, 47, 47, 47, 47, 47, 47, 47, 47, 47
TERMOSIERRA1 , PAPF07, 519873228
TERMOSIERRA1 , PAPT07, 519873228
TERMOSIERRA1 , PAPC07, 320454617
TERMOSIERRA2 , PAPT07, 519873228
TERMOSIERRA2 , PAPF07, 519873228
TERMOSIERRA2 , PAPC07, 320454617
TERMOSIERRA3 , PAPT07, 6244723
TERMOSIERRA3 , PAPC07, 6649174
TERMOSIERRA3 , PAPF07, 6244723
TERMOSIERRACC , P1, 1801706
TERMOSIERRACC , P2, 1801706
TERMOSIERRACC , P3, 981205
TERMOSIERRACC , P4, 948251
TERMOSIERRACC , P5, 1151446
TERMOSIERRA1 , PAPUSDF07, 128538
TERMOSIERRA1 , PAPUSDT07, 128538
TERMOSIERRA1 , PAPUSDC07, 79232
TERMOSIERRA2 , PAPUSDT07, 128538
TERMOSIERRA2 , PAPUSDF07, 128538
TERMOSIERRA2 , PAPUSDC07, 79232
TERMOSIERRA3 , PAPUSDT07, 1544
TERMOSIERRA3 , PAPUSDC07, 1644
TERMOSIERRA3 , PAPUSDF07, 1544
TERMOSIERRACC , DISCONF1, 110, 110, 110, 110, 110, 110, 110, 110, 110, 110, 110, 110, 110, 110, 110, 110, 110, 110, 110, 110, 110, 110, 110, 110
TERMOSIERRACC , DISCONF2, 0, 0, 0, 0, 0, 0, 0, 0, 0, 0, 0, 0, 0, 0, 0, 0, 0, 0, 0, 0, 0, 0, 0, 0
TERMOSIERRACC , DISCONF3, 161, 161, 161, 161, 161, 161, 161, 161, 161, 161, 161, 161, 161, 161, 161, 161, 161, 161, 161, 161, 161, 161, 161, 161
TERMOSIERRACC , DISCONF4, 0, 0, 0, 0, 0, 0, 0, 0, 0, 0, 0, 0, 0, 0, 0, 0, 0, 0, 0, 0, 0, 0, 0, 0
TERMOSIERRACC , DISCONF5, 0, 0, 0, 0, 0, 0, 0, 0, 0, 0, 0, 0, 0, 0, 0, 0, 0, 0, 0, 0, 0, 0, 0, 0
TERMOSIERRA1 , D, 0, 0, 0, 0, 0, 0, 0, 0, 0, 0, 0, 0, 0, 0, 0, 0, 0, 0, 0, 0, 0, 0, 0, 0
TERMOSIERRA2 , D, 110, 110, 110, 110, 110, 110, 110, 110, 110, 110, 110, 110, 110, 110, 110, 110, 110, 110, 110, 110, 110, 110, 110, 110
TERMOSIERRA3 , D, 51, 51, 51, 51, 51, 51, 51, 51, 51, 51, 51, 51, 51, 51, 51, 51, 51, 51, 51, 51, 51, 51, 51, 51


AGENTE: ERCO GENERADOR
AUTOGCIJEANS1 , D, 0, 0, 0, 0, 0, 0, 0.01, 0.03, 0.16, 0.35, 0.52, 0.51, 0.46, 0.42, 0.46, 0.35, 0.21, 0.07, 0.01, 0, 0, 0, 0, 0
AUTOGCIJEANS1 , INVD, 24, 24, 24, 24, 24, 24, 24, 24, 24, 24, 24, 24, 24, 24, 24, 24, 24, 24, 24, 24, 24, 24, 24, 24
AUTOGHIDROSOLARI1 , D, 0, 0, 0, 0, 0, 0, 0, 0.02, 0.72, 0.96, 1.44, 1.87, 1.89, 1.83, 1.82, 1.62, 0.91, 0.08, 0, 0, 0, 0, 0, 0
AUTOGHIDROSOLARI1 , INVD, 7, 7, 7, 7, 7, 7, 7, 7, 7, 7, 7, 7, 7, 7, 7, 7, 7, 7, 7, 7, 7, 7, 7, 7
AUTOGPINTUCO1 , D, 0, 0, 0, 0, 0, 0, 0, 0.01, 0.03, 0.05, 0.09, 0.1, 0.15, 0.16, 0.15, 0.1, 0.03, 0.01, 0, 0, 0, 0, 0, 0
AUTOGPINTUCO1 , INVD, 25, 25, 25, 25, 25, 25, 25, 25, 25, 25, 25, 25, 25, 25, 25, 25, 25, 25, 25, 25, 25, 25, 25, 25
COMUNIDADELSALVADORI1 , D, 0, 0, 0, 0, 0, 0, 0, 0, 0, 0.01, 0.01, 0.01, 0.01, 0.01, 0, 0, 0, 0, 0, 0, 0, 0, 0, 0.01
COMUNIDADELSALVADORI1 , INVD, 1, 1, 1, 1, 1, 1, 1, 1, 1, 1, 1, 1, 1, 1, 1, 1, 1, 1, 1, 1, 1, 1, 1, 1
COMUNIDADELSALVADORII1 , D, 0, 0, 0, 0, 0, 0, 0, 0, 0, 0, 0, 0, 0, 0, 0, 0, 0, 0, 0, 0, 0, 0, 0, 0
COMUNIDADELSALVADORII1 , INVD, 1, 1, 1, 1, 1, 1, 1, 1, 1, 1, 1, 1, 1, 1, 1, 1, 1, 1, 1, 1, 1, 1, 1, 1
GDERCOGUAMOI1 , D, 0, 0, 0, 0, 0, 0, 0.06, 0.23, 0.45, 0.67, 0.79, 0.85, 0.85, 0.77, 0.63, 0.43, 0.18, 0.02, 0, 0, 0, 0, 0, 0
GDERCOGUAMOI1 , INVD, 3, 3, 3, 3, 3, 3, 3, 3, 3, 3, 3, 3, 3, 3, 3, 3, 3, 3, 3, 3, 3, 3, 3, 3
GDERCOGUAMOII1 , D, 0, 0, 0, 0, 0, 0, 0.06, 0.23, 0.45, 0.67, 0.79, 0.85, 0.85, 0.77, 0.63, 0.43, 0.18, 0.02, 0, 0, 0, 0, 0, 0
GDERCOGUAMOII1 , INVD, 3, 3, 3, 3, 3, 3, 3, 3, 3, 3, 3, 3, 3, 3, 3, 3, 3, 3, 3, 3, 3, 3, 3, 3
GDERCOGUAMOIII1 , D, 0, 0, 0, 0, 0, 0, 0.06, 0.23, 0.45, 0.67, 0.79, 0.85, 0.85, 0.77, 0.63, 0.43, 0.18, 0.02, 0, 0, 0, 0, 0, 0
GDERCOGUAMOIII1 , INVD, 3, 3, 3, 3, 3, 3, 3, 3, 3, 3, 3, 3, 3, 3, 3, 3, 3, 3, 3, 3, 3, 3, 3, 3
GDERCOGUAMOIV1 , D, 0, 0, 0, 0, 0, 0, 0.06, 0.23, 0.45, 0.67, 0.79, 0.85, 0.85, 0.77, 0.63, 0.43, 0.18, 0.02, 0, 0, 0, 0, 0, 0
GDERCOGUAMOIV1 , INVD, 3, 3, 3, 3, 3, 3, 3, 3, 3, 3, 3, 3, 3, 3, 3, 3, 3, 3, 3, 3, 3, 3, 3, 3
GDERCOMARIANGOLA1 , D, 0, 0, 0, 0, 0, 0, 0.06, 0.23, 0.45, 0.67, 0.79, 0.85, 0.85, 0.77, 0.63, 0.43, 0.18, 0.02, 0, 0, 0, 0, 0, 0
GDERCOMARIANGOLA1 , INVD, 3, 3, 3, 3, 3, 3, 3, 3, 3, 3, 3, 3, 3, 3, 3, 3, 3, 3, 3, 3, 3, 3, 3, 3
GDERCOSALDANAI1 , D, 0, 0, 0, 0, 0, 0, 0.06, 0.22, 0.45, 0.67, 0.79, 0.85, 0.85, 0.77, 0.63, 0.43, 0.18, 0.02, 0, 0, 0, 0, 0, 0
GDERCOSALDANAI1 , INVD, 3, 3, 3, 3, 3, 3, 3, 3, 3, 3, 3, 3, 3, 3, 3, 3, 3, 3, 3, 3, 3, 3, 3, 3
GDERCOSALDANAII1 , D, 0, 0, 0, 0, 0, 0, 0.06, 0.22, 0.45, 0.67, 0.79, 0.85, 0.85, 0.77, 0.63, 0.43, 0.18, 0.02, 0, 0, 0, 0, 0, 0
GDERCOSALDANAII1 , INVD, 3, 3, 3, 3, 3, 3, 3, 3, 3, 3, 3, 3, 3, 3, 3, 3, 3, 3, 3, 3, 3, 3, 3, 3
GDERCOTOLDADO1 , D, 0, 0, 0, 0, 0, 0, 0.02, 0.06, 0.3, 0.66, 0.97, 0.96, 0.86, 0.79, 0.61, 0.47, 0.28, 0.09, 0, 0, 0, 0, 0, 0
GDERCOTOLDADO1 , INVD, 3, 3, 3, 3, 3, 3, 3, 3, 3, 3, 3, 3, 3, 3, 3, 3, 3, 3, 3, 3, 3, 3, 3, 3
GUAMO1 , D, 0, 0, 0, 0, 0, 0.42, 1.76, 3.31, 4.75, 6.21, 7.18, 7.28, 6.61, 5.55, 4.1, 2.31, 0.57, 0, 0, 0, 0, 0, 0, 0
GUAMO1 , INVD, 34, 34, 34, 34, 34, 34, 34, 34, 34, 34, 34, 34, 34, 34, 34, 34, 34, 34, 34, 34, 34, 34, 34, 34
INGENIORISARALDA1 , D, 13, 13, 13, 13, 13, 13, 13, 13, 13, 13, 13, 13, 13, 13, 13, 13, 13, 13, 13, 13, 13, 13, 13, 13
LANENERA1 , D, 0, 0, 0, 0, 0, 0, 0.02, 0.06, 0.3, 0.66, 0.97, 0.96, 0.86, 0.79, 0.61, 0.47, 0.28, 0.09, 0, 0, 0, 0, 0, 0
LANENERA1 , INVD, 4, 4, 4, 4, 4, 4, 4, 4, 4, 4, 4, 4, 4, 4, 4, 4, 4, 4, 4, 4, 4, 4, 4, 4
NUMBANA1 , D, 0, 0, 0, 0, 0, 0.46, 2, 3.75, 5.38, 7.01, 7.93, 8.04, 7.46, 6.29, 4.67, 2.62, 0.63, 0, 0, 0, 0, 0, 0, 0
NUMBANA1 , INVD, 37, 37, 37, 37, 37, 37, 37, 37, 37, 37, 37, 37, 37, 37, 37, 37, 37, 37, 37, 37, 37, 37, 37, 37
PETALODELNORTEDESANTANDERI1 , D, 0, 0, 0, 0, 0, 0, 1.89, 4.77, 8.94, 12.76, 16.05, 17.79, 16.05, 13.62, 10.58, 7.52, 4.31, 1.19, 0, 0, 0, 0, 0, 0
PETALODELNORTEDESANTANDERI1 , INVD, 73, 73, 73, 73, 73, 73, 73, 73, 73, 73, 73, 73, 73, 73, 73, 73, 73, 73, 73, 73, 73, 73, 73, 73
ROKRA1 , D, 0, 0, 0, 0, 0, 0.01, 0.42, 1.83, 3.77, 5.63, 6.74, 7.82, 8.08, 7.27, 6.16, 4.62, 2.46, 0.51, 0, 0, 0, 0, 0, 0
ROKRA1 , INVD, 37, 37, 37, 37, 37, 37, 37, 37, 37, 37, 37, 37, 37, 37, 37, 37, 37, 37, 37, 37, 37, 37, 37, 37


AGENTE: ESPROD SAS ESP
RIONEGRO1 , D, 7, 7, 7, 7, 7, 7, 7, 7, 7, 7, 7, 7, 7, 7, 7, 7, 7, 7, 7, 7, 7, 7, 7, 7


AGENTE: YARUMO
PARQUESOLARBARANOA1 , D, 0, 0, 0, 0, 0, 0, 6, 11, 13, 9, 10, 10, 10, 9, 7, 5, 2, 0, 0, 0, 0, 0, 0, 0
PARQUESOLARBARANOA1 , INVD, 77, 77, 77, 77, 77, 77, 77, 77, 77, 77, 77, 77, 77, 77, 77, 77, 77, 77, 77, 77, 77, 77, 77, 77


AGENTE: FURESAS
GRANJASOLARELSALADO1 , D, 0, 0, 0, 0, 0, 0, 0, 0.02, 0.04, 0.06, 0.06, 0.06, 0.06, 0.06, 0.06, 0.04, 0.02, 0.01, 0, 0, 0, 0, 0, 0
GRANJASOLARELSALADO1 , INVD, 2, 2, 2, 2, 2, 2, 2, 2, 2, 2, 2, 2, 2, 2, 2, 2, 2, 2, 2, 2, 2, 2, 2, 2
PATICO-LACABRERA1 , D, 1.16, 1.15, 1.16, 1.18, 1.12, 1.06, 1.05, 1.04, 1.11, 0.97, 1.08, 0.98, 1.04, 1.06, 1.08, 1.1, 1.13, 1.11, 1.11, 1.1, 1.07, 1.02, 1.01, 1.03
SANJOSE1 , D, 0, 0, 0, 0, 0, 0, 0, 0, 0, 0, 0, 0, 0, 0, 0, 0, 0, 0, 0, 0, 0, 0, 0, 0


AGENTE: GECELCA S.A. E.S.P
AUTOGCANTAYUS1 , D, 1.56, 1.56, 1.55, 1.54, 1.54, 1.55, 1.54, 1.53, 1.54, 1.41, 1.2, 1.22, 1.21, 1.29, 1.41, 1.48, 1.47, 1.47, 1.47, 1.47, 1.47, 1.46, 1.53, 1.56
AUTOGCANTAYUS2 , D, 1.56, 1.56, 1.55, 1.54, 1.54, 1.55, 1.54, 1.53, 1.54, 1.41, 1.2, 1.22, 1.21, 1.29, 1.41, 1.48, 1.47, 1.47, 1.47, 1.47, 1.47, 1.46, 1.53, 1.56
AUTOGECOPETROLORITO1 , D, 1, 1, 1, 1, 1, 1, 1, 1, 1, 1, 1, 1, 1, 1, 1, 1, 1, 1, 1, 1, 1, 1, 1, 1
AUTOGELCOPEY1 , D, 0, 0, 0, 0, 0, 0, 0.4, 1.8, 2.6, 2.6, 3, 1.9, 1.8, 1.6, 1.4, 1.2, 1.1, 0.3, 0, 0, 0, 0, 0, 0
AUTOGELCOPEY1 , INVD, 34, 34, 34, 34, 34, 34, 34, 34, 34, 34, 34, 34, 34, 34, 34, 34, 34, 34, 34, 34, 34, 34, 34, 34
AUTOGREFICAR1 , D, 0, 0, 0, 0, 0, 0, 0, 0, 0, 0, 0, 0, 0, 0, 0, 0, 0, 0, 0, 0, 0, 0, 0, 0
GECELCA3 , P, 245578
GECELCA3 , C, CARBON
GECELCA3 , PAPC01, 53383488
GECELCA3 , PAPF01, 125561813
GECELCA3 , PAPT01, 80930645
GECELCA3 , PAPUSDC01, 13199
GECELCA3 , PAPUSDF01, 31045
GECELCA3 , PAPUSDT01, 20010
GECELCA3 , CONF, 1
GECELCA3 , D, 164, 164, 164, 164, 164, 164, 164, 164, 164, 164, 164, 164, 164, 164, 164, 164, 164, 164, 164, 164, 164, 164, 164, 164
GECELCA32 , P, 277994
GECELCA32 , C, CARBON
GECELCA32 , PAPC01, 46253016
GECELCA32 , PAPT01, 70637367
GECELCA32 , PAPF01, 100522252
GECELCA32 , PAPUSDC01, 11436
GECELCA32 , PAPUSDT01, 17465
GECELCA32 , PAPUSDF01, 24854
GECELCA32 , CONF, 1
GECELCA32 , D, 0, 0, 0, 0, 0, 0, 0, 0, 0, 0, 0, 0, 0, 0, 0, 0, 0, 0, 0, 0, 0, 0, 0, 0
GUAJIRA1 , P, 517516
GUAJIRA1 , C, MEZCLA GAS - CARBON
GUAJIRA1 , PAPF01, 94180460
GUAJIRA1 , PAPT01, 48352117
GUAJIRA1 , PAPC01, 34265089
GUAJIRA1 , PAPC14, 34265089
GUAJIRA1 , PAPT14, 48352117
GUAJIRA1 , PAPF14, 94180460
GUAJIRA1 , PAPUSDF01, 23286
GUAJIRA1 , PAPUSDT01, 11955
GUAJIRA1 , PAPUSDC01, 8472
GUAJIRA1 , PAPUSDC14, 8472
GUAJIRA1 , PAPUSDT14, 11955
GUAJIRA1 , PAPUSDF14, 23286
GUAJIRA1 , CONF, 2
GUAJIRA1 , D, 145, 145, 145, 145, 145, 145, 145, 145, 145, 145, 145, 145, 145, 145, 145, 145, 145, 145, 145, 145, 145, 145, 145, 145
GUAJIRA2 , P, 504838
GUAJIRA2 , C, MEZCLA GAS - CARBON
GUAJIRA2 , PAPC01, 34265089
GUAJIRA2 , PAPT01, 48352117
GUAJIRA2 , PAPC14, 34265089
GUAJIRA2 , PAPT14, 48352117
GUAJIRA2 , PAPF14, 94180460
GUAJIRA2 , PAPF01, 94180460
GUAJIRA2 , PAPUSDC01, 8472
GUAJIRA2 , PAPUSDT01, 11955
GUAJIRA2 , PAPUSDC14, 8472
GUAJIRA2 , PAPUSDT14, 11955
GUAJIRA2 , PAPUSDF14, 23286
GUAJIRA2 , PAPUSDF01, 23286
GUAJIRA2 , CONF, 2
GUAJIRA2 , D, 130, 130, 130, 130, 130, 130, 130, 130, 130, 130, 130, 130, 130, 130, 130, 130, 130, 130, 130, 130, 130, 130, 130, 130


AGENTE: TCNG
TERMOCENTRO1 , PAPC02, 0
TERMOCENTRO1 , PAPT02, 0
TERMOCENTRO1 , PAPF02, 0
TERMOCENTRO2 , PAPC02, 0
TERMOCENTRO2 , PAPT02, 0
TERMOCENTRO2 , PAPF02, 0
TERMOCENTRO3 , PAPC02, 0
TERMOCENTRO3 , PAPT02, 0
TERMOCENTRO3 , PAPF02, 0
TERMOCENTROCC , P1, 1934432
TERMOCENTROCC , P2, 2202671
TERMOCENTROCC , P3, 2596176
TERMOCENTROCC , P4, 1958638
TERMOCENTROCC , P5, 2595975
TERMOCENTRO1 , PAPUSDC02, 0
TERMOCENTRO1 , PAPUSDT02, 0
TERMOCENTRO1 , PAPUSDF02, 0
TERMOCENTRO2 , PAPUSDC02, 0
TERMOCENTRO2 , PAPUSDT02, 0
TERMOCENTRO2 , PAPUSDF02, 0
TERMOCENTRO3 , PAPUSDC02, 0
TERMOCENTRO3 , PAPUSDT02, 0
TERMOCENTRO3 , PAPUSDF02, 0
TERMOCENTROCC , DISCONF1, 0, 0, 0, 0, 0, 0, 0, 0, 0, 0, 0, 0, 0, 0, 0, 0, 0, 0, 0, 0, 0, 0, 0, 0
TERMOCENTROCC , DISCONF2, 0, 0, 0, 0, 0, 0, 0, 0, 0, 0, 0, 0, 0, 0, 0, 0, 0, 0, 0, 0, 0, 0, 0, 0
TERMOCENTROCC , DISCONF3, 0, 0, 0, 0, 0, 0, 0, 0, 0, 0, 0, 0, 0, 0, 0, 0, 0, 0, 0, 0, 0, 0, 0, 0
TERMOCENTROCC , DISCONF4, 0, 0, 0, 0, 0, 0, 0, 0, 0, 0, 0, 0, 0, 0, 0, 0, 0, 0, 0, 0, 0, 0, 0, 0
TERMOCENTROCC , DISCONF5, 0, 0, 0, 0, 0, 0, 0, 0, 0, 0, 0, 0, 0, 0, 0, 0, 0, 0, 0, 0, 0, 0, 0, 0
TERMOCENTRO1 , D, 0, 0, 0, 0, 0, 0, 0, 0, 0, 0, 0, 0, 0, 0, 0, 0, 0, 0, 0, 0, 0, 0, 0, 0
TERMOCENTRO2 , D, 0, 0, 0, 0, 0, 0, 0, 0, 0, 0, 0, 0, 0, 0, 0, 0, 0, 0, 0, 0, 0, 0, 0, 0
TERMOCENTRO3 , D, 0, 0, 0, 0, 0, 0, 0, 0, 0, 0, 0, 0, 0, 0, 0, 0, 0, 0, 0, 0, 0, 0, 0, 0


AGENTE: GENERSA
AUTOGTERMOARAUCA1 , D, 4.4, 4.4, 4.4, 4.4, 4.4, 4.4, 4.4, 4.4, 4.4, 4.4, 4.4, 4.4, 4.4, 4.4, 4.4, 4.4, 4.4, 4.4, 4.4, 4.4, 4.4, 4.4, 4.4, 4.4
AUTOGTERMOCOROCITO1 , D, 3.7, 3.7, 3.7, 3.7, 3.7, 3.7, 3.7, 3.7, 3.7, 3.7, 3.7, 3.7, 3.7, 3.7, 3.7, 3.7, 3.7, 3.7, 3.7, 3.7, 3.7, 3.7, 3.7, 3.7
AUTOGTERMOMACAGUA1 , D, 3.7, 3.7, 3.7, 3.7, 3.7, 3.7, 3.7, 3.7, 3.7, 3.7, 3.7, 3.7, 3.7, 3.7, 3.7, 3.7, 3.7, 3.7, 3.7, 3.7, 3.7, 3.7, 3.7, 3.7
AUTOGTERMOTAME1 , D, 0, 0, 0, 0, 0, 0, 0, 0, 0, 0, 0, 0, 0, 0, 0, 0, 0, 0, 0, 0, 0, 0, 0, 0
AUTOGTERMOTAME1 , D, 0, 0, 0, 0, 0, 0, 0, 0, 0, 0, 0, 0, 0, 0, 0, 0, 0, 0, 0, 0, 0, 0, 0, 0
AUTOGTERMOTAME2 , D, 1.49, 1.49, 1.49, 1.49, 1.49, 1.49, 1.49, 1.49, 1.49, 1.49, 1.49, 1.49, 1.49, 1.49, 1.49, 1.49, 1.49, 1.49, 1.49, 1.49, 1.49, 1.49, 1.49, 1.49
AUTOGTERMOTAME3 , D, 1.49, 1.49, 1.49, 1.49, 1.49, 1.49, 1.49, 1.49, 1.49, 1.49, 1.49, 1.49, 1.49, 1.49, 1.49, 1.49, 1.49, 1.49, 1.49, 1.49, 1.49, 1.49, 1.49, 1.49
TERMOBOLIVAR1 , D, 0, 0, 0, 0, 0, 0, 0, 0, 0, 0, 0, 0, 0, 0, 0, 0, 0, 0, 0, 0, 0, 0, 0, 0
TERMOCAPACHOS1 , D, 3, 3, 3, 3, 3, 3, 3, 3, 3, 3, 3, 3, 3, 3, 3, 3, 3, 3, 3, 3, 3, 3, 3, 3


AGENTE: GENERSOL
SUNNORTE , P, 85091
SUNNORTE1 , INVD, 109, 109, 109, 109, 109, 109, 109, 109, 109, 109, 109, 109, 109, 109, 109, 109, 109, 109, 109, 109, 109, 109, 109, 109
SUNNORTE1 , D, 0, 0, 0, 0, 0, 0, 3, 11, 20, 27, 30, 30, 26, 20, 16, 11, 6, 1, 0, 0, 0, 0, 0, 0


AGENTE: GENSA
PAIPA1 , P, 243593
PAIPA1 , C, CARBON
PAIPA1 , PAPT01, 26503674
PAIPA1 , PAPC01, 12901987
PAIPA1 , PAPF01, 42633180
PAIPA1 , PAPUSDT01, 6553
PAIPA1 , PAPUSDC01, 3190
PAIPA1 , PAPUSDF01, 10541
PAIPA1 , CONF, 1
PAIPA1 , D, 0, 0, 0, 0, 0, 0, 0, 0, 0, 0, 0, 0, 0, 0, 0, 0, 0, 0, 0, 0, 0, 0, 0, 0
PAIPA2 , P, 226099
PAIPA2 , C, CARBON
PAIPA2 , PAPF01, 71337068
PAIPA2 , PAPT01, 44461299
PAIPA2 , PAPC01, 30718054
PAIPA2 , PAPUSDF01, 17638
PAIPA2 , PAPUSDT01, 10993
PAIPA2 , PAPUSDC01, 7595
PAIPA2 , CONF, 1
PAIPA2 , D, 0, 0, 0, 0, 0, 0, 0, 0, 0, 0, 0, 0, 0, 0, 0, 0, 0, 0, 0, 0, 0, 0, 0, 0
PAIPA3 , P, 234303
PAIPA3 , C, CARBON
PAIPA3 , PAPC01, 30718054
PAIPA3 , PAPT01, 44461299
PAIPA3 , PAPF01, 71337068
PAIPA3 , PAPUSDC01, 7595
PAIPA3 , PAPUSDT01, 10993
PAIPA3 , PAPUSDF01, 17638
PAIPA3 , CONF, 1
PAIPA3 , D, 70, 70, 70, 70, 70, 70, 70, 70, 70, 70, 70, 70, 70, 70, 70, 70, 70, 70, 70, 70, 70, 70, 70, 70


AGENTE: GR POWER COLOMBIA
CENTROSOLAR1 , D, 0, 0, 0, 0, 0, 0, 2.6, 7.97, 9.28, 9.88, 9.9, 9.9, 9.9, 9.9, 9.9, 9.33, 8.29, 2.86, 0, 0, 0, 0, 0, 0
CENTROSOLAR1 , INVD, 8, 8, 8, 8, 8, 8, 8, 8, 8, 8, 8, 8, 8, 8, 8, 8, 8, 8, 8, 8, 8, 8, 8, 8


AGENTE: GREENYELLOW
CAIMANCIENAGUERO1 , D, 0, 0, 0, 0, 0, 0.01, 0.03, 0.24, 0.36, 0.51, 0.63, 0.54, 0.61, 0.2, 0.1, 0, 0, 0, 0, 0, 0, 0, 0, 0
CAIMANCIENAGUERO1 , INVD, 49, 49, 49, 49, 49, 49, 49, 49, 49, 49, 49, 49, 49, 49, 49, 49, 49, 49, 49, 49, 49, 49, 49, 49
GDFINCAISABELLOPEZ1 , D, 0, 0, 0, 0, 0, 0, 0.01, 0.04, 0.07, 0.12, 0.08, 0.07, 0.06, 0.05, 0.02, 0, 0, 0, 0, 0, 0, 0, 0, 0
GDFINCAISABELLOPEZ1 , INVD, 3, 3, 3, 3, 3, 3, 3, 3, 3, 3, 3, 3, 3, 3, 3, 3, 3, 3, 3, 3, 3, 3, 3, 3
GDFINCAJM1 , D, 0, 0, 0, 0, 0, 0, 0.01, 0.04, 0.07, 0.12, 0.08, 0.07, 0.06, 0.05, 0.02, 0, 0, 0, 0, 0, 0, 0, 0, 0
GDFINCAJM1 , INVD, 3, 3, 3, 3, 3, 3, 3, 3, 3, 3, 3, 3, 3, 3, 3, 3, 3, 3, 3, 3, 3, 3, 3, 3
GYSOLARAURORA1 , D, 0, 0, 0, 0, 0, 0.01, 0.03, 0.24, 0.36, 0.51, 0.63, 0.54, 0.61, 0.2, 0.1, 0, 0, 0, 0, 0, 0, 0, 0, 0
GYSOLARAURORA1 , INVD, 57, 57, 57, 57, 57, 57, 57, 57, 57, 57, 57, 57, 57, 57, 57, 57, 57, 57, 57, 57, 57, 57, 57, 57
JEQUES1 , D, 0, 0, 0, 0, 0, 0.01, 0.03, 0.24, 0.36, 0.51, 0.63, 0.54, 0.61, 0.2, 0.1, 0, 0, 0, 0, 0, 0, 0, 0, 0
JEQUES1 , INVD, 34, 34, 34, 34, 34, 34, 34, 34, 34, 34, 34, 34, 34, 34, 34, 34, 34, 34, 34, 34, 34, 34, 34, 34
PARQUESOLARDINAMARCA1 , D, 0, 0, 0, 0, 0, 0.01, 0.03, 0.24, 0.36, 0.51, 0.63, 0.54, 0.61, 0.2, 0.1, 0, 0, 0, 0, 0, 0, 0, 0, 0
PARQUESOLARDINAMARCA1 , INVD, 49, 49, 49, 49, 49, 49, 49, 49, 49, 49, 49, 49, 49, 49, 49, 49, 49, 49, 49, 49, 49, 49, 49, 49
PARQUESOLARLAMENA1 , D, 0, 0, 0, 0, 0, 0.01, 0.03, 0.24, 0.36, 0.51, 0.63, 0.54, 0.61, 0.2, 0.1, 0, 0, 0, 0, 0, 0, 0, 0, 0
PARQUESOLARLAMENA1 , INVD, 49, 49, 49, 49, 49, 49, 49, 49, 49, 49, 49, 49, 49, 49, 49, 49, 49, 49, 49, 49, 49, 49, 49, 49
PARQUESOLARVERSALLES1 , D, 0, 0, 0, 0, 0, 0.01, 0.03, 0.24, 0.36, 0.51, 0.63, 0.54, 0.61, 0.2, 0.1, 0, 0, 0, 0, 0, 0, 0, 0, 0
PARQUESOLARVERSALLES1 , INVD, 49, 49, 49, 49, 49, 49, 49, 49, 49, 49, 49, 49, 49, 49, 49, 49, 49, 49, 49, 49, 49, 49, 49, 49
SOLARALEJANDRIA1 , D, 0, 0, 0, 0, 0, 0.01, 0.03, 0.24, 0.36, 0.51, 0.63, 0.54, 0.61, 0.2, 0.1, 0, 0, 0, 0, 0, 0, 0, 0, 0
SOLARALEJANDRIA1 , INVD, 33, 33, 33, 33, 33, 33, 33, 33, 33, 33, 33, 33, 33, 33, 33, 33, 33, 33, 33, 33, 33, 33, 33, 33


AGENTE: HIDROBARRANCAS
HIDROBARRANCAS1 , D, 3.1, 3.1, 3.1, 3.1, 3.1, 3.1, 3.1, 3.1, 3.1, 3.1, 3.1, 3.1, 3.1, 3.1, 3.1, 3.1, 3.1, 3.1, 3.1, 3.1, 3.1, 3.1, 3.1, 3.1


AGENTE: HIDRALPOR SAS ESP
CARLOSLLERAS , P, 89000
CARLOSLLERAS1 , D, 39, 39, 39, 39, 39, 39, 39, 39, 39, 39, 39, 39, 39, 39, 39, 39, 39, 39, 39, 39, 39, 39, 39, 39
CARLOSLLERAS2 , D, 39, 39, 39, 39, 39, 39, 39, 39, 39, 39, 39, 39, 39, 39, 39, 39, 39, 39, 39, 39, 39, 39, 39, 39
ESCUELADEMINAS , P, 89000
ESCUELADEMINAS1 , D, 19, 19, 19, 19, 19, 19, 19, 19, 19, 19, 19, 19, 19, 19, 19, 19, 19, 19, 19, 19, 19, 19, 19, 19
ESCUELADEMINAS2 , D, 18, 18, 18, 18, 18, 18, 18, 18, 18, 18, 18, 18, 18, 18, 18, 18, 18, 18, 18, 18, 18, 18, 18, 18
ESCUELADEMINAS3 , D, 18, 18, 18, 18, 18, 18, 18, 18, 18, 18, 18, 18, 18, 18, 18, 18, 18, 18, 18, 18, 18, 18, 18, 18


AGENTE: HIDROMONT
LACHORRERA1 , D, 7, 7, 7, 7, 7, 7, 7, 7, 7, 7, 7, 7, 7, 7, 7, 7, 7, 7, 7, 7, 7, 7, 7, 7
LACHORRERA2 , D, 7, 7, 7, 7, 7, 7, 7, 7, 7, 7, 7, 7, 7, 7, 7, 7, 7, 7, 7, 7, 7, 7, 7, 7


AGENTE: HIDROTOLIMA
MIROLINDO1 , D, 2.63, 2.63, 2.63, 2.63, 2.63, 2.63, 2.63, 2.63, 2.63, 2.63, 2.63, 2.63, 2.63, 2.63, 2.63, 2.63, 2.63, 2.63, 2.63, 2.63, 2.63, 2.63, 2.63, 2.63
PASTALES1 , D, 0.65, 0.65, 0.65, 0.65, 0.65, 0.65, 0.65, 0.65, 0.65, 0.65, 0.65, 0.65, 0.65, 0.65, 0.65, 0.65, 0.65, 0.65, 0.65, 0.65, 0.65, 0.65, 0.65, 0.65
RIORECIO1 , D, 0.52, 0.52, 0.52, 0.52, 0.52, 0.52, 0.52, 0.52, 0.52, 0.52, 0.52, 0.52, 0.52, 0.52, 0.52, 0.52, 0.52, 0.52, 0.52, 0.52, 0.52, 0.52, 0.52, 0.52
SANTIAGO1 , D, 0.96, 0.96, 0.96, 0.96, 0.96, 0.96, 0.96, 0.96, 0.96, 0.96, 0.96, 0.96, 0.96, 0.96, 0.96, 0.96, 0.96, 0.96, 0.96, 0.96, 0.96, 0.96, 0.96, 0.96
VENTANAA1 , D, 0, 0, 0, 0, 0, 0, 0, 0, 0, 0, 0, 0, 0, 0, 0, 0, 0, 0, 0, 0, 0, 0, 0, 0
VENTANAB1 , D, 2.5, 2.5, 2.5, 2.5, 2.5, 2.5, 2.5, 2.5, 2.5, 2.5, 2.5, 2.5, 2.5, 2.5, 2.5, 2.5, 2.5, 2.5, 2.5, 2.5, 2.5, 2.5, 2.5, 2.5


AGENTE: HZ ENERGY
AMALFI1 , D, 0.3, 0.3, 0.3, 0.3, 0.3, 0.3, 0.3, 0.3, 0.3, 0.3, 0.3, 0.3, 0.3, 0.3, 0.3, 0.3, 0.3, 0.3, 0.3, 0.3, 0.3, 0.3, 0.3, 0.3
LAREBUSCA1 , D, 0.65, 0.65, 0.65, 0.65, 0.65, 0.65, 0.65, 0.65, 0.65, 0.65, 0.65, 0.65, 0.65, 0.65, 0.65, 0.65, 0.65, 0.65, 0.65, 0.65, 0.65, 0.65, 0.65, 0.65
PROVIDENCIA1 , D, 0.45, 0.45, 0.45, 0.45, 0.45, 0.45, 0.69, 0, 0, 0, 0.94, 0, 4.19, 4.9, 4.9, 1.7, 0, 0.45, 0.45, 0.45, 0.45, 0.45, 0.45, 0.45


AGENTE: IAC ENERGY
LANAVETA1 , D, 3.5, 3.5, 3.5, 3.5, 3.5, 3.5, 3.5, 3.5, 3.5, 3.5, 3.5, 3.5, 3.5, 3.5, 3.5, 3.5, 3.5, 3.5, 3.5, 3.5, 3.5, 3.5, 3.5, 3.5


AGENTE: ISAGEN
AMOYALAESPERANZA , P, 101417
AMOYALAESPERANZA1 , D, 38, 38, 38, 38, 38, 38, 38, 38, 38, 38, 38, 38, 38, 38, 38, 38, 38, 38, 38, 38, 38, 38, 38, 38
AMOYALAESPERANZA2 , D, 37, 37, 37, 37, 37, 37, 37, 37, 37, 37, 37, 37, 37, 37, 37, 37, 37, 37, 37, 37, 37, 37, 37, 37
BARROSO1 , D, 9.37, 9.37, 9.37, 9.37, 9.37, 9.37, 9.37, 9.37, 9.37, 9.37, 9.37, 9.37, 9.37, 9.37, 9.37, 9.37, 9.37, 9.37, 9.37, 9.37, 9.37, 9.37, 9.37, 9.37
BARROSO2 , D, 9.37, 9.37, 9.37, 9.37, 9.37, 9.37, 9.37, 9.37, 9.37, 9.37, 9.37, 9.37, 9.37, 9.37, 9.37, 9.37, 9.37, 9.37, 9.37, 9.37, 9.37, 9.37, 9.37, 9.37
BOSQUESSOLARESDELOSLLANOS41 , D, 0, 0, 0, 0, 0, 0, 3.44, 11.91, 15, 16.39, 17.02, 15.82, 13.94, 11.98, 12.34, 8.33, 4.85, 0, 0, 0, 0, 0, 0, 0
BOSQUESSOLARESDELOSLLANOS41 , INVD, 121, 121, 121, 121, 121, 121, 121, 121, 121, 121, 121, 121, 121, 121, 121, 121, 121, 121, 121, 121, 121, 121, 121, 121
BOSQUESSOLARESDELOSLLANOS51 , D, 0, 0, 0, 0, 0, 0, 2.94, 9.78, 13.14, 14.19, 14, 12.96, 12.34, 10.93, 10.8, 9.13, 4.89, 0, 0, 0, 0, 0, 0, 0
BOSQUESSOLARESDELOSLLANOS51 , INVD, 111, 111, 111, 111, 111, 111, 111, 111, 111, 111, 111, 111, 111, 111, 111, 111, 111, 111, 111, 111, 111, 111, 111, 111
BSB5001 , D, 0, 0, 0, 0, 0, 0, 4.34, 13.96, 18.4, 19.11, 18.6, 18.35, 17.14, 16.5, 14.87, 13.9, 10.34, 2.19, 0, 0, 0, 0, 0, 0
BSB5001 , INVD, 77, 77, 77, 77, 77, 77, 77, 77, 77, 77, 77, 77, 77, 77, 77, 77, 77, 77, 77, 77, 77, 77, 77, 77
BSB5011 , D, 0, 0, 0, 0, 0, 0, 4.34, 13.96, 18.4, 19.11, 18.6, 18.35, 17.14, 16.5, 14.87, 13.9, 10.34, 2.19, 0, 0, 0, 0, 0, 0
BSB5011 , INVD, 77, 77, 77, 77, 77, 77, 77, 77, 77, 77, 77, 77, 77, 77, 77, 77, 77, 77, 77, 77, 77, 77, 77, 77
BSB5021 , D, 0, 0, 0, 0, 0, 0, 4.34, 13.96, 18.4, 19.11, 18.6, 18.35, 17.14, 16.5, 14.87, 13.9, 10.34, 2.19, 0, 0, 0, 0, 0, 0
BSB5021 , INVD, 77, 77, 77, 77, 77, 77, 77, 77, 77, 77, 77, 77, 77, 77, 77, 77, 77, 77, 77, 77, 77, 77, 77, 77
BSB5031 , D, 0, 0, 0, 0, 0, 0, 4.34, 13.96, 18.4, 19.11, 18.6, 18.35, 17.14, 16.5, 14.87, 13.9, 10.34, 2.19, 0, 0, 0, 0, 0, 0
BSB5031 , INVD, 77, 77, 77, 77, 77, 77, 77, 77, 77, 77, 77, 77, 77, 77, 77, 77, 77, 77, 77, 77, 77, 77, 77, 77
BSB5041 , D, 0, 0, 0, 0, 0, 0, 4.34, 13.96, 18.4, 19.11, 18.6, 18.35, 17.14, 16.5, 14.87, 13.9, 10.34, 2.19, 0, 0, 0, 0, 0, 0
BSB5041 , INVD, 77, 77, 77, 77, 77, 77, 77, 77, 77, 77, 77, 77, 77, 77, 77, 77, 77, 77, 77, 77, 77, 77, 77, 77
CALDERAS1 , D, 0, 0, 0, 0, 0, 0, 0, 0, 0, 0, 0, 0, 0, 0, 0, 0, 0, 0, 0, 0, 0, 0, 0, 0
CALDERAS2 , D, 0, 0, 0, 0, 0, 0, 0, 0, 0, 0, 0, 0, 0, 0, 0, 0, 0, 0, 0, 0, 0, 0, 0, 0
CARUQUIA1 , D, 8.56, 8.56, 8.56, 8.56, 8.56, 8.56, 8.56, 8.56, 8.56, 8.56, 8.56, 8.56, 8.56, 8.56, 8.56, 8.56, 8.56, 8.56, 8.56, 8.56, 8.56, 8.56, 8.56, 8.56
ELMOLINO1 , D, 9.26, 9.26, 9.26, 9.26, 9.26, 9.26, 9.26, 9.26, 9.26, 9.26, 9.26, 9.26, 9.26, 9.26, 9.26, 9.26, 9.26, 9.26, 9.26, 9.26, 9.26, 9.26, 9.26, 9.26
ELMOLINO2 , D, 9.26, 9.26, 9.26, 9.26, 9.26, 9.26, 9.26, 9.26, 9.26, 9.26, 9.26, 9.26, 9.26, 9.26, 9.26, 9.26, 9.26, 9.26, 9.26, 9.26, 9.26, 9.26, 9.26, 9.26
ELPOPAL1 , D, 9.62, 9.62, 9.62, 9.62, 9.62, 9.62, 9.62, 9.62, 9.62, 9.62, 9.62, 9.62, 9.62, 9.62, 9.62, 9.62, 9.62, 9.62, 9.62, 9.62, 9.62, 9.62, 9.62, 9.62
ELPOPAL2 , D, 9.62, 9.62, 9.62, 9.62, 9.62, 9.62, 9.62, 9.62, 9.62, 9.62, 9.62, 9.62, 9.62, 9.62, 9.62, 9.62, 9.62, 9.62, 9.62, 9.62, 9.62, 9.62, 9.62, 9.62
GUANAQUITAS1 , D, 9.5, 9.5, 9.5, 9.5, 9.5, 9.5, 9.5, 9.5, 9.5, 9.5, 9.5, 9.5, 9.5, 9.5, 9.5, 9.5, 9.5, 9.5, 9.5, 9.5, 9.5, 9.5, 9.5, 9.5
JAGUAS , P, 440000
JAGUAS1 , D, 85, 85, 85, 85, 85, 85, 85, 85, 85, 85, 85, 85, 85, 85, 85, 85, 85, 85, 85, 85, 85, 85, 85, 85
JAGUAS2 , D, 85, 85, 85, 85, 85, 85, 85, 85, 85, 85, 85, 85, 85, 85, 85, 85, 85, 85, 85, 85, 85, 85, 85, 85
JAGUAS1 , AGCU, 70, 70, 70, 70, 70, 70, 70, 70, 70, 70, 70, 70, 70, 70, 70, 70, 70, 70, 70, 70, 70, 70, 70, 70
JAGUAS2 , AGCU, 70, 70, 70, 70, 70, 70, 70, 70, 70, 70, 70, 70, 70, 70, 70, 70, 70, 70, 70, 70, 70, 70, 70, 70
JAGUAS , AGCP, 140, 140, 140, 140, 140, 140, 140, 140, 140, 140, 140, 140, 140, 140, 140, 140, 140, 140, 140, 140, 140, 140, 140, 140
LUZMAI1 , D, 8.84, 8.84, 8.84, 8.84, 8.84, 8.84, 8.84, 8.84, 8.84, 8.84, 8.84, 8.84, 8.84, 8.84, 8.84, 8.84, 8.84, 8.84, 8.84, 8.84, 8.84, 8.84, 8.84, 8.84
LUZMAI2 , D, 8.84, 8.84, 8.84, 8.84, 8.84, 8.84, 8.84, 8.84, 8.84, 8.84, 8.84, 8.84, 8.84, 8.84, 8.84, 8.84, 8.84, 8.84, 8.84, 8.84, 8.84, 8.84, 8.84, 8.84
LUZMAII1 , D, 8.63, 8.63, 8.63, 8.63, 8.63, 8.63, 8.63, 8.63, 8.63, 8.63, 8.63, 8.63, 8.63, 8.63, 8.63, 8.63, 8.63, 8.63, 8.63, 8.63, 8.63, 8.63, 8.63, 8.63
LUZMAII2 , D, 8.63, 8.63, 8.63, 8.63, 8.63, 8.63, 8.63, 8.63, 8.63, 8.63, 8.63, 8.63, 8.63, 8.63, 8.63, 8.63, 8.63, 8.63, 8.63, 8.63, 8.63, 8.63, 8.63, 8.63
MIELI , P, 450000
MIELI , MO, 32, 32, 32, 32, 32, 32, 32, 32, 32, 32, 32, 32, 32, 32, 32, 32, 32, 32, 32, 32, 32, 32, 32, 32
MIELI1 , D, 129, 129, 129, 129, 129, 129, 129, 129, 129, 129, 129, 129, 129, 129, 129, 129, 129, 129, 129, 129, 129, 129, 129, 129
MIELI2 , D, 129, 129, 129, 129, 129, 129, 129, 129, 129, 129, 129, 129, 129, 129, 129, 129, 129, 129, 129, 129, 129, 129, 129, 129
MIELI3 , D, 129, 129, 129, 129, 129, 129, 129, 129, 129, 129, 129, 129, 129, 129, 129, 129, 129, 129, 129, 129, 129, 129, 129, 129
MIELI1 , AGCU, 75, 75, 75, 75, 75, 75, 75, 75, 75, 75, 75, 75, 75, 75, 75, 75, 75, 75, 75, 75, 75, 75, 75, 75
MIELI2 , AGCU, 75, 75, 75, 75, 75, 75, 75, 75, 75, 75, 75, 75, 75, 75, 75, 75, 75, 75, 75, 75, 75, 75, 75, 75
MIELI3 , AGCU, 75, 75, 75, 75, 75, 75, 75, 75, 75, 75, 75, 75, 75, 75, 75, 75, 75, 75, 75, 75, 75, 75, 75, 75
MIELI , AGCP, 225, 225, 225, 225, 225, 225, 225, 225, 225, 225, 225, 225, 225, 225, 225, 225, 225, 225, 225, 225, 225, 225, 225, 225
PARQUEEOLICOGUAJIRAI1 , D, 12.74, 12.74, 12.74, 12.74, 12.74, 12.1, 10.6, 11.28, 12.74, 12.74, 12.74, 12.74, 12.74, 12.74, 12.74, 12.74, 12.74, 12.74, 12.74, 12.74, 12.74, 12.74, 12.74, 12.74
PARQUEEOLICOGUAJIRAI1 , INVD, 8, 8, 8, 8, 8, 8, 8, 8, 8, 8, 8, 8, 8, 8, 8, 8, 8, 8, 8, 8, 8, 8, 8, 8
PARQUEEOLICOWESP011 , D, 9.95, 10.27, 10.24, 9.88, 9.25, 8.79, 8.26, 8.82, 10.17, 11.63, 11.92, 11.67, 11.53, 11.32, 11.55, 11.56, 11.63, 11.67, 11.71, 11.96, 11.92, 11.92, 11.76, 11.54
PARQUEEOLICOWESP011 , INVD, 4, 4, 4, 4, 4, 4, 4, 4, 4, 4, 4, 4, 4, 4, 4, 4, 4, 4, 4, 4, 4, 4, 4, 4
SANCARLOS , P, 96431
SANCARLOS1 , D, 0, 0, 0, 0, 0, 0, 0, 0, 0, 0, 0, 0, 0, 0, 0, 0, 0, 0, 0, 0, 0, 0, 0, 0
SANCARLOS2 , D, 155, 155, 155, 155, 155, 155, 155, 155, 155, 155, 155, 155, 155, 155, 155, 155, 155, 155, 155, 155, 155, 155, 155, 155
SANCARLOS3 , D, 155, 155, 155, 155, 155, 155, 155, 155, 155, 155, 155, 155, 155, 155, 155, 155, 155, 155, 155, 155, 155, 155, 155, 155
SANCARLOS4 , D, 155, 155, 155, 155, 155, 155, 155, 155, 155, 155, 155, 155, 155, 155, 155, 155, 155, 155, 155, 155, 155, 155, 155, 155
SANCARLOS5 , D, 155, 155, 155, 155, 155, 155, 155, 155, 155, 155, 155, 155, 155, 155, 155, 155, 155, 155, 155, 155, 155, 155, 155, 155
SANCARLOS6 , D, 155, 155, 155, 155, 155, 155, 155, 155, 155, 155, 155, 155, 155, 155, 155, 155, 155, 155, 155, 155, 155, 155, 155, 155
SANCARLOS7 , D, 155, 155, 155, 155, 155, 155, 155, 155, 155, 155, 155, 155, 155, 155, 155, 155, 155, 155, 155, 155, 155, 155, 155, 155
SANCARLOS8 , D, 155, 155, 155, 155, 155, 155, 155, 155, 155, 155, 155, 155, 155, 155, 155, 155, 155, 155, 155, 155, 155, 155, 155, 155
SANCARLOS1 , AGCU, 0, 0, 0, 0, 0, 0, 0, 0, 0, 0, 0, 0, 0, 0, 0, 0, 0, 0, 0, 0, 0, 0, 0, 0
SANCARLOS2 , AGCU, 130, 130, 130, 130, 130, 130, 130, 130, 130, 130, 130, 130, 130, 130, 130, 130, 130, 130, 12, 12, 12, 130, 130, 130
SANCARLOS3 , AGCU, 130, 130, 130, 130, 130, 130, 130, 130, 130, 130, 130, 130, 130, 130, 130, 130, 130, 130, 12, 12, 12, 130, 130, 130
SANCARLOS4 , AGCU, 130, 130, 130, 130, 130, 130, 130, 130, 130, 130, 130, 130, 130, 130, 130, 130, 130, 130, 12, 12, 12, 130, 130, 130
SANCARLOS5 , AGCU, 130, 130, 130, 130, 130, 130, 130, 130, 130, 130, 130, 130, 130, 130, 130, 130, 130, 130, 12, 12, 12, 130, 130, 130
SANCARLOS6 , AGCU, 130, 130, 130, 130, 130, 130, 130, 130, 130, 130, 130, 130, 130, 130, 130, 130, 130, 130, 12, 12, 12, 130, 130, 130
SANCARLOS7 , AGCU, 130, 130, 130, 130, 130, 130, 130, 130, 130, 130, 130, 130, 130, 130, 130, 130, 130, 130, 12, 12, 12, 130, 130, 130
SANCARLOS8 , AGCU, 130, 130, 130, 130, 130, 130, 130, 130, 130, 130, 130, 130, 130, 130, 130, 130, 130, 130, 12, 12, 12, 130, 130, 130
SANCARLOS , AGCP, 323, 199, 36, 199, 199, 235, 235, 235, 235, 271, 297, 293, 303, 291, 277, 235, 235, 235, 36, 36, 36, 235, 379, 347
SANMATIAS1 , D, 8.97, 8.97, 8.97, 8.97, 8.97, 8.97, 8.97, 8.97, 8.97, 8.97, 8.97, 8.97, 8.97, 8.97, 8.97, 8.97, 8.97, 8.97, 8.97, 8.97, 8.97, 8.97, 8.97, 8.97
SANMATIAS2 , D, 8.97, 8.97, 8.97, 8.97, 8.97, 8.97, 8.97, 8.97, 8.97, 8.97, 8.97, 8.97, 8.97, 8.97, 8.97, 8.97, 8.97, 8.97, 8.97, 8.97, 8.97, 8.97, 8.97, 8.97
SANMIGUEL , P, 96431
SANMIGUEL1 , D, 25, 25, 25, 25, 25, 25, 25, 25, 25, 25, 25, 25, 25, 25, 25, 25, 25, 24, 24, 24, 24, 24, 24, 24
SANMIGUEL2 , D, 0, 0, 0, 0, 0, 0, 0, 0, 0, 0, 0, 0, 0, 0, 0, 0, 0, 23, 23, 23, 23, 23, 23, 23
SOGAMOSO , P, 96431
SOGAMOSO , MO, 120, 120, 120, 120, 120, 120, 120, 120, 120, 120, 120, 120, 120, 120, 120, 120, 120, 120, 120, 120, 120, 120, 120, 120
SOGAMOSO1 , D, 273, 273, 273, 273, 273, 273, 273, 273, 273, 273, 273, 273, 273, 273, 273, 273, 273, 273, 273, 273, 273, 273, 273, 273
SOGAMOSO2 , D, 273, 273, 273, 273, 273, 273, 273, 273, 273, 273, 273, 273, 273, 273, 273, 273, 273, 273, 273, 273, 273, 273, 273, 273
SOGAMOSO3 , D, 0, 0, 0, 0, 0, 0, 0, 0, 0, 0, 0, 0, 0, 0, 0, 0, 0, 0, 0, 0, 0, 0, 0, 0
SOGAMOSO1 , AGCU, 18, 18, 18, 18, 18, 0, 0, 0, 0, 0, 0, 0, 0, 0, 0, 0, 0, 0, 0, 0, 0, 0, 0, 0
SOGAMOSO2 , AGCU, 18, 18, 18, 18, 18, 0, 0, 0, 0, 0, 0, 0, 0, 0, 0, 0, 0, 0, 0, 0, 0, 0, 0, 0
SOGAMOSO3 , AGCU, 0, 0, 0, 0, 0, 0, 0, 0, 0, 0, 0, 0, 0, 0, 0, 0, 0, 0, 0, 0, 0, 0, 0, 0
SOGAMOSO , AGCP, 36, 36, 36, 36, 36, 0, 0, 0, 0, 0, 0, 0, 0, 0, 0, 0, 0, 0, 0, 0, 0, 0, 0, 0
TRINA-VATIABSLI1 , D, 0, 0, 0, 0, 0, 0, 0, 0, 0, 0, 0, 0, 0, 0, 0, 0, 0, 0, 0, 0, 0, 0, 0, 0
TRINA-VATIABSLI1 , INVD, 126, 126, 126, 126, 126, 126, 126, 126, 126, 126, 126, 126, 126, 126, 126, 126, 126, 126, 126, 126, 126, 126, 126, 126
TRINA-VATIABSLII1 , D, 0, 0, 0, 0, 0, 0, 3.44, 11.91, 15, 16.39, 17.02, 15.82, 13.94, 11.98, 12.34, 8.33, 4.85, 0, 0, 0, 0, 0, 0, 0
TRINA-VATIABSLII1 , INVD, 126, 126, 126, 126, 126, 126, 126, 126, 126, 126, 126, 126, 126, 126, 126, 126, 126, 126, 126, 126, 126, 126, 126, 126
TRINA-VATIABSLIII1 , D, 0, 0, 0, 0, 0, 0, 3.44, 11.91, 15, 16.39, 17.02, 15.82, 13.94, 11.98, 12.34, 8.33, 4.85, 0, 0, 0, 0, 0, 0, 0
TRINA-VATIABSLIII1 , INVD, 126, 126, 126, 126, 126, 126, 126, 126, 126, 126, 126, 126, 126, 126, 126, 126, 126, 126, 126, 126, 126, 126, 126, 126


AGENTE: NITRO ENERGY
AUTOGBIODIANA1 , D, 0.2, 0.2, 0.2, 0.2, 0.2, 0.2, 0.2, 0.2, 0.2, 0.2, 0.2, 0.2, 0.2, 0.2, 0.2, 0.2, 0.2, 0.2, 0.2, 0.2, 0.2, 0.2, 0.2, 0.2
CARTAGENA1 , P, 1734435
CARTAGENA1 , C, COMBUSTOLEO
CARTAGENA1 , PAPT02, 64190418
CARTAGENA1 , PAPC02, 45116509
CARTAGENA1 , PAPF02, 105553622
CARTAGENA1 , PAPF13, 123644716
CARTAGENA1 , PAPT13, 80441260
CARTAGENA1 , PAPT09, 86698117
CARTAGENA1 , PAPF09, 149048283
CARTAGENA1 , PAPC09, 64388599
CARTAGENA1 , PAPC13, 53084194
CARTAGENA1 , PAPUSDT02, 15871
CARTAGENA1 , PAPUSDC02, 11155
CARTAGENA1 , PAPUSDF02, 26098
CARTAGENA1 , PAPUSDF13, 30571
CARTAGENA1 , PAPUSDT13, 19889
CARTAGENA1 , PAPUSDT09, 21436
CARTAGENA1 , PAPUSDF09, 36852
CARTAGENA1 , PAPUSDC09, 15920
CARTAGENA1 , PAPUSDC13, 13125
CARTAGENA1 , CONF, 1
CARTAGENA1 , D, 30, 30, 30, 30, 30, 30, 30, 30, 30, 30, 30, 30, 30, 30, 30, 30, 30, 30, 30, 30, 30, 30, 30, 30
CARTAGENA2 , P, 1732356
CARTAGENA2 , C, COMBUSTOLEO
CARTAGENA2 , PAPT02, 60052885
CARTAGENA2 , PAPF02, 99583925
CARTAGENA2 , PAPT09, 78637408
CARTAGENA2 , PAPC13, 52044755
CARTAGENA2 , PAPT13, 72534243
CARTAGENA2 , PAPF13, 111507141
CARTAGENA2 , PAPC02, 42172106
CARTAGENA2 , PAPC09, 57593823
CARTAGENA2 , PAPF09, 117982401
CARTAGENA2 , PAPUSDT02, 14848
CARTAGENA2 , PAPUSDF02, 24622
CARTAGENA2 , PAPUSDT09, 19443
CARTAGENA2 , PAPUSDC13, 12868
CARTAGENA2 , PAPUSDT13, 17934
CARTAGENA2 , PAPUSDF13, 27570
CARTAGENA2 , PAPUSDC02, 10427
CARTAGENA2 , PAPUSDC09, 14240
CARTAGENA2 , PAPUSDF09, 29171
CARTAGENA2 , CONF, 1
CARTAGENA2 , D, 39, 39, 39, 39, 39, 39, 39, 39, 39, 39, 39, 39, 39, 39, 39, 39, 39, 39, 39, 39, 39, 39, 39, 39
CARTAGENA3 , P, 1463352
CARTAGENA3 , C, COMBUSTOLEO
CARTAGENA3 , PAPC09, 44056848
CARTAGENA3 , PAPF02, 91773977
CARTAGENA3 , PAPT09, 81569678
CARTAGENA3 , PAPT02, 53019482
CARTAGENA3 , PAPC02, 59308695
CARTAGENA3 , PAPF09, 119402025
CARTAGENA3 , PAPUSDC09, 10893
CARTAGENA3 , PAPUSDF02, 22691
CARTAGENA3 , PAPUSDT09, 20168
CARTAGENA3 , PAPUSDT02, 13109
CARTAGENA3 , PAPUSDC02, 14664
CARTAGENA3 , PAPUSDF09, 29522
CARTAGENA3 , CONF, 1
CARTAGENA3 , D, 0, 0, 0, 0, 0, 0, 0, 0, 0, 0, 0, 0, 0, 0, 0, 0, 0, 0, 0, 0, 0, 0, 0, 0
INCAUCA1 , D, 26.4, 26.4, 26.4, 26.4, 26.4, 26.4, 26.4, 26.4, 26.4, 26.4, 26.4, 26.4, 26.4, 26.4, 26.4, 26.4, 26.4, 26.4, 26.4, 26.4, 26.4, 26.4, 26.4, 26.4
INGENIOPROVIDENCIA2 , D, 12.3, 12.3, 12.3, 12.3, 12.3, 12.3, 12.3, 12.3, 12.3, 12.3, 12.3, 12.3, 12.3, 12.3, 12.3, 12.3, 12.3, 12.3, 12.3, 12.3, 12.3, 12.3, 12.3, 12.3
MINIGRANJASANPEDRO1 , D, 0, 0, 0, 0, 0, 0, 0.14, 0.32, 0.32, 0.55, 0.64, 0.73, 0.82, 0.73, 0.64, 0.55, 0.32, 0.14, 0, 0, 0, 0, 0, 0
MINIGRANJASANPEDRO1 , INVD, 11, 11, 11, 11, 11, 11, 11, 11, 11, 11, 11, 11, 11, 11, 11, 11, 11, 11, 11, 11, 11, 11, 11, 11


AGENTE: OPERADORA SHANGRI-LA
SHANGRILA1 , INVD, 118, 118, 118, 118, 118, 118, 118, 118, 118, 118, 118, 118, 118, 118, 118, 118, 118, 118, 118, 118, 118, 118, 118, 118
SHANGRILA1 , D, 0, 0, 0, 0, 0, 0, 16, 55, 82, 94, 103, 108, 108, 104, 98, 91, 51, 10, 0, 0, 0, 0, 0, 0
SHANGRILA1 , PRU, 100, 100, 100, 100, 100, 100, 100, 100, 100, 100, 100, 100, 100, 100, 100, 100, 100, 100, 100, 100, 100, 100, 100, 100


AGENTE: PCH EL COCUYO
ELCOCUYO1 , D, 0.45, 0.45, 0.45, 0.45, 0.45, 0.45, 0.45, 0.45, 0.45, 0.45, 0.45, 0.45, 0.45, 0.45, 0.45, 0.45, 0.45, 0.45, 0.45, 0.45, 0.45, 0.45, 0.45, 0.45
LASVIOLETAS1 , D, 0.45, 0.45, 0.45, 0.45, 0.45, 0.45, 0.45, 0.45, 0.45, 0.45, 0.45, 0.45, 0.45, 0.45, 0.45, 0.45, 0.45, 0.45, 0.45, 0.45, 0.45, 0.45, 0.45, 0


AGENTE: PLSG
LOSGIRASOLES1 , D, 0, 0, 0, 0, 0, 0.51, 3.03, 5.59, 7.73, 9.17, 9.5, 9.5, 8.96, 7.55, 5.57, 3.08, 0.65, 0, 0, 0, 0, 0, 0, 0
LOSGIRASOLES1 , INVD, 48, 48, 48, 48, 48, 48, 48, 48, 48, 48, 48, 48, 48, 48, 48, 48, 48, 48, 48, 48, 48, 48, 48, 48


AGENTE: PCH ALEJANDRÍA
ALEJANDRIA1 , D, 6.23, 6.23, 6.23, 6.23, 6.23, 6.23, 6.23, 6.23, 6.23, 6.23, 6.23, 6.23, 6.23, 6.23, 6.23, 6.23, 6.23, 6.23, 6.23, 6.23, 6.23, 6.23, 6.23, 6.23
ALEJANDRIA2 , D, 0, 0, 0, 0, 0, 0, 0, 0, 0, 0, 0, 0, 0, 0, 0, 0, 0, 0, 0, 0, 0, 0, 0, 0
ALEJANDRIA3 , D, 0.77, 0.72, 0.72, 0.72, 0.72, 0.72, 0.72, 0.72, 0.72, 0.72, 0.72, 0.72, 0.72, 0.72, 0.72, 0.72, 0.72, 0.72, 0.72, 0.72, 0.72, 0.72, 0.72, 0.72


AGENTE: PDS
PORTONDELSOL , P, 86000
PORTONDELSOL1 , INVD, 26, 26, 26, 26, 26, 26, 26, 26, 26, 26, 26, 26, 26, 26, 26, 26, 26, 26, 26, 26, 26, 26, 26, 26
PORTONDELSOL1 , D, 0, 0, 0, 0, 0, 0, 12, 43, 72, 85, 91, 93, 93, 91, 85, 71, 43, 11, 0, 0, 0, 0, 0, 0
PORTONDELSOL1 , PRU, 0, 0, 0, 0, 0, 0, 0, 0, 0, 0, 0, 0, 0, 0, 0, 0, 0, 0, 0, 0, 0, 0, 0, 0


AGENTE: PROELECTRICA
AUTOGCORPACERO1 , D, 0, 0, 0, 0, 0, 0, 0, 0, 0, 0, 0, 0, 0, 0, 0, 0, 0, 0, 0, 0, 0, 0, 0, 0
AUTOGGRANCOLOMBIAGOLD1 , D, 0, 0, 0, 0, 0, 0, 0, 0, 0, 0, 0, 0, 0, 0, 0, 0, 0, 0, 0, 0, 0, 0, 0, 0
ELEDEN1 , D, 0, 0, 0, 0, 0, 0, 0, 0, 0, 0, 0, 0, 0, 0, 0, 0, 0, 0, 0, 0, 0, 0, 0, 0
ELEDEN2 , D, 5, 5, 5, 5, 5, 5, 5, 5, 5, 5, 5, 5, 5, 5, 5, 5, 5, 5, 5, 5, 5, 5, 5, 5
GDALEJANDRIAI1 , D, 0, 0, 0, 0, 0, 0.08, 0.24, 0.49, 0.78, 0.86, 0.85, 0.81, 0.81, 0.81, 0.64, 0.36, 0.09, 0, 0, 0, 0, 0, 0, 0
GDALEJANDRIAI1 , INVD, 0, 0, 0, 0, 0, 5, 5, 5, 5, 5, 5, 5, 5, 5, 5, 5, 5, 5, 0, 0, 0, 0, 0, 0
GDELROBLE1 , D, 0, 0, 0, 0, 0, 0.06, 0.21, 0.39, 0.56, 0.69, 0.79, 0.8, 0.74, 0.64, 0.47, 0.27, 0.08, 0, 0, 0, 0, 0, 0, 0
GDELROBLE1 , INVD, 0, 0, 0, 0, 0, 5, 5, 5, 5, 5, 5, 5, 5, 5, 5, 5, 5, 0, 0, 0, 0, 0, 0, 0
PROELECTRICA , P, 896830
PROELECTRICA , C, GAS
PROELECTRICA1 , PAPT02, 109262438
PROELECTRICA1 , PAPC02, 96473697
PROELECTRICA1 , PAPF02, 116963185
PROELECTRICA2 , PAPF02, 116963185
PROELECTRICA2 , PAPC02, 96473697
PROELECTRICA2 , PAPT02, 109262438
PROELECTRICA1 , PAPUSDT02, 27015
PROELECTRICA1 , PAPUSDC02, 23853
PROELECTRICA1 , PAPUSDF02, 28919
PROELECTRICA2 , PAPUSDF02, 28919
PROELECTRICA2 , PAPUSDC02, 23853
PROELECTRICA2 , PAPUSDT02, 27015
PROELECTRICA , CONF, 1
PROELECTRICA1 , D, 45, 45, 45, 45, 45, 45, 45, 45, 45, 45, 45, 45, 45, 45, 45, 45, 45, 45, 45, 45, 45, 45, 45, 45
PROELECTRICA2 , D, 45, 45, 45, 45, 45, 45, 45, 45, 45, 45, 45, 45, 45, 45, 45, 45, 45, 45, 45, 45, 45, 45, 45, 45


AGENTE: PROENCA 
COGENERADORPROENCA1 , D, 14, 14, 14, 14, 14, 14, 14, 14, 14, 14, 14, 14, 14, 14, 14, 14, 14, 14, 14, 14, 14, 14, 14, 14
PROENCAII1 , D, 0, 0, 0, 0, 0, 0, 0, 0, 0, 0, 0, 0, 0, 0, 0, 0, 0, 0, 0, 0, 0, 0, 0, 0


AGENTE: REFOENERGY
VILLANUEVA , C, BIOMASA
VILLANUEVA , CONF, 1
VILLANUEVA1 , D, 14, 14, 14, 14, 14, 14, 14, 16, 18, 18, 20, 20, 20, 20, 22, 22, 22, 20, 18, 14, 14, 14, 14, 14
VILLANUEVA1 , PRU, 100, 100, 100, 100, 100, 100, 100, 100, 100, 100, 100, 100, 100, 100, 100, 100, 100, 100, 100, 100, 100, 100, 100, 100


AGENTE: RIO PIEDRAS
AGUAFRESCA1 , D, 7.29, 7.29, 7.29, 7.29, 7.29, 7.29, 7.29, 7.29, 7.29, 7.29, 7.29, 7.29, 7.29, 7.29, 7.29, 7.29, 7.29, 7.29, 7.29, 7.29, 7.29, 7.29, 7.29, 7.29


AGENTE: RIOEN SAS  E.S.P.
CENTRALCASTILLA1 , D, 3, 3, 3, 3, 3, 3, 3, 3, 3, 3, 3, 3, 3, 3, 3, 3, 3, 3, 3, 3, 3, 3, 3, 3
INGENIORIOPAILA1 , D, 16, 16, 16, 16, 16, 16, 16, 16, 16, 16, 16, 16, 16, 16, 16, 16, 16, 16, 16, 16, 16, 16, 16, 16


AGENTE: RISARALDA
MORROAZUL1 , D, 10, 10, 10, 10, 10, 10, 10, 10, 10, 10, 10, 10, 10, 10, 10, 10, 10, 10, 10, 10, 10, 10, 10, 10


AGENTE: SAN BARTOLOME
OIBITA1 , D, 7, 7, 7, 7, 7, 7, 7, 7, 7, 7, 7, 7, 7, 7, 7, 7, 7, 7, 7, 7, 7, 7, 7, 7
OIBITA2 , D, 7, 7, 7, 7, 7, 7, 7, 7, 7, 7, 7, 7, 7, 7, 7, 7, 7, 7, 7, 7, 7, 7, 7, 7
SANBARTOLOME1 , D, 7, 7, 7, 7, 7, 7, 7, 7, 7, 7, 7, 7, 7, 7, 7, 7, 7, 7, 7, 7, 7, 7, 7, 7
SANBARTOLOME2 , D, 7, 7, 7, 7, 7, 7, 7, 7, 7, 7, 7, 7, 7, 7, 7, 7, 7, 7, 7, 7, 7, 7, 7, 7


AGENTE: SANTA FE ENERGY
CAUYA1 , D, 0.1, 0.1, 0.1, 0.1, 0.1, 0.1, 0.1, 0.1, 0.1, 0.1, 0.1, 0.1, 0.1, 0.1, 0.1, 0.1, 0.1, 0.1, 0.1, 0.1, 0.1, 0.1, 0.1, 0.1
CAUYA2 , D, 0.1, 0.1, 0.1, 0.1, 0.1, 0.1, 0.1, 0.1, 0.1, 0.1, 0.1, 0.1, 0.1, 0.1, 0.1, 0.1, 0.1, 0.1, 0.1, 0.1, 0.1, 0.1, 0.1, 0.1
LACASCADADEGRANADA1 , D, 0.7, 0.7, 0.7, 0.7, 0.7, 0.7, 0.7, 0.7, 0.7, 0.7, 0.7, 0.7, 0.7, 0.7, 0.7, 0.7, 0.7, 0.7, 0.7, 0.7, 0.7, 0.7, 0.7, 0.7
URRAO1 , D, 0.4, 0.4, 0.4, 0.4, 0.4, 0.4, 0.4, 0.4, 0.4, 0.4, 0.4, 0.4, 0.4, 0.4, 0.4, 0.4, 0.4, 0.4, 0.4, 0.4, 0.4, 0.4, 0.4, 0.4


AGENTE: SIGMA2 SAS ESP
LAFRISOLERA1 , D, 0.29, 0.29, 0.29, 0.29, 0.29, 0.29, 0.29, 0.29, 0.29, 0.29, 0.29, 0.29, 0.29, 0.29, 0.29, 0.29, 0.29, 0.29, 0.29, 0.29, 0.29, 0.29, 0.29, 0.29
SANFRANCISCO(PUTUMAYO)1 , D, 0.35, 0.35, 0.35, 0.35, 0.35, 0.35, 0.35, 0.35, 0.35, 0.35, 0.35, 0.35, 0.35, 0.35, 0.35, 0.35, 0.35, 0.35, 0.35, 0.35, 0.35, 0.35, 0.35, 0.35


AGENTE: SOL DE LAS CIENAGAS
CARACOLII , P, 88000
CARACOLII1 , INVD, 16, 16, 16, 16, 16, 16, 16, 16, 16, 16, 16, 16, 16, 16, 16, 16, 16, 16, 16, 16, 16, 16, 16, 16
CARACOLII1 , D, 0, 0, 0, 0, 0, 0, 4, 16, 28, 34, 37, 37, 35, 31, 27, 22, 13, 3, 0, 0, 0, 0, 0, 0
CARACOLII1 , PRU, 0, 0, 0, 0, 0, 0, 0, 0, 0, 0, 0, 0, 0, 0, 0, 0, 0, 0, 0, 0, 0, 0, 0, 0


AGENTE: SPECTRUM
POCUNE1 , D, 1, 1, 1, 1, 1, 1, 1, 1, 1, 1, 1, 1, 1, 1, 1, 1, 1, 1, 1, 1, 1, 1, 1, 1


AGENTE: SPK LA MATA
LAMATA , P, 87000
LAMATA1 , INVD, 27, 27, 27, 27, 27, 27, 27, 27, 27, 27, 27, 27, 27, 27, 27, 27, 27, 27, 27, 27, 27, 27, 27, 27
LAMATA1 , D, 0, 0, 0, 0, 0, 0, 0, 36, 57, 55, 64, 71, 64, 59, 57, 46, 28, 8, 0, 0, 0, 0, 0, 0


AGENTE: SPK LA UNIÓN
PARQUESOLARLAUNION , P, 87000
PARQUESOLARLAUNION1 , INVD, 32, 32, 32, 32, 32, 32, 32, 32, 32, 32, 32, 32, 32, 32, 32, 32, 32, 32, 32, 32, 32, 32, 32, 32
PARQUESOLARLAUNION1 , D, 0, 0, 0, 0, 0, 0, 10, 38, 69, 84, 89, 87, 86, 81, 81, 91, 47, 18, 0, 0, 0, 0, 0, 0


AGENTE: TEBSA S.A. (E.S.P.)
BARRANQUILLA3 , P, 1071876
BARRANQUILLA3 , C, GAS
BARRANQUILLA3 , PAPC02, 72412907
BARRANQUILLA3 , PAPT02, 103596079
BARRANQUILLA3 , PAPF02, 113945981
BARRANQUILLA3 , PAPUSDC02, 17904
BARRANQUILLA3 , PAPUSDT02, 25614
BARRANQUILLA3 , PAPUSDF02, 28173
BARRANQUILLA3 , CONF, 1
BARRANQUILLA3 , D, 60, 60, 60, 60, 60, 60, 60, 60, 60, 60, 60, 60, 60, 60, 60, 60, 60, 60, 60, 60, 60, 60, 60, 60
BARRANQUILLA4 , P, 1183057
BARRANQUILLA4 , C, GAS
BARRANQUILLA4 , PAPF02, 113945981
BARRANQUILLA4 , PAPT02, 103596079
BARRANQUILLA4 , PAPC02, 72412907
BARRANQUILLA4 , PAPUSDF02, 28173
BARRANQUILLA4 , PAPUSDT02, 25614
BARRANQUILLA4 , PAPUSDC02, 17904
BARRANQUILLA4 , CONF, 1
BARRANQUILLA4 , D, 60, 60, 60, 60, 60, 60, 60, 60, 60, 60, 60, 60, 60, 60, 60, 60, 60, 60, 60, 60, 60, 60, 60, 60
TEBSA11 , PAPC02, 74560542
TEBSA11 , PAPT02, 74560542
TEBSA11 , PAPF02, 74560542
TEBSA12 , PAPC02, 74560542
TEBSA12 , PAPF02, 74560542
TEBSA12 , PAPT02, 74560542
TEBSA13 , PAPT02, 74560542
TEBSA13 , PAPC02, 74560542
TEBSA13 , PAPF02, 74560542
TEBSA14 , PAPC02, 26163935
TEBSA14 , PAPT02, 26163935
TEBSA14 , PAPF02, 36004228
TEBSA21 , PAPF02, 74560542
TEBSA21 , PAPT02, 74560542
TEBSA21 , PAPC02, 74560542
TEBSA22 , PAPC02, 74560542
TEBSA22 , PAPT02, 74560542
TEBSA22 , PAPF02, 74560542
TEBSA24 , PAPF02, 36004228
TEBSA24 , PAPT02, 26163935
TEBSA24 , PAPC02, 26163935
TEBSABCC , P1, 1616018
TEBSABCC , P2, 781499
TEBSABCC , P3, 1799249
TEBSABCC , P4, 797980
TEBSABCC , P5, 1661654
TEBSABCC , P6, 839813
TEBSABCC , P7, 704325
TEBSABCC , P8, 1547420
TEBSABCC , P9, 852553
TEBSABCC , P10, 713153
TEBSA11 , PAPUSDC02, 18435
TEBSA11 , PAPUSDT02, 18435
TEBSA11 , PAPUSDF02, 18435
TEBSA12 , PAPUSDC02, 18435
TEBSA12 , PAPUSDF02, 18435
TEBSA12 , PAPUSDT02, 18435
TEBSA13 , PAPUSDT02, 18435
TEBSA13 , PAPUSDC02, 18435
TEBSA13 , PAPUSDF02, 18435
TEBSA14 , PAPUSDC02, 6469
TEBSA14 , PAPUSDT02, 6469
TEBSA14 , PAPUSDF02, 8902
TEBSA21 , PAPUSDF02, 18435
TEBSA21 , PAPUSDT02, 18435
TEBSA21 , PAPUSDC02, 18435
TEBSA22 , PAPUSDC02, 18435
TEBSA22 , PAPUSDT02, 18435
TEBSA22 , PAPUSDF02, 18435
TEBSA24 , PAPUSDF02, 8902
TEBSA24 , PAPUSDT02, 6469
TEBSA24 , PAPUSDC02, 6469
TEBSABCC , DISCONF1, 182, 182, 182, 182, 182, 182, 182, 182, 182, 182, 182, 182, 182, 182, 182, 182, 182, 182, 182, 182, 182, 182, 182, 182
TEBSABCC , DISCONF2, 319, 319, 319, 319, 319, 319, 319, 319, 319, 319, 319, 319, 319, 319, 319, 319, 319, 319, 319, 319, 319, 319, 319, 319
TEBSABCC , DISCONF3, 276, 276, 276, 276, 276, 276, 276, 276, 276, 276, 276, 276, 276, 276, 276, 276, 276, 276, 276, 276, 276, 276, 276, 276
TEBSABCC , DISCONF4, 436, 436, 436, 436, 436, 436, 436, 436, 436, 436, 436, 436, 436, 436, 436, 436, 436, 436, 436, 436, 436, 436, 436, 436
TEBSABCC , DISCONF5, 370, 370, 370, 370, 370, 370, 370, 370, 370, 370, 370, 370, 370, 370, 370, 370, 370, 370, 370, 370, 370, 370, 370, 370
TEBSABCC , DISCONF6, 530, 530, 530, 530, 530, 530, 530, 530, 530, 530, 530, 530, 530, 530, 530, 530, 530, 530, 530, 530, 530, 530, 530, 530
TEBSABCC , DISCONF7, 642, 642, 642, 642, 642, 642, 642, 642, 642, 642, 642, 642, 642, 642, 642, 642, 642, 642, 642, 642, 642, 642, 642, 642
TEBSABCC , DISCONF8, 464, 464, 464, 464, 464, 464, 464, 464, 464, 464, 464, 464, 464, 464, 464, 464, 464, 464, 464, 464, 464, 464, 464, 464
TEBSABCC , DISCONF9, 624, 624, 624, 624, 624, 624, 624, 624, 624, 624, 624, 624, 624, 624, 624, 624, 624, 624, 624, 624, 624, 624, 624, 624
TEBSABCC , DISCONF10, 791, 791, 791, 791, 791, 791, 791, 791, 791, 791, 791, 791, 791, 791, 791, 791, 791, 791, 791, 791, 791, 791, 791, 791
TEBSA11 , D, 92, 92, 92, 92, 92, 92, 92, 92, 92, 92, 92, 92, 92, 92, 92, 92, 92, 92, 92, 92, 92, 92, 92, 92
TEBSA12 , D, 92, 92, 92, 92, 92, 92, 92, 92, 92, 92, 92, 92, 92, 92, 92, 92, 92, 92, 92, 92, 92, 92, 92, 92
TEBSA13 , D, 92, 92, 92, 92, 92, 92, 92, 92, 92, 92, 92, 92, 92, 92, 92, 92, 92, 92, 92, 92, 92, 92, 92, 92
TEBSA14 , D, 166, 166, 166, 166, 166, 166, 166, 166, 166, 166, 166, 166, 166, 166, 166, 166, 166, 166, 166, 166, 166, 166, 166, 166
TEBSA21 , D, 92, 92, 92, 92, 92, 92, 92, 92, 92, 92, 92, 92, 92, 92, 92, 92, 92, 92, 92, 92, 92, 92, 92, 92
TEBSA22 , D, 92, 92, 92, 92, 92, 92, 92, 92, 92, 92, 92, 92, 92, 92, 92, 92, 92, 92, 92, 92, 92, 92, 92, 92
TEBSA24 , D, 165, 165, 165, 165, 165, 165, 165, 165, 165, 165, 165, 165, 165, 165, 165, 165, 165, 165, 165, 165, 165, 165, 165, 165


AGENTE: TERMOCARIBE
TERMOCARIBEIII , P, 890000
TERMOCARIBEIII , C, GAS
TERMOCARIBEIII1 , PAPC02, 79191506
TERMOCARIBEIII1 , PAPT02, 79191506
TERMOCARIBEIII1 , PAPF02, 79191506
TERMOCARIBEIII1 , PAPC21, 116684114
TERMOCARIBEIII1 , PAPT21, 116684114
TERMOCARIBEIII1 , PAPF21, 116684114
TERMOCARIBEIII1 , PAPUSDC02, 19580
TERMOCARIBEIII1 , PAPUSDT02, 19580
TERMOCARIBEIII1 , PAPUSDF02, 19580
TERMOCARIBEIII1 , PAPUSDC21, 28850
TERMOCARIBEIII1 , PAPUSDT21, 28850
TERMOCARIBEIII1 , PAPUSDF21, 28850
TERMOCARIBEIII , CONF, 2
TERMOCARIBEIII1 , D, 0, 0, 0, 0, 0, 0, 0, 0, 0, 0, 0, 0, 0, 0, 0, 0, 0, 0, 0, 0, 0, 0, 0, 0


AGENTE: TERMO MECHERO MORRO
TERMOMECHERO4 , D, 18.9, 18.9, 18.9, 18.9, 18.9, 18.9, 18.9, 18.9, 18.9, 18.9, 18.9, 18.9, 19.3, 19.3, 19.3, 19.3, 19.3, 19.3, 19.3, 19.3, 19.3, 19.3, 19.3, 18.9
TERMOMECHERO5 , D, 18.9, 18.9, 18.9, 18.9, 18.9, 18.9, 18.9, 18.9, 18.9, 18.9, 18.9, 18.9, 19.3, 19.3, 19.3, 19.3, 19.3, 19.3, 19.3, 19.3, 19.3, 19.3, 19.3, 18.9
TERMOMECHERO6 , D, 18.9, 18.9, 18.9, 18.9, 18.9, 18.9, 18.9, 18.9, 18.9, 18.9, 18.9, 18.9, 19.3, 19.3, 19.3, 19.3, 19.3, 19.3, 19.3, 19.3, 19.3, 19.3, 19.3, 18.9


AGENTE: TERMOCANDELARIA
TERMOCANDELARIACC , P1, 1164819
TERMOCANDELARIACC , P2, 1061395
TERMOCANDELARIACC , P3, 717890
TERMOCANDELARIACC , P4, 685871
TERMOCANDELARIACC1 , PAPT02, 108955055
TERMOCANDELARIACC1 , PAPC02, 108955055
TERMOCANDELARIACC1 , PAPF02, 108955055
TERMOCANDELARIACC2 , PAPF02, 108955055
TERMOCANDELARIACC2 , PAPC02, 108955055
TERMOCANDELARIACC2 , PAPT02, 108955055
TERMOCANDELARIACC3 , PAPT02, 27773650
TERMOCANDELARIACC3 , PAPF02, 33278228
TERMOCANDELARIACC3 , PAPC02, 27773650
TERMOCANDELARIACC1 , PAPUSDT02, 26939
TERMOCANDELARIACC1 , PAPUSDC02, 26939
TERMOCANDELARIACC1 , PAPUSDF02, 26939
TERMOCANDELARIACC2 , PAPUSDF02, 26939
TERMOCANDELARIACC2 , PAPUSDC02, 26939
TERMOCANDELARIACC2 , PAPUSDT02, 26939
TERMOCANDELARIACC3 , PAPUSDT02, 6867
TERMOCANDELARIACC3 , PAPUSDF02, 8228
TERMOCANDELARIACC3 , PAPUSDC02, 6867
TERMOCANDELARIACC , DISCONF1, 179, 179, 179, 179, 179, 179, 179, 179, 179, 179, 179, 179, 179, 179, 179, 179, 179, 179, 179, 179, 179, 179, 179, 179
TERMOCANDELARIACC , DISCONF2, 358, 358, 358, 358, 358, 358, 358, 358, 358, 358, 358, 358, 358, 358, 358, 358, 358, 358, 358, 358, 358, 358, 358, 358
TERMOCANDELARIACC , DISCONF3, 260, 260, 260, 260, 260, 260, 260, 260, 260, 260, 260, 260, 260, 260, 260, 260, 260, 260, 260, 260, 260, 260, 260, 260
TERMOCANDELARIACC , DISCONF4, 555, 555, 555, 555, 555, 555, 555, 555, 555, 555, 555, 555, 555, 555, 555, 555, 555, 555, 555, 555, 555, 555, 555, 555
TERMOCANDELARIACC1 , D, 179, 179, 179, 179, 179, 179, 179, 179, 179, 179, 179, 179, 179, 179, 179, 179, 179, 179, 179, 179, 179, 179, 179, 179
TERMOCANDELARIACC2 , D, 179, 179, 179, 179, 179, 179, 179, 179, 179, 179, 179, 179, 179, 179, 179, 179, 179, 179, 179, 179, 179, 179, 179, 179
TERMOCANDELARIACC3 , D, 197, 197, 197, 197, 197, 197, 197, 197, 197, 197, 197, 197, 197, 197, 197, 197, 197, 197, 197, 197, 197, 197, 197, 197


AGENTE: TERMOEMCALI
TERMOEMCALI1GAS , PAPC02, 178916989
TERMOEMCALI1GAS , PAPC07, 226994080
TERMOEMCALI1GAS , PAPF02, 217586550
TERMOEMCALI1GAS , PAPF07, 266727346
TERMOEMCALI1GAS , PAPT02, 186067683
TERMOEMCALI1GAS , PAPT07, 233060845
TERMOEMCALI1VAPOR , PAPC02, 0
TERMOEMCALI1VAPOR , PAPT02, 0
TERMOEMCALI1VAPOR , PAPF02, 0
TERMOEMCALI1VAPOR , PAPC07, 0
TERMOEMCALI1VAPOR , PAPT07, 0
TERMOEMCALI1VAPOR , PAPF07, 0
TERMOEMCALICC , P2, 1486455
TERMOEMCALICC , P1, 1486455
TERMOEMCALI1GAS , PAPUSDC02, 44237
TERMOEMCALI1GAS , PAPUSDC07, 56124
TERMOEMCALI1GAS , PAPUSDF02, 53798
TERMOEMCALI1GAS , PAPUSDF07, 65948
TERMOEMCALI1GAS , PAPUSDT02, 46005
TERMOEMCALI1GAS , PAPUSDT07, 57624
TERMOEMCALI1VAPOR , PAPUSDC02, 0
TERMOEMCALI1VAPOR , PAPUSDT02, 0
TERMOEMCALI1VAPOR , PAPUSDF02, 0
TERMOEMCALI1VAPOR , PAPUSDC07, 0
TERMOEMCALI1VAPOR , PAPUSDT07, 0
TERMOEMCALI1VAPOR , PAPUSDF07, 0
TERMOEMCALICC , DISCONF1, 0, 0, 0, 0, 0, 0, 0, 0, 0, 0, 0, 0, 0, 0, 0, 0, 0, 0, 0, 0, 0, 0, 0, 0
TERMOEMCALICC , DISCONF2, 213, 213, 213, 213, 213, 213, 213, 213, 213, 213, 213, 213, 213, 213, 213, 213, 213, 213, 213, 213, 213, 213, 213, 213
TERMOEMCALI1GAS , D, 138, 138, 138, 138, 138, 138, 138, 138, 138, 138, 138, 138, 138, 138, 138, 138, 138, 138, 138, 138, 138, 138, 138, 138
TERMOEMCALI1VAPOR , D, 75, 75, 75, 75, 75, 75, 75, 75, 75, 75, 75, 75, 75, 75, 75, 75, 75, 75, 75, 75, 75, 75, 75, 75


AGENTE: TERMONORTE
TERMONORTE , P, 910000
TERMONORTE , C, ACPM
TERMONORTE1 , PAPT07, 18131538
TERMONORTE1 , PAPC09, 11138581
TERMONORTE1 , PAPF07, 18131538
TERMONORTE1 , PAPF09, 11138581
TERMONORTE1 , PAPT09, 11138581
TERMONORTE1 , PAPF02, 5504578
TERMONORTE1 , PAPC07, 18131538
TERMONORTE1 , PAPT02, 5504578
TERMONORTE1 , PAPC02, 5504578
TERMONORTE2 , PAPF02, 5504578
TERMONORTE2 , PAPF09, 11138581
TERMONORTE2 , PAPT07, 18131538
TERMONORTE2 , PAPC07, 18131538
TERMONORTE2 , PAPC02, 5504578
TERMONORTE2 , PAPC09, 11138581
TERMONORTE2 , PAPF07, 18131538
TERMONORTE2 , PAPT02, 5504578
TERMONORTE2 , PAPT09, 11138581
TERMONORTE3 , PAPT02, 5504578
TERMONORTE3 , PAPF07, 18131538
TERMONORTE3 , PAPT07, 18131538
TERMONORTE3 , PAPC09, 11138581
TERMONORTE3 , PAPT09, 11138581
TERMONORTE3 , PAPC02, 5504578
TERMONORTE3 , PAPF09, 11138581
TERMONORTE3 , PAPC07, 18131538
TERMONORTE3 , PAPF02, 5504578
TERMONORTE4 , PAPC09, 11138581
TERMONORTE4 , PAPF09, 11138581
TERMONORTE4 , PAPT09, 11138581
TERMONORTE4 , PAPC02, 5504578
TERMONORTE4 , PAPT02, 5504578
TERMONORTE4 , PAPT07, 18131538
TERMONORTE4 , PAPF07, 18131538
TERMONORTE4 , PAPC07, 18131538
TERMONORTE4 , PAPF02, 5504578
TERMONORTE5 , PAPC07, 18131538
TERMONORTE5 , PAPF02, 5504578
TERMONORTE5 , PAPT07, 18131538
TERMONORTE5 , PAPF07, 18131538
TERMONORTE5 , PAPC09, 11138581
TERMONORTE5 , PAPT09, 11138581
TERMONORTE5 , PAPF09, 11138581
TERMONORTE5 , PAPT02, 5504578
TERMONORTE5 , PAPC02, 5504578
TERMONORTE6 , PAPF09, 11138581
TERMONORTE6 , PAPT07, 18131538
TERMONORTE6 , PAPT09, 11138581
TERMONORTE6 , PAPC09, 11138581
TERMONORTE6 , PAPC07, 18131538
TERMONORTE6 , PAPT02, 5504578
TERMONORTE6 , PAPF07, 18131538
TERMONORTE6 , PAPC02, 5504578
TERMONORTE6 , PAPF02, 5504578
TERMONORTE7 , PAPC02, 5504578
TERMONORTE7 , PAPT02, 5504578
TERMONORTE7 , PAPF02, 5504578
TERMONORTE7 , PAPC07, 18131538
TERMONORTE7 , PAPT07, 18131538
TERMONORTE7 , PAPF07, 18131538
TERMONORTE7 , PAPF09, 11138581
TERMONORTE7 , PAPC09, 11138581
TERMONORTE7 , PAPT09, 11138581
TERMONORTE8 , PAPT09, 11138581
TERMONORTE8 , PAPC09, 11138581
TERMONORTE8 , PAPF09, 11138581
TERMONORTE8 , PAPF02, 5504578
TERMONORTE8 , PAPF07, 18131538
TERMONORTE8 , PAPT02, 5504578
TERMONORTE8 , PAPT07, 18131538
TERMONORTE8 , PAPC07, 18131538
TERMONORTE8 , PAPC02, 5504578
TERMONORTE9 , PAPC02, 5504578
TERMONORTE9 , PAPT02, 5504578
TERMONORTE9 , PAPF09, 11138581
TERMONORTE9 , PAPT09, 11138581
TERMONORTE9 , PAPF02, 5504578
TERMONORTE9 , PAPC07, 18131538
TERMONORTE9 , PAPC09, 11138581
TERMONORTE9 , PAPF07, 18131538
TERMONORTE9 , PAPT07, 18131538
TERMONORTE10 , PAPT02, 5504578
TERMONORTE10 , PAPC02, 5504578
TERMONORTE10 , PAPF02, 5504578
TERMONORTE10 , PAPC07, 18131538
TERMONORTE10 , PAPT07, 18131538
TERMONORTE10 , PAPF07, 18131538
TERMONORTE10 , PAPC09, 11138581
TERMONORTE10 , PAPF09, 11138581
TERMONORTE10 , PAPT09, 11138581
TERMONORTE1 , PAPUSDT07, 4483
TERMONORTE1 , PAPUSDC09, 2754
TERMONORTE1 , PAPUSDF07, 4483
TERMONORTE1 , PAPUSDF09, 2754
TERMONORTE1 , PAPUSDT09, 2754
TERMONORTE1 , PAPUSDF02, 1361
TERMONORTE1 , PAPUSDC07, 4483
TERMONORTE1 , PAPUSDT02, 1361
TERMONORTE1 , PAPUSDC02, 1361
TERMONORTE2 , PAPUSDF02, 1361
TERMONORTE2 , PAPUSDF09, 2754
TERMONORTE2 , PAPUSDT07, 4483
TERMONORTE2 , PAPUSDC07, 4483
TERMONORTE2 , PAPUSDC02, 1361
TERMONORTE2 , PAPUSDC09, 2754
TERMONORTE2 , PAPUSDF07, 4483
TERMONORTE2 , PAPUSDT02, 1361
TERMONORTE2 , PAPUSDT09, 2754
TERMONORTE3 , PAPUSDT02, 1361
TERMONORTE3 , PAPUSDF07, 4483
TERMONORTE3 , PAPUSDT07, 4483
TERMONORTE3 , PAPUSDC09, 2754
TERMONORTE3 , PAPUSDT09, 2754
TERMONORTE3 , PAPUSDC02, 1361
TERMONORTE3 , PAPUSDF09, 2754
TERMONORTE3 , PAPUSDC07, 4483
TERMONORTE3 , PAPUSDF02, 1361
TERMONORTE4 , PAPUSDC09, 2754
TERMONORTE4 , PAPUSDF09, 2754
TERMONORTE4 , PAPUSDT09, 2754
TERMONORTE4 , PAPUSDC02, 1361
TERMONORTE4 , PAPUSDT02, 1361
TERMONORTE4 , PAPUSDT07, 4483
TERMONORTE4 , PAPUSDF07, 4483
TERMONORTE4 , PAPUSDC07, 4483
TERMONORTE4 , PAPUSDF02, 1361
TERMONORTE5 , PAPUSDC07, 4483
TERMONORTE5 , PAPUSDF02, 1361
TERMONORTE5 , PAPUSDT07, 4483
TERMONORTE5 , PAPUSDF07, 4483
TERMONORTE5 , PAPUSDC09, 2754
TERMONORTE5 , PAPUSDT09, 2754
TERMONORTE5 , PAPUSDF09, 2754
TERMONORTE5 , PAPUSDT02, 1361
TERMONORTE5 , PAPUSDC02, 1361
TERMONORTE6 , PAPUSDF09, 2754
TERMONORTE6 , PAPUSDT07, 4483
TERMONORTE6 , PAPUSDT09, 2754
TERMONORTE6 , PAPUSDC09, 2754
TERMONORTE6 , PAPUSDC07, 4483
TERMONORTE6 , PAPUSDT02, 1361
TERMONORTE6 , PAPUSDF07, 4483
TERMONORTE6 , PAPUSDC02, 1361
TERMONORTE6 , PAPUSDF02, 1361
TERMONORTE7 , PAPUSDC02, 1361
TERMONORTE7 , PAPUSDT02, 1361
TERMONORTE7 , PAPUSDF02, 1361
TERMONORTE7 , PAPUSDC07, 4483
TERMONORTE7 , PAPUSDT07, 4483
TERMONORTE7 , PAPUSDF07, 4483
TERMONORTE7 , PAPUSDF09, 2754
TERMONORTE7 , PAPUSDC09, 2754
TERMONORTE7 , PAPUSDT09, 2754
TERMONORTE8 , PAPUSDT09, 2754
TERMONORTE8 , PAPUSDC09, 2754
TERMONORTE8 , PAPUSDF09, 2754
TERMONORTE8 , PAPUSDF02, 1361
TERMONORTE8 , PAPUSDF07, 4483
TERMONORTE8 , PAPUSDT02, 1361
TERMONORTE8 , PAPUSDT07, 4483
TERMONORTE8 , PAPUSDC07, 4483
TERMONORTE8 , PAPUSDC02, 1361
TERMONORTE9 , PAPUSDC02, 1361
TERMONORTE9 , PAPUSDT02, 1361
TERMONORTE9 , PAPUSDF09, 2754
TERMONORTE9 , PAPUSDT09, 2754
TERMONORTE9 , PAPUSDF02, 1361
TERMONORTE9 , PAPUSDC07, 4483
TERMONORTE9 , PAPUSDC09, 2754
TERMONORTE9 , PAPUSDF07, 4483
TERMONORTE9 , PAPUSDT07, 4483
TERMONORTE10 , PAPUSDT02, 1361
TERMONORTE10 , PAPUSDC02, 1361
TERMONORTE10 , PAPUSDF02, 1361
TERMONORTE10 , PAPUSDC07, 4483
TERMONORTE10 , PAPUSDT07, 4483
TERMONORTE10 , PAPUSDF07, 4483
TERMONORTE10 , PAPUSDC09, 2754
TERMONORTE10 , PAPUSDF09, 2754
TERMONORTE10 , PAPUSDT09, 2754
TERMONORTE , CONF, 4
TERMONORTE1 , D, 9, 9, 9, 9, 9, 9, 9, 9, 9, 9, 9, 9, 9, 9, 9, 9, 9, 9, 9, 9, 9, 9, 9, 9
TERMONORTE2 , D, 9, 9, 9, 9, 9, 9, 9, 9, 9, 9, 9, 9, 9, 9, 9, 9, 9, 9, 9, 9, 9, 9, 9, 9
TERMONORTE3 , D, 9, 9, 9, 9, 9, 9, 9, 9, 9, 9, 9, 9, 9, 9, 9, 9, 9, 9, 9, 9, 9, 9, 9, 9
TERMONORTE4 , D, 0, 0, 0, 0, 0, 0, 0, 0, 0, 0, 0, 0, 0, 0, 0, 0, 0, 0, 0, 0, 0, 0, 0, 0
TERMONORTE5 , D, 9, 9, 9, 9, 9, 9, 9, 9, 9, 9, 9, 9, 9, 9, 9, 9, 9, 9, 9, 9, 9, 9, 9, 9
TERMONORTE6 , D, 9, 9, 9, 9, 9, 9, 9, 9, 9, 9, 9, 9, 9, 9, 9, 9, 9, 9, 9, 9, 9, 9, 9, 9
TERMONORTE7 , D, 9, 9, 9, 9, 9, 9, 9, 9, 9, 9, 9, 9, 9, 9, 9, 9, 9, 9, 9, 9, 9, 9, 9, 9
TERMONORTE8 , D, 9, 9, 9, 9, 9, 9, 9, 9, 9, 9, 9, 9, 9, 9, 9, 9, 9, 9, 9, 9, 9, 9, 9, 9
TERMONORTE9 , D, 9, 9, 9, 9, 9, 9, 9, 9, 9, 9, 9, 9, 9, 9, 9, 9, 9, 9, 9, 9, 9, 9, 9, 9
TERMONORTE10 , D, 8, 8, 8, 8, 8, 8, 8, 8, 8, 8, 8, 8, 8, 8, 8, 8, 8, 8, 8, 8, 8, 8, 8, 8


AGENTE: TERMOPIEDRAS S.A.
AUTOGTURGAS1 , D, 3.5, 3.5, 3.5, 3.5, 3.5, 3.5, 3.5, 3.5, 3.5, 3.5, 3.5, 3.5, 3.5, 3.5, 3.5, 3.5, 3.5, 3.5, 3.5, 3.5, 3.5, 3.5, 3.5, 3.5
TERMOPIEDRAS1 , D, 3.75, 3.75, 3.75, 3.75, 3.75, 3.75, 3.75, 3.75, 3.75, 3.75, 3.75, 3.75, 3.75, 3.75, 3.75, 3.75, 3.75, 3.75, 3.75, 3.75, 3.75, 3.75, 3.75, 3.75


AGENTE: TERMOTASAJERO
TASAJERO1 , P, 198000
TASAJERO1 , C, CARBON
TASAJERO1 , PAPC01, 42544201
TASAJERO1 , PAPF01, 157197971
TASAJERO1 , PAPT01, 86564648
TASAJERO1 , PAPUSDC01, 10519
TASAJERO1 , PAPUSDF01, 38867
TASAJERO1 , PAPUSDT01, 21403
TASAJERO1 , CONF, 1
TASAJERO1 , D, 165, 165, 165, 165, 165, 165, 165, 165, 165, 165, 165, 165, 165, 165, 165, 165, 165, 165, 165, 165, 165, 165, 165, 165


AGENTE: TERMOTASAJERO DOS
TASAJERO2 , P, 192000
TASAJERO2 , C, CARBON
TASAJERO2 , PAPC01, 87413995
TASAJERO2 , PAPF01, 146334417
TASAJERO2 , PAPT01, 115042043
TASAJERO2 , PAPUSDC01, 21613
TASAJERO2 , PAPUSDF01, 36181
TASAJERO2 , PAPUSDT01, 28444
TASAJERO2 , CONF, 1
TASAJERO2 , D, 170, 170, 170, 170, 170, 170, 170, 170, 170, 170, 170, 170, 170, 170, 170, 170, 170, 170, 170, 170, 170, 170, 170, 170
TERMOTASAJERODOSSOLAR1 , D, 0, 0, 0, 0, 0, 0, 0.3, 0.5, 1.7, 2.7, 3.4, 3.4, 3.4, 3.4, 2.7, 1.7, 0.4, 0.2, 0, 0, 0, 0, 0, 0
TERMOTASAJERODOSSOLAR1 , INVD, 21, 21, 21, 21, 21, 21, 21, 21, 21, 21, 21, 21, 21, 21, 21, 21, 21, 21, 21, 21, 21, 21, 21, 21


AGENTE: TERMOYOPAL
TERMOYOPAL1 , P, 898000
TERMOYOPAL1 , C, GAS
TERMOYOPAL1 , PAPC02, 3927219
TERMOYOPAL1 , PAPT02, 3927219
TERMOYOPAL1 , PAPF02, 3927219
TERMOYOPAL1 , PAPUSDC02, 971
TERMOYOPAL1 , PAPUSDT02, 971
TERMOYOPAL1 , PAPUSDF02, 971
TERMOYOPAL1 , CONF, 1
TERMOYOPAL1 , D, 8, 8, 8, 8, 8, 8, 8, 8, 8, 8, 8, 8, 8, 8, 8, 8, 8, 8, 8, 8, 8, 8, 8, 8
TERMOYOPAL1 , PRU, 90, 90, 90, 90, 90, 90, 90, 90, 90, 90, 90, 90, 90, 90, 90, 90, 90, 90, 90, 90, 90, 90, 90, 90
TERMOYOPAL2 , P, 93000
TERMOYOPAL2 , C, GAS
TERMOYOPAL2 , PAPC02, 2612753
TERMOYOPAL2 , PAPF02, 2612753
TERMOYOPAL2 , PAPT02, 2612753
TERMOYOPAL2 , PAPUSDC02, 646
TERMOYOPAL2 , PAPUSDF02, 646
TERMOYOPAL2 , PAPUSDT02, 646
TERMOYOPAL2 , CONF, 1
TERMOYOPAL2 , D, 27, 27, 27, 27, 27, 27, 27, 27, 27, 27, 26, 26, 26, 26, 26, 26, 26, 26, 27, 27, 27, 27, 27, 27
TERMOYOPALG3 , P, 93000
TERMOYOPALG3 , C, GAS
TERMOYOPALG3 , PAPT02, 2422661
TERMOYOPALG3 , PAPF02, 2422661
TERMOYOPALG3 , PAPC02, 2422661
TERMOYOPALG3 , PAPUSDT02, 599
TERMOYOPALG3 , PAPUSDF02, 599
TERMOYOPALG3 , PAPUSDC02, 599
TERMOYOPALG3 , CONF, 1
TERMOYOPALG3 , D, 50, 50, 50, 50, 50, 50, 50, 50, 50, 50, 50, 50, 50, 50, 50, 50, 50, 50, 50, 50, 50, 50, 50, 50
TERMOYOPALG4 , P, 238000
TERMOYOPALG4 , C, GAS
TERMOYOPALG4 , PAPF02, 2422661
TERMOYOPALG4 , PAPT02, 2422661
TERMOYOPALG4 , PAPC02, 2422661
TERMOYOPALG4 , PAPUSDF02, 599
TERMOYOPALG4 , PAPUSDT02, 599
TERMOYOPALG4 , PAPUSDC02, 599
TERMOYOPALG4 , CONF, 1
TERMOYOPALG4 , D, 0, 0, 0, 0, 0, 0, 0, 0, 0, 0, 0, 0, 0, 0, 0, 0, 0, 0, 0, 0, 0, 0, 0, 0
TERMOYOPALG5 , P, 94500
TERMOYOPALG5 , C, GAS
TERMOYOPALG5 , PAPC02, 2422661
TERMOYOPALG5 , PAPT02, 2422661
TERMOYOPALG5 , PAPF02, 2422661
TERMOYOPALG5 , PAPUSDC02, 599
TERMOYOPALG5 , PAPUSDT02, 599
TERMOYOPALG5 , PAPUSDF02, 599
TERMOYOPALG5 , CONF, 1
TERMOYOPALG5 , D, 0, 0, 0, 0, 0, 0, 0, 0, 0, 0, 0, 0, 0, 0, 0, 0, 0, 0, 0, 0, 0, 0, 0, 0


AGENTE: UNERGY
BARAYA1 , D, 0, 0, 0, 0, 0, 0.01, 0.3, 0.6, 0.6, 0.7, 0.7, 0.8, 0.7, 0.7, 0.7, 0.3, 0.01, 0.05, 0, 0, 0, 0, 0, 0
BARAYA1 , INVD, 0, 0, 0, 0, 0, 11, 11, 11, 11, 11, 11, 11, 11, 11, 11, 11, 11, 11, 0, 0, 0, 0, 0, 0
CANAHUATE1 , D, 0, 0, 0, 0, 0, 0.01, 0.3, 0.6, 0.6, 0.7, 0.7, 0.8, 0.7, 0.7, 0.7, 0.3, 0.01, 0.05, 0, 0, 0, 0, 0, 0
CANAHUATE1 , INVD, 0, 0, 0, 0, 0, 5, 5, 5, 5, 5, 5, 5, 5, 5, 5, 5, 5, 5, 0, 0, 0, 0, 0, 0
DELTAI1 , D, 0, 0, 0, 0, 0, 0.01, 0.3, 0.6, 0.6, 0.7, 0.7, 0.8, 0.7, 0.7, 0.7, 0.3, 0.1, 0.05, 0, 0, 0, 0, 0, 0
DELTAI1 , INVD, 0, 0, 0, 0, 0, 6, 6, 6, 6, 6, 6, 6, 6, 6, 6, 6, 6, 6, 0, 0, 0, 0, 0, 0
GANDALF1 , D, 0, 0, 0, 0, 0, 0.01, 0.3, 0.6, 0.6, 0.7, 0.7, 0.8, 0.7, 0.7, 0.7, 0.3, 0.01, 0.05, 0, 0, 0, 0, 0, 0
GANDALF1 , INVD, 0, 0, 0, 0, 0, 5, 5, 5, 5, 5, 5, 5, 5, 5, 5, 5, 5, 5, 0, 0, 0, 0, 0, 0
GDNAOSI1 , D, 0, 0, 0, 0, 0, 0.01, 0.3, 0.6, 0.6, 0.7, 0.7, 0.8, 0.7, 0.7, 0.7, 0.3, 0.01, 0.05, 0, 0, 0, 0, 0, 0
GDNAOSI1 , INVD, 0, 0, 0, 0, 0, 4, 4, 4, 4, 4, 4, 4, 4, 4, 4, 4, 4, 4, 0, 0, 0, 0, 0, 0
GDNAOSII1 , D, 0, 0, 0, 0, 0, 0.01, 0.3, 0.6, 0.6, 0.7, 0.7, 0.8, 0.7, 0.7, 0.7, 0.3, 0.1, 0.05, 0, 0, 0, 0, 0, 0
GDNAOSII1 , INVD, 0, 0, 0, 0, 0, 4, 4, 4, 4, 4, 4, 4, 4, 4, 4, 4, 4, 4, 0, 0, 0, 0, 0, 0
GDNAOSIII1 , D, 0, 0, 0, 0, 0, 0.01, 0.3, 0.6, 0.7, 0.7, 0.7, 0.8, 0.7, 0.7, 0.7, 0.3, 0.1, 0.05, 0, 0, 0, 0, 0, 0
GDNAOSIII1 , INVD, 0, 0, 0, 0, 0, 5, 5, 5, 5, 5, 5, 5, 5, 5, 5, 5, 5, 5, 0, 0, 0, 0, 0, 0
LAINGLESA1 , D, 0, 0, 0, 0, 0, 0.01, 0.3, 0.6, 0.6, 0.7, 0.7, 0.8, 0.7, 0.7, 0.7, 0.3, 0.01, 0.05, 0, 0, 0, 0, 0, 0
LAINGLESA1 , INVD, 0, 0, 0, 0, 0, 5, 5, 5, 5, 5, 5, 5, 5, 5, 5, 5, 5, 5, 0, 0, 0, 0, 0, 0
MINIGRANJAELMERENGUE1 , D, 0, 0, 0, 0, 0, 0.01, 0.3, 0.6, 0.6, 0.7, 0.8, 0.9, 0.8, 0.7, 0.7, 0.3, 0.1, 0.05, 0, 0, 0, 0, 0, 0
MINIGRANJAELMERENGUE1 , INVD, 0, 0, 0, 0, 0, 5, 5, 5, 5, 5, 5, 5, 5, 5, 5, 5, 5, 5, 0, 0, 0, 0, 0, 0
MINIGRANJAELMOLINO1 , D, 0, 0, 0, 0, 0, 0.01, 0.3, 0.6, 0.6, 0.7, 0.7, 0.8, 0.7, 0.7, 0.7, 0.3, 0.01, 0.05, 0, 0, 0, 0, 0, 0
MINIGRANJAELMOLINO1 , INVD, 0, 0, 0, 0, 0, 5, 5, 5, 5, 5, 5, 5, 5, 5, 5, 5, 5, 5, 0, 0, 0, 0, 0, 0
MINIGRANJAELOLIMPO1 , D, 0, 0, 0, 0, 0, 0.01, 0.3, 0.6, 0.6, 0.7, 0.7, 0.8, 0.7, 0.7, 0.7, 0.3, 0.1, 0.05, 0, 0, 0, 0, 0, 0
MINIGRANJAELOLIMPO1 , INVD, 0, 0, 0, 0, 0, 5, 5, 5, 5, 5, 5, 5, 5, 5, 5, 5, 5, 5, 0, 0, 0, 0, 0, 0
MINIGRANJAELSON1 , D, 0, 0, 0, 0, 0, 0.01, 0.3, 0.6, 0.6, 0.7, 0.7, 0.8, 0.7, 0.7, 0.7, 0.3, 0.1, 0.05, 0, 0, 0, 0, 0, 0
MINIGRANJAELSON1 , INVD, 0, 0, 0, 0, 0, 5, 5, 5, 5, 5, 5, 5, 5, 5, 5, 5, 5, 5, 0, 0, 0, 0, 0, 0
MINIGRANJAIBIRICO1 , D, 0, 0, 0, 0, 0, 0.01, 0.3, 0.6, 0.6, 0.7, 0.7, 0.8, 0.7, 0.7, 0.7, 0.3, 0.1, 0.05, 0, 0, 0, 0, 0, 0
MINIGRANJAIBIRICO1 , INVD, 0, 0, 0, 0, 0, 5, 5, 5, 5, 5, 5, 5, 5, 5, 5, 5, 5, 5, 0, 0, 0, 0, 0, 0
MINIGRANJALAPAZESMERALDA1 , D, 0, 0, 0, 0, 0, 0.01, 0.3, 0.6, 0.6, 0.7, 0.7, 0.8, 0.7, 0.7, 0.7, 0.3, 0.1, 0.05, 0, 0, 0, 0, 0, 0
MINIGRANJALAPAZESMERALDA1 , INVD, 0, 0, 0, 0, 0, 5, 5, 5, 5, 5, 5, 5, 5, 5, 5, 5, 5, 5, 0, 0, 0, 0, 0, 0
MINIGRANJALAPAZLEYENDA1 , D, 0, 0, 0, 0, 0, 0.01, 0.3, 0.6, 0.6, 0.7, 0.7, 0.8, 0.7, 0.7, 0.7, 0.3, 0.01, 0.05, 0, 0, 0, 0, 0, 0
MINIGRANJALAPAZLEYENDA1 , INVD, 0, 0, 0, 0, 0, 5, 5, 5, 5, 5, 5, 5, 5, 5, 5, 5, 5, 5, 0, 0, 0, 0, 0, 0
MINIGRANJALAPAZVALLENATA1 , D, 0, 0, 0, 0, 0, 0.01, 0.3, 0.6, 0.6, 0.7, 0.7, 0.8, 0.7, 0.7, 0.7, 0.3, 0.01, 0.05, 0, 0, 0, 0, 0, 0
MINIGRANJALAPAZVALLENATA1 , INVD, 0, 0, 0, 0, 0, 5, 5, 5, 5, 5, 5, 5, 5, 5, 5, 5, 5, 5, 0, 0, 0, 0, 0, 0
MINIGRANJALAPAZVERSO1 , D, 0, 0, 0, 0, 0, 0.01, 0.3, 0.6, 0.6, 0.7, 0.7, 0.8, 0.7, 0.7, 0.7, 0.3, 0.1, 0.05, 0, 0, 0, 0, 0, 0
MINIGRANJALAPAZVERSO1 , INVD, 0, 0, 0, 0, 0, 5, 5, 5, 5, 5, 5, 5, 5, 5, 5, 5, 5, 5, 0, 0, 0, 0, 0, 0
MINIGRANJALAPUYA1 , D, 0, 0, 0, 0, 0, 0.01, 0.3, 0.6, 0.6, 0.7, 0.7, 0.8, 0.7, 0.7, 0.7, 0.3, 0.1, 0.05, 0, 0, 0, 0, 0, 0
MINIGRANJALAPUYA1 , INVD, 0, 0, 0, 0, 0, 5, 5, 5, 5, 5, 5, 5, 5, 5, 5, 5, 5, 5, 0, 0, 0, 0, 0, 0
MINIGRANJALARESERVA1 , D, 0, 0, 0, 0, 0, 0.01, 0.3, 0.6, 0.6, 0.7, 0.7, 0.8, 0.7, 0.7, 0.7, 0.3, 0.1, 0.05, 0, 0, 0, 0, 0, 0
MINIGRANJALARESERVA1 , INVD, 0, 0, 0, 0, 0, 5, 5, 5, 5, 5, 5, 5, 5, 5, 5, 5, 5, 5, 0, 0, 0, 0, 0, 0
MINIGRANJAVILLANUEVA1 , D, 0, 0, 0, 0, 0, 0.01, 0.3, 0.6, 0.6, 0.7, 0.8, 0.9, 0.8, 0.7, 0.7, 0.3, 0.1, 0.05, 0, 0, 0, 0, 0, 0
MINIGRANJAVILLANUEVA1 , INVD, 0, 0, 0, 0, 0, 5, 5, 5, 5, 5, 5, 5, 5, 5, 5, 5, 5, 5, 0, 0, 0, 0, 0, 0
PLANTASOLARBAYUNCAI1 , D, 0, 0, 0, 0, 0, 0.1, 0.7, 1.6, 2.1, 2.2, 2.1, 2.4, 2.4, 2.2, 1.8, 1, 0.3, 0, 0, 0, 0, 0, 0, 0
PLANTASOLARBAYUNCAI1 , INVD, 2, 2, 2, 2, 2, 2, 2, 2, 2, 2, 2, 2, 2, 2, 2, 2, 2, 2, 2, 2, 2, 2, 2, 2
POLARISI1 , D, 0, 0, 0, 0, 0, 0.01, 0.3, 0.6, 0.6, 0.7, 0.7, 0.8, 0.7, 0.7, 0.7, 0.3, 0.1, 0.05, 0, 0, 0, 0, 0, 0
POLARISI1 , INVD, 0, 0, 0, 0, 0, 5, 5, 5, 5, 5, 5, 5, 5, 5, 5, 5, 5, 5, 0, 0, 0, 0, 0, 0
SANONOFRE1 , D, 0, 0, 0, 0, 0, 0.01, 0.3, 0.6, 0.6, 0.7, 0.7, 0.8, 0.7, 0.7, 0.7, 0.3, 0.1, 0.05, 0, 0, 0, 0, 0, 0
SANONOFRE1 , INVD, 0, 0, 0, 0, 0, 3, 3, 3, 3, 3, 3, 3, 3, 3, 3, 3, 3, 3, 0, 0, 0, 0, 0, 0
URUACO1 , D, 0, 0, 0, 0, 0, 0.01, 0.3, 0.6, 0.6, 0.7, 0.7, 0.8, 0.7, 0.7, 0.7, 0.3, 0.01, 0.05, 0, 0, 0, 0, 0, 0
URUACO1 , INVD, 0, 0, 0, 0, 0, 11, 11, 11, 11, 11, 11, 11, 11, 11, 11, 11, 11, 11, 0, 0, 0, 0, 0, 0


AGENTE: URRA
PARQUESOLARINTII1 , D, 0, 0, 0, 0, 0, 0, 0, 0, 0, 0, 0, 0, 0, 0, 0, 0, 0, 0, 0, 0, 0, 0, 0, 0
PARQUESOLARINTII1 , INVD, 0, 0, 0, 0, 0, 0, 0, 0, 0, 0, 0, 0, 0, 0, 0, 0, 0, 0, 0, 0, 0, 0, 0, 0
URRA , P, 170000
URRA , MO, 80, 80, 80, 80, 80, 80, 80, 80, 80, 80, 156, 156, 156, 80, 80, 80, 80, 156, 228, 228, 228, 228, 228, 156
URRA1 , D, 0, 0, 0, 0, 0, 0, 0, 0, 0, 0, 0, 0, 0, 0, 0, 0, 0, 0, 76, 76, 76, 76, 76, 0
URRA2 , D, 80, 80, 80, 80, 80, 80, 80, 80, 80, 80, 78, 78, 78, 80, 80, 80, 80, 78, 76, 76, 76, 76, 76, 78
URRA3 , D, 0, 0, 0, 0, 0, 0, 0, 0, 0, 0, 0, 0, 0, 0, 0, 0, 0, 0, 0, 0, 0, 0, 0, 0
URRA4 , D, 0, 0, 0, 0, 0, 0, 0, 0, 0, 0, 78, 78, 78, 0, 0, 0, 0, 78, 76, 76, 76, 76, 76, 78


AGENTE: VATIA S.A.
ASNAZU1 , D, 0.45, 0.45, 0.45, 0.45, 0.45, 0.45, 0.45, 0.45, 0.45, 0.45, 0.45, 0.45, 0.45, 0.45, 0.45, 0.45, 0.45, 0.45, 0.45, 0.45, 0.45, 0.45, 0.45, 0.45
FLORIDA21 , D, 8, 8, 8, 8, 8, 8, 8, 8, 8, 8, 8, 8, 8, 8, 8, 8, 9.5, 9.5, 9.5, 9.5, 9.5, 9.5, 9.5, 8
FLORIDA22 , D, 8, 8, 8, 8, 8, 8, 8, 8, 8, 8, 8, 8, 8, 8, 8, 8, 9.5, 9.5, 9.5, 9.5, 9.5, 9.5, 9.5, 8
INZA1 , D, 0, 0, 0, 0, 0, 0, 0, 0, 0, 0, 0, 0, 0, 0, 0, 0, 0, 0, 0, 0, 0, 0, 0, 0
JUMI1 , D, 0, 0, 0, 0, 0, 0.67, 2.6, 4.88, 6.91, 8.59, 9.58, 9.69, 8.88, 7.63, 5.62, 3.12, 0.95, 0.02, 0, 0, 0, 0, 0, 0
JUMI1 , INVD, 37, 37, 37, 37, 37, 37, 37, 37, 37, 37, 37, 37, 37, 37, 37, 37, 37, 37, 37, 37, 37, 37, 37, 37
LACASCADA(ANTIOQUIA)1 , D, 1.33, 1.33, 1.33, 1.33, 1.33, 1.33, 1.33, 1.33, 1.33, 1.33, 1.33, 1.33, 1.33, 1.33, 1.33, 1.33, 1.33, 1.33, 1.33, 1.33, 1.33, 1.33, 1.33, 1.33
LASPALMAS1 , D, 1.4, 1.4, 1.4, 1.4, 1.4, 1.4, 1.4, 1.4, 1.4, 1.4, 1.4, 1.4, 1.4, 1.4, 1.4, 1.4, 1.4, 1.4, 1.4, 1.4, 1.4, 1.4, 1.4, 1.4
LASPALMAS2 , D, 1.4, 1.4, 1.4, 1.4, 1.4, 1.4, 1.4, 1.4, 1.4, 1.4, 1.4, 1.4, 1.4, 1.4, 1.4, 1.4, 1.4, 1.4, 1.4, 1.4, 1.4, 1.4, 1.4, 1.4
MONDOMO1 , D, 0.45, 0.45, 0.45, 0.45, 0.45, 0.45, 0.45, 0.45, 0.45, 0.45, 0.45, 0.45, 0.45, 0.45, 0.45, 0.45, 0.45, 0.45, 0.45, 0.45, 0.45, 0.45, 0.45, 0.45
OVEJAS1 , D, 0.82, 0.82, 0.82, 0.82, 0.82, 0.82, 0.82, 0.82, 0.82, 0.82, 0.82, 0.82, 0.82, 0.82, 0.82, 0.82, 0.82, 0.82, 0.82, 0.82, 0.82, 0.82, 0.82, 0.82
RIOPALO1 , D, 0.95, 0.95, 0.95, 0.95, 0.95, 0.95, 0.95, 0.95, 0.95, 0.95, 0.95, 0.95, 0.95, 0.95, 0.95, 0.95, 0.95, 0.95, 0.95, 0.95, 0.95, 0.95, 0.95, 0.95
SAJANDI1 , D, 0, 0, 0, 0, 0, 0, 0, 0, 0, 0, 0, 0, 0, 0, 0, 0, 0, 0, 0, 0, 0, 0, 0, 0
SILVIA1 , D, 0.34, 0.34, 0.34, 0.34, 0.34, 0.34, 0.34, 0.34, 0.34, 0.34, 0.34, 0.34, 0.34, 0.34, 0.34, 0.34, 0.34, 0.34, 0.34, 0.34, 0.34, 0.34, 0.34, 0.34
SOLAROLDT1 , D, 0, 0, 0, 0, 0, 0.66, 2.56, 4.8, 6.79, 8.45, 9.42, 9.53, 8.73, 7.5, 5.52, 3.07, 0.93, 0.02, 0, 0, 0, 0, 0, 0
SOLAROLDT1 , INVD, 37, 37, 37, 37, 37, 37, 37, 37, 37, 37, 37, 37, 37, 37, 37, 37, 37, 37, 37, 37, 37, 37, 37, 37


AGENTE: VOLTAJE EMPRESARIAL
AUTOGPALMERASDELACOSTA1 , D, 0, 0, 0, 0, 0, 0, 0, 0, 0, 0, 0, 0, 0, 0, 0, 0, 0, 0, 0, 0, 0, 0, 0, 0
AUTOGPALMERASDELACOSTA1 , INVD, 17, 17, 17, 17, 17, 17, 17, 17, 17, 17, 17, 17, 17, 17, 17, 17, 17, 17, 17, 17, 17, 17, 17, 17
TEQUENDAMABIOGAS1 , D, 0, 0, 0, 0, 0, 0, 0, 0, 0, 0, 0, 0, 0, 0, 0, 0, 0, 0, 0, 0, 0, 0, 0, 0


