Ofertas Iniciales para: 2025-08-06


AGENTE: 4E S.A.S E.S.P.
PARQUESOLARARENAL1 , D, 0, 0, 0, 0, 0, 0, 0.3, 0.7, 0.7, 1.2, 1.4, 1.6, 1.8, 1.6, 1.4, 1.2, 0.7, 0.3, 0, 0, 0, 0, 0, 0
PARQUESOLARARENAL1 , INVD, 9, 9, 9, 9, 9, 9, 9, 9, 9, 9, 9, 9, 9, 9, 9, 9, 9, 9, 9, 9, 9, 9, 9, 9


AGENTE: ABO WIND DIECISEIS
CONDOR1 , D, 0, 0, 0, 0, 0, 0, 2.85, 8.04, 9.08, 8.3, 9.31, 9.11, 9.31, 9.5, 8.37, 8.18, 5.7, 0.88, 0, 0, 0, 0, 0, 0
CONDOR1 , INVD, 35, 35, 35, 35, 35, 35, 35, 35, 35, 35, 35, 35, 35, 35, 35, 35, 35, 35, 35, 35, 35, 35, 35, 35


AGENTE: AES COLOMBIA
BIOENERGY1 , D, 0, 0, 0, 0, 0, 0, 0, 0, 0, 0, 0, 0, 0, 0, 0, 0, 0, 0, 0, 0, 0, 0, 0, 0
CHIVOR , P, 96431
CHIVOR1 , D, 125, 125, 125, 125, 125, 125, 125, 125, 125, 125, 125, 125, 125, 125, 125, 125, 125, 125, 125, 125, 125, 125, 125, 125
CHIVOR2 , D, 125, 125, 125, 125, 125, 125, 125, 125, 125, 125, 125, 125, 125, 125, 125, 125, 125, 125, 125, 125, 125, 125, 125, 125
CHIVOR3 , D, 125, 125, 125, 125, 125, 125, 125, 125, 125, 125, 125, 125, 125, 125, 125, 125, 125, 125, 125, 125, 125, 125, 125, 125
CHIVOR4 , D, 125, 125, 125, 125, 125, 125, 125, 125, 125, 125, 125, 125, 125, 125, 125, 125, 125, 125, 125, 125, 125, 125, 125, 125
CHIVOR5 , D, 0, 0, 0, 0, 0, 0, 0, 0, 0, 0, 0, 0, 0, 0, 0, 0, 0, 0, 0, 0, 0, 0, 0, 0
CHIVOR6 , D, 0, 0, 0, 0, 0, 0, 0, 0, 0, 0, 0, 0, 0, 0, 0, 0, 0, 0, 0, 0, 0, 0, 0, 0
CHIVOR7 , D, 0, 0, 0, 0, 0, 0, 0, 0, 0, 0, 0, 0, 0, 0, 0, 0, 0, 0, 0, 0, 0, 0, 0, 0
CHIVOR8 , D, 0, 0, 0, 0, 0, 0, 0, 0, 0, 0, 0, 0, 0, 0, 0, 0, 0, 0, 0, 0, 0, 0, 0, 0
CHIVOR1 , AGCU, 105, 105, 105, 105, 105, 105, 105, 105, 105, 105, 105, 105, 105, 105, 105, 105, 105, 105, 0, 0, 0, 105, 105, 105
CHIVOR2 , AGCU, 105, 105, 105, 105, 105, 105, 105, 105, 105, 105, 105, 105, 105, 105, 105, 105, 105, 105, 0, 0, 0, 105, 105, 105
CHIVOR3 , AGCU, 105, 105, 105, 105, 105, 105, 105, 105, 105, 105, 105, 105, 105, 105, 105, 105, 105, 105, 0, 0, 0, 105, 105, 105
CHIVOR4 , AGCU, 105, 105, 105, 105, 105, 105, 105, 105, 105, 105, 105, 105, 105, 105, 105, 105, 105, 105, 0, 0, 0, 105, 105, 105
CHIVOR5 , AGCU, 0, 0, 0, 0, 0, 0, 0, 0, 0, 0, 0, 0, 0, 0, 0, 0, 0, 0, 0, 0, 0, 0, 0, 0
CHIVOR7 , AGCU, 0, 0, 0, 0, 0, 0, 0, 0, 0, 0, 0, 0, 0, 0, 0, 0, 0, 0, 0, 0, 0, 0, 0, 0
CHIVOR , AGCP, 420, 420, 420, 420, 420, 420, 420, 420, 420, 420, 420, 420, 420, 420, 420, 420, 420, 420, 0, 0, 0, 420, 420, 420
CHIVOR1 , PRU, 0, 0, 0, 0, 0, 0, 0, 0, 0, 0, 0, 0, 0, 0, 0, 0, 0, 0, 0, 0, 0, 0, 0, 0
CHIVOR2 , PRU, 0, 0, 0, 0, 0, 0, 0, 0, 0, 0, 0, 0, 0, 0, 0, 0, 0, 0, 0, 0, 0, 0, 0, 0
CHIVOR3 , PRU, 0, 0, 0, 0, 0, 0, 0, 0, 0, 0, 0, 0, 0, 0, 0, 0, 0, 0, 0, 0, 0, 0, 0, 0
CHIVOR4 , PRU, 0, 0, 0, 0, 0, 0, 0, 0, 0, 0, 0, 0, 0, 0, 0, 0, 0, 0, 0, 0, 0, 0, 0, 0
CHIVOR5 , PRU, 0, 0, 0, 0, 0, 0, 0, 0, 0, 0, 0, 0, 0, 0, 0, 0, 0, 0, 0, 0, 0, 0, 0, 0
CHIVOR6 , PRU, 0, 0, 0, 0, 0, 0, 0, 0, 0, 0, 0, 0, 0, 0, 0, 0, 0, 0, 0, 0, 0, 0, 0, 0
CHIVOR7 , PRU, 0, 0, 0, 0, 0, 0, 0, 0, 0, 0, 0, 0, 0, 0, 0, 0, 0, 0, 0, 0, 0, 0, 0, 0
CHIVOR8 , PRU, 0, 0, 0, 0, 0, 0, 0, 0, 0, 0, 0, 0, 0, 0, 0, 0, 0, 0, 0, 0, 0, 0, 0, 0
TUNJITA1 , D, 19.6, 19.6, 19.6, 19.6, 19.6, 19.6, 19.6, 19.6, 19.6, 19.6, 19.6, 19.6, 19.6, 19.6, 19.6, 19.6, 19.6, 19.6, 19.6, 19.6, 19.6, 19.6, 19.6, 19.6


AGENTE: ATLÁNTICA COLOMBIA
LASIERPE1 , D, 0, 0, 0, 0, 0, 0, 2, 6, 8, 14, 19, 19, 19, 18, 16, 14, 4, 6, 1, 0, 0, 0, 0, 0
LASIERPE1 , INVD, 6, 6, 6, 6, 6, 6, 6, 6, 6, 6, 6, 6, 6, 6, 6, 6, 6, 6, 6, 6, 6, 6, 6, 6
LATOLUA1 , D, 0, 0, 0, 0, 0, 0, 2, 4, 8, 12, 19, 19, 19, 18, 16, 14, 8, 6, 1, 0, 0, 0, 0, 0
LATOLUA1 , INVD, 6, 6, 6, 6, 6, 6, 6, 6, 6, 6, 6, 6, 6, 6, 6, 6, 6, 6, 6, 6, 6, 6, 6, 6
PARQUESOLARHONDAI1 , D, 0, 0, 0, 0, 0, 0, 1, 2, 4, 6, 6, 8, 8, 8, 8, 6, 4, 2, 1, 0, 0, 0, 0, 0
PARQUESOLARHONDAI1 , INVD, 36, 36, 36, 36, 36, 36, 36, 36, 36, 36, 36, 36, 36, 36, 36, 36, 36, 36, 36, 36, 36, 36, 36, 36
PARQUESOLARHONDAII1 , D, 0, 0, 0, 0, 0, 0, 1, 2, 3, 4, 6, 9, 9, 9, 6, 7, 7, 2, 1, 0, 0, 0, 0, 0
PARQUESOLARHONDAII1 , INVD, 36, 36, 36, 36, 36, 36, 36, 36, 36, 36, 36, 36, 36, 36, 36, 36, 36, 36, 36, 36, 36, 36, 36, 36
TIERRALINDA1 , D, 0, 0, 0, 0, 0, 0, 1, 2, 3, 4, 9, 9, 9, 9, 7, 6, 6, 2, 1, 0, 0, 0, 0, 0
TIERRALINDA1 , INVD, 3, 3, 3, 3, 3, 3, 3, 3, 3, 3, 3, 3, 3, 3, 3, 3, 3, 3, 3, 3, 3, 3, 3, 3


AGENTE: AURES BAJO
AURESBAJO1 , D, 1.7, 1.7, 1.7, 1.7, 1.7, 1.7, 1.7, 1.7, 1.7, 1.7, 1.7, 1.7, 1.7, 1.7, 1.7, 1.7, 1.7, 1.7, 1.7, 1.7, 1.7, 1.7, 1.7, 1.7
AURESBAJO2 , D, 6.5, 6.5, 6.5, 6.5, 6.5, 6.5, 6.5, 6.5, 6.5, 6.5, 6.5, 6.5, 6.5, 6.5, 6.5, 6.5, 6.5, 6.5, 6.5, 6.5, 6.5, 6.5, 6.5, 6.5


AGENTE: BCCY CORDOBA 
AUTOGLOSPOCITOS1 , D, 1.8, 1.8, 1.8, 1.8, 1.8, 1.8, 1.8, 1.8, 1.8, 1.8, 1.8, 1.8, 1.8, 1.8, 1.8, 1.8, 1.8, 1.8, 1.8, 1.8, 1.8, 1.8, 1.8, 1.8
PETALODECORDOBAII1 , D, 0, 0, 0, 0, 0, 0, 0.19, 2.41, 5.37, 7.69, 8.08, 7.49, 6.88, 7.33, 6.22, 5.9, 4.43, 1.05, 0, 0, 0, 0, 0, 0
PETALODECORDOBAII1 , INVD, 54, 54, 54, 54, 54, 54, 54, 54, 54, 54, 54, 54, 54, 54, 54, 54, 54, 54, 54, 54, 54, 54, 54, 54


AGENTE: BIOGAS COLOMBIA
DOÑAJUANA1 , D, 0.25, 0.25, 0.25, 0.25, 0.25, 0.25, 0.25, 0.25, 0.25, 0.25, 0.25, 0.25, 0.25, 0.25, 0.25, 0.25, 0.25, 0.25, 0.25, 0.25, 0.25, 0.25, 0.25, 0.25


AGENTE: CEDENAR
RIOBOBO1 , D, 4, 4, 4, 4, 4, 4, 4, 4, 4, 4, 4, 4, 4, 4, 4, 4, 4, 4, 4, 4, 4, 4, 4, 4
RIOMAYO1 , D, 6.6, 6.6, 6.6, 6.6, 6.6, 6.6, 6.6, 6.6, 6.6, 6.6, 6.6, 6.6, 6.6, 6.6, 6.6, 6.6, 6.6, 6.6, 6.6, 6.6, 6.6, 6.6, 6.6, 6.6
RIOMAYO2 , D, 6.6, 6.6, 6.6, 6.6, 6.6, 6.6, 6.6, 6.6, 6.6, 6.6, 6.6, 6, 0, 0, 6, 6.6, 6.6, 6.6, 6.6, 6.6, 6.6, 6.6, 6.6, 6
RIOMAYO3 , D, 6.6, 6.6, 6.6, 6.6, 6.6, 6.6, 6.6, 6.6, 6.6, 6.6, 6.6, 6.6, 6.6, 6.6, 6.6, 6.6, 6.6, 6.6, 6.6, 6.6, 6.6, 6.6, 6.6, 6.6
RIOSAPUYES1 , D, 1.3, 1.3, 1.3, 1.3, 1.3, 1.3, 1.3, 1.3, 1.3, 1.3, 1.3, 1.3, 1.3, 1.3, 1.3, 1.3, 1.3, 1.3, 1.3, 1.3, 1.3, 1.3, 1.3, 1.3


AGENTE: CELSIA COLOMBIA
ALBAN , P, 99000
ALBAN , MO, 13, 13, 13, 13, 13, 13, 13, 13, 13, 11, 11, 11, 11, 11, 11, 11, 11, 11, 12, 12, 12, 12, 12, 12
ALTOANCHICAYA1 , D, 115, 115, 115, 115, 115, 115, 115, 115, 115, 115, 115, 115, 115, 115, 115, 115, 115, 115, 115, 115, 115, 115, 115, 115
ALTOANCHICAYA2 , D, 115, 115, 115, 115, 115, 115, 115, 115, 115, 115, 115, 115, 115, 115, 115, 115, 115, 115, 115, 115, 115, 115, 115, 115
ALTOANCHICAYA3 , D, 110, 110, 110, 110, 110, 110, 110, 110, 110, 110, 110, 110, 110, 110, 110, 110, 110, 110, 110, 110, 110, 110, 110, 110
BAJOANCHICAYA1 , D, 12, 12, 12, 12, 12, 12, 12, 12, 12, 10, 10, 10, 10, 10, 10, 10, 10, 10, 11, 11, 11, 11, 11, 11
BAJOANCHICAYA2 , D, 10, 10, 10, 10, 10, 10, 10, 10, 10, 10, 10, 10, 10, 10, 10, 10, 10, 10, 10, 10, 10, 10, 10, 10
BAJOANCHICAYA3 , D, 24, 24, 24, 24, 24, 24, 24, 24, 24, 24, 24, 24, 24, 24, 24, 24, 24, 24, 24, 24, 24, 24, 24, 24
BAJOANCHICAYA4 , D, 24, 24, 24, 24, 24, 24, 24, 24, 24, 24, 24, 24, 24, 24, 24, 24, 24, 24, 24, 24, 24, 24, 24, 24
ALTOANCHICAYA1 , AGCU, 85, 85, 85, 85, 85, 85, 85, 85, 85, 85, 85, 85, 85, 85, 85, 85, 85, 85, 0, 0, 0, 85, 85, 85
ALTOANCHICAYA2 , AGCU, 85, 85, 85, 85, 85, 85, 85, 85, 85, 85, 85, 85, 85, 85, 85, 85, 85, 85, 0, 0, 0, 85, 85, 85
ALTOANCHICAYA3 , AGCU, 80, 80, 80, 80, 80, 80, 80, 80, 80, 80, 80, 80, 80, 80, 80, 80, 80, 80, 0, 0, 0, 80, 80, 80
BAJOANCHICAYA1 , AGCU, 0, 0, 0, 0, 0, 0, 0, 0, 0, 0, 0, 0, 0, 0, 0, 0, 0, 0, 0, 0, 0, 0, 0, 0
BAJOANCHICAYA3 , AGCU, 0, 0, 0, 0, 0, 0, 0, 0, 0, 0, 0, 0, 0, 0, 0, 0, 0, 0, 0, 0, 0, 0, 0, 0
ALBAN , AGCP, 250, 250, 250, 250, 250, 250, 250, 250, 250, 250, 250, 250, 250, 250, 250, 250, 250, 250, 0, 0, 0, 250, 250, 250
ALTOTULUA1 , D, 0, 0, 0, 0, 0, 0, 0, 0, 0, 0, 0, 0, 0, 0, 0, 0, 0, 0, 0, 0, 0, 0, 0, 0
ALTOTULUA2 , D, 2, 2, 2, 2, 2, 2, 2, 2, 2, 2, 2, 2, 2, 2, 2, 2, 2, 2, 2, 2, 2, 2, 2, 2
AMAIME1 , D, 5, 5, 5, 5, 5, 5, 5, 5, 5, 5, 5, 5, 5, 5, 5, 5, 5, 5, 5, 5, 5, 5, 5, 5
ARGOSCARTAGENA1 , D, 0, 0, 0, 0, 0, 0, 0, 0, 0, 0, 0, 0, 0, 0, 0, 0, 0, 0, 0, 0, 0, 0, 0, 0
AUTOGARGOSYUMBO1 , D, 0, 0, 0, 0, 0, 0, 0, 0, 0, 0, 0, 0, 0, 0, 0, 0, 0, 0, 0, 0, 0, 0, 0, 0
AUTOGBUGAIGRASAS1 , D, 0, 0, 0, 0, 0, 0, 0, 0, 0, 0, 1, 0, 0, 0, 1, 1, 0, 0, 0, 0, 0, 0, 0, 0
AUTOGBUGAIGRASAS1 , INVD, 20, 20, 20, 20, 20, 20, 20, 20, 20, 20, 20, 20, 20, 20, 20, 20, 20, 20, 20, 20, 20, 20, 20, 20
AUTOGBUGAISOLLA1 , D, 0, 0, 0, 0, 0, 0, 0, 0, 0, 1, 2, 0, 0, 0, 0, 0, 0, 0, 0, 0, 0, 0, 0, 0
AUTOGBUGAISOLLA1 , INVD, 30, 30, 30, 30, 30, 30, 30, 30, 30, 30, 30, 30, 30, 30, 30, 30, 30, 30, 30, 30, 30, 30, 30, 30
AUTOGCELSIASOLARESPINAL1 , D, 0, 0, 0, 0, 0, 0, 0, 0, 1, 3, 3, 4, 1, 2, 1, 0, 0, 0, 0, 0, 0, 0, 0, 0
AUTOGCELSIASOLARESPINAL1 , INVD, 56, 56, 56, 56, 56, 56, 56, 56, 56, 56, 56, 56, 56, 56, 56, 56, 56, 56, 56, 56, 56, 56, 56, 56
AUTOGCELSIASOLARHARINAS1 , D, 0, 0, 0, 0, 0, 0, 0, 0, 0, 0, 0, 0, 0, 0, 0, 0, 0, 0, 0, 0, 0, 0, 0, 0
AUTOGCELSIASOLARHARINAS1 , INVD, 14, 14, 14, 14, 14, 14, 14, 14, 14, 14, 14, 14, 14, 14, 14, 14, 14, 14, 14, 14, 14, 14, 14, 14
AUTOGCELSIASOLARLEVAPAN1 , D, 0, 0, 0, 0, 0, 0, 0, 0, 0, 0, 2, 1, 0, 0, 0, 0, 0, 0, 0, 0, 0, 0, 0, 0
AUTOGCELSIASOLARLEVAPAN1 , INVD, 43, 43, 43, 43, 43, 43, 43, 43, 43, 43, 43, 43, 43, 43, 43, 43, 43, 43, 43, 43, 43, 43, 43, 43
AUTOGCELSIASOLARPALMIRA31 , D, 0, 0, 0, 0, 0, 0, 0, 0, 0, 0, 0, 0, 0, 0, 0, 0, 0, 0, 0, 0, 0, 0, 0, 0
AUTOGCELSIASOLARPALMIRA31 , INVD, 35, 35, 35, 35, 35, 35, 35, 35, 35, 35, 35, 35, 35, 35, 35, 35, 35, 35, 35, 35, 35, 35, 35, 35
AUTOGCELSIASOLARPALMIRA3ZONAFRANCA1 , D, 0, 0, 0, 0, 0, 0, 0, 0, 0, 0, 0, 0, 0, 0, 0, 0, 0, 0, 0, 0, 0, 0, 0, 0
AUTOGCELSIASOLARPALMIRA3ZONAFRANCA1 , INVD, 15, 15, 15, 15, 15, 15, 15, 15, 15, 15, 15, 15, 15, 15, 15, 15, 15, 15, 15, 15, 15, 15, 15, 15
AUTOGCELSIASOLARTQJAMUNDI1 , D, 0, 0, 0, 0, 0, 0, 0, 0, 0, 0, 0, 0, 0, 0, 0, 0, 0, 0, 0, 0, 0, 0, 0, 0
AUTOGCELSIASOLARTQJAMUNDI1 , INVD, 17, 17, 17, 17, 17, 17, 17, 17, 17, 17, 17, 17, 17, 17, 17, 17, 17, 17, 17, 17, 17, 17, 17, 17
AUTOGCELSIASOLARYUMBO1 , D, 0, 0, 0, 0, 0, 0, 0, 0, 0, 0, 0, 0, 0, 0, 0, 0, 0, 0, 0, 0, 0, 0, 0, 0
AUTOGCELSIASOLARYUMBO1 , INVD, 9, 9, 9, 9, 9, 9, 9, 9, 9, 9, 9, 9, 9, 9, 9, 9, 9, 9, 9, 9, 9, 9, 9, 9
AUTOGCOMOLSA1 , D, 0, 0, 0, 0, 0, 0, 0, 1.2, 2.2, 2.2, 3.3, 3.3, 3.3, 3.3, 2.2, 1.2, 1.2, 1, 0, 0, 0, 0, 0, 0
AUTOGCOMOLSA1 , INVD, 17, 17, 17, 17, 17, 17, 17, 17, 17, 17, 17, 17, 17, 17, 17, 17, 17, 17, 17, 17, 17, 17, 17, 17
AUTOGMOLINOSSANTAMARTA1 , D, 0, 0, 0, 0, 0, 0, 0, 1.2, 2.2, 2.2, 3.3, 3.3, 3.3, 3.3, 2.2, 1.2, 1.2, 1, 0, 0, 0, 0, 0, 0
AUTOGMOLINOSSANTAMARTA1 , INVD, 17, 17, 17, 17, 17, 17, 17, 17, 17, 17, 17, 17, 17, 17, 17, 17, 17, 17, 17, 17, 17, 17, 17, 17
AUTOGQBCO1 , D, 0, 0, 0, 0, 0, 0, 0, 1.2, 2.2, 2.2, 3.3, 3.3, 3.3, 3.3, 2.2, 1.2, 1.2, 1, 0, 0, 0, 0, 0, 0
AUTOGQBCO1 , INVD, 17, 17, 17, 17, 17, 17, 17, 17, 17, 17, 17, 17, 17, 17, 17, 17, 17, 17, 17, 17, 17, 17, 17, 17
AUTOGSOLARPALMIRAIIBERRY1 , D, 0, 0, 0, 0, 0, 0, 0, 0, 1, 4, 4, 4, 3, 3, 3, 2, 1, 0, 0, 0, 0, 0, 0, 0
AUTOGSOLARPALMIRAIIBERRY1 , INVD, 49, 49, 49, 49, 49, 49, 49, 49, 49, 49, 49, 49, 49, 49, 49, 49, 49, 49, 49, 49, 49, 49, 49, 49
BAJOTULUA1 , D, 4, 4, 4, 4, 4, 4, 4, 4, 4, 4, 4, 4, 4, 3, 3, 3, 3, 3, 3, 3, 3, 3, 3, 3
BAJOTULUA2 , D, 4, 4, 4, 4, 4, 4, 4, 4, 4, 4, 4, 4, 4, 3, 3, 3, 3, 3, 3, 3, 3, 3, 3, 3
CALIMA , P, 285000
CALIMA1 , D, 33, 33, 33, 33, 33, 33, 33, 33, 33, 33, 33, 33, 33, 33, 33, 33, 33, 33, 33, 33, 33, 33, 33, 33
CALIMA2 , D, 33, 33, 33, 33, 33, 33, 33, 33, 33, 33, 33, 33, 33, 33, 33, 33, 33, 33, 33, 33, 33, 33, 33, 33
CALIMA3 , D, 33, 33, 33, 33, 33, 33, 33, 33, 33, 33, 33, 33, 33, 33, 33, 33, 33, 33, 33, 33, 33, 33, 33, 33
CALIMA4 , D, 33, 33, 33, 33, 33, 33, 33, 33, 33, 33, 33, 33, 33, 33, 33, 33, 33, 33, 33, 33, 33, 33, 33, 33
CALIMA1 , AGCU, 17, 17, 17, 17, 17, 17, 17, 17, 17, 17, 17, 17, 17, 17, 17, 17, 17, 17, 17, 17, 17, 17, 17, 17
CALIMA2 , AGCU, 17, 17, 17, 17, 17, 17, 17, 17, 17, 17, 17, 17, 17, 17, 17, 17, 17, 17, 17, 17, 17, 17, 17, 17
CALIMA3 , AGCU, 17, 17, 17, 17, 17, 17, 17, 17, 17, 17, 17, 17, 17, 17, 17, 17, 17, 17, 17, 17, 17, 17, 17, 17
CALIMA4 , AGCU, 17, 17, 17, 17, 17, 17, 17, 17, 17, 17, 17, 17, 17, 17, 17, 17, 17, 17, 17, 17, 17, 17, 17, 17
CALIMA , AGCP, 68, 68, 68, 68, 68, 68, 68, 68, 68, 68, 68, 68, 68, 68, 68, 68, 68, 68, 68, 68, 68, 68, 68, 68
CELSIASOLARALUMINA1 , D, 0, 0, 0, 0, 0, 0, 0, 0, 0.16, 0.48, 0.5, 0.37, 0.23, 0.31, 0.22, 0.12, 0.05, 0, 0, 0, 0, 0, 0, 0
CELSIASOLARALUMINA1 , INVD, 34, 34, 34, 34, 34, 34, 34, 34, 34, 34, 34, 34, 34, 34, 34, 34, 34, 34, 34, 34, 34, 34, 34, 34
CELSIASOLARBOLIVAR1 , D, 0, 0, 0, 0, 0, 0, 0, 1, 3, 4, 4, 4, 4, 4, 4, 2, 1, 0, 0, 0, 0, 0, 0, 0
CELSIASOLARBOLIVAR1 , INVD, 5, 5, 5, 5, 5, 5, 5, 5, 5, 5, 5, 5, 5, 5, 5, 5, 5, 5, 5, 5, 5, 5, 5, 5
CELSIASOLARBUGALAGRANDE1 , D, 0, 0, 0, 0, 0, 0, 0, 1, 2, 4, 6, 5, 3, 2, 3, 2, 1, 0, 0, 0, 0, 0, 0, 0
CELSIASOLARBUGALAGRANDE1 , INVD, 50, 50, 50, 50, 50, 50, 50, 50, 50, 50, 50, 50, 50, 50, 50, 50, 50, 50, 50, 50, 50, 50, 50, 50
CELSIASOLARCARMELO1 , D, 0, 0, 0, 0, 0, 0, 0, 0, 0, 0, 0, 0, 0, 0, 0, 0, 0, 0, 0, 0, 0, 0, 0, 0
CELSIASOLARCARMELO1 , INVD, 56, 56, 56, 56, 56, 56, 56, 56, 56, 56, 56, 56, 56, 56, 56, 56, 56, 56, 56, 56, 56, 56, 56, 56
CELSIASOLARDULIMA1 , D, 0, 0, 0, 0, 0, 0, 1, 7, 8, 11, 16, 13, 7, 7, 5, 4, 2, 1, 0, 0, 0, 0, 0, 0
CELSIASOLARDULIMA1 , INVD, 108, 108, 108, 108, 108, 108, 108, 108, 108, 108, 108, 108, 108, 108, 108, 108, 108, 108, 108, 108, 108, 108, 108, 108
CELSIASOLARLAPAILA1 , D, 0, 0, 0, 0, 0, 0, 0, 0, 0, 0, 0, 0, 0, 0, 0, 0, 0, 0, 0, 0, 0, 0, 0, 0
CELSIASOLARLAPAILA1 , INVD, 57, 57, 57, 57, 57, 57, 57, 57, 57, 57, 57, 57, 57, 57, 57, 57, 57, 57, 57, 57, 57, 57, 57, 57
CELSIASOLARLAVICTORIAI1 , D, 0, 0, 0, 0, 0, 0, 0, 3, 6, 8, 10, 12, 12, 12, 8, 4, 3, 1, 0, 0, 0, 0, 0, 0
CELSIASOLARLAVICTORIAI1 , INVD, 114, 114, 114, 114, 114, 114, 114, 114, 114, 114, 114, 114, 114, 114, 114, 114, 114, 114, 114, 114, 114, 114, 114, 114
CELSIASOLARLAVICTORIAII1 , D, 0, 0, 0, 0, 0, 0, 0, 3, 6, 8, 10, 12, 13, 12, 8, 4, 3, 1, 0, 0, 0, 0, 0, 0
CELSIASOLARLAVICTORIAII1 , INVD, 114, 114, 114, 114, 114, 114, 114, 114, 114, 114, 114, 114, 114, 114, 114, 114, 114, 114, 114, 114, 114, 114, 114, 114
CELSIASOLARPUERTOTEJADA1 , D, 0, 0, 0, 0, 0, 0, 0, 0, 6, 9, 8, 4, 3, 5, 4, 1, 0, 0, 0, 0, 0, 0, 0, 0
CELSIASOLARPUERTOTEJADA1 , INVD, 107, 107, 107, 107, 107, 107, 107, 107, 107, 107, 107, 107, 107, 107, 107, 107, 107, 107, 107, 107, 107, 107, 107, 107
CELSIASOLARYUMA1 , D, 0, 0, 0, 0, 0, 0, 0, 3, 3, 5, 7, 6, 3, 3, 2, 1, 1, 0, 0, 0, 0, 0, 0, 0
CELSIASOLARYUMA1 , INVD, 49, 49, 49, 49, 49, 49, 49, 49, 49, 49, 49, 49, 49, 49, 49, 49, 49, 49, 49, 49, 49, 49, 49, 49
CERRITOS1 , D, 0, 0, 0, 0, 0, 0, 0, 2, 3, 5, 6, 8, 7, 6, 4, 2, 1, 0, 0, 0, 0, 0, 0, 0
CERRITOS1 , INVD, 8, 8, 8, 8, 8, 8, 8, 8, 8, 8, 8, 8, 8, 8, 8, 8, 8, 8, 8, 8, 8, 8, 8, 8
CUCUANA , P, 96433
CUCUANA1 , D, 3, 3, 3, 3, 3, 3, 3, 3, 3, 3, 3, 3, 3, 3, 3, 3, 3, 3, 3, 6, 6, 6, 6, 6
CUCUANA2 , D, 0, 0, 0, 0, 0, 0, 0, 0, 0, 0, 0, 0, 0, 0, 0, 0, 0, 0, 0, 6, 6, 6, 6, 6
GDALFEREZ1 , D, 0, 0, 0, 0, 0, 0, 0.02, 0.1, 0.23, 0.49, 0.6, 0.45, 0.25, 0.23, 0.38, 0.35, 0.21, 0.05, 0, 0, 0, 0, 0, 0
GDALFEREZ1 , INVD, 3, 3, 3, 3, 3, 3, 3, 3, 3, 3, 3, 3, 3, 3, 3, 3, 3, 3, 3, 3, 3, 3, 3, 3
GDBASILICA1 , D, 0, 0, 0, 0, 0, 0, 0.01, 0.08, 0.18, 0.23, 0.31, 0.26, 0.3, 0.33, 0.26, 0.21, 0.12, 0.02, 0, 0, 0, 0, 0, 0
GDBASILICA1 , INVD, 5, 5, 5, 5, 5, 5, 5, 5, 5, 5, 5, 5, 5, 5, 5, 5, 5, 5, 5, 5, 5, 5, 5, 5
GDBOCASDELPALO1 , D, 0, 0, 0, 0, 0, 0, 0, 0.1, 0.1, 0.1, 0.1, 0.1, 0.1, 0.1, 0.1, 0.1, 0, 0, 0, 0, 0, 0, 0, 0
GDBOCASDELPALO1 , INVD, 1, 1, 1, 1, 1, 1, 1, 1, 1, 1, 1, 1, 1, 1, 1, 1, 1, 1, 1, 1, 1, 1, 1, 1
GDCHICORAL1 , D, 0, 0, 0, 0, 0, 0, 0.02, 0.08, 0.2, 0.33, 0.33, 0.31, 0.24, 0.24, 0.18, 0.17, 0.11, 0.03, 0, 0, 0, 0, 0, 0
GDCHICORAL1 , INVD, 5, 5, 5, 5, 5, 5, 5, 5, 5, 5, 5, 5, 5, 5, 5, 5, 5, 5, 5, 5, 5, 5, 5, 5
GDCHIMBI1 , D, 0, 0, 0, 0, 0, 0, 0.05, 0.23, 0.32, 0.55, 0.73, 0.38, 0.23, 0.31, 0.29, 0.29, 0.13, 0.06, 0, 0, 0, 0, 0, 0
GDCHIMBI1 , INVD, 5, 5, 5, 5, 5, 5, 5, 5, 5, 5, 5, 5, 5, 5, 5, 5, 5, 5, 5, 5, 5, 5, 5, 5
GDELBANCO1 , D, 0, 0, 0, 0, 0, 0, 0.04, 0.18, 0.36, 0.52, 0.71, 0.79, 0.71, 0.64, 0.44, 0.34, 0.17, 0.05, 0, 0, 0, 0, 0, 0
GDELBANCO1 , INVD, 5, 5, 5, 5, 5, 5, 5, 5, 5, 5, 5, 5, 5, 5, 5, 5, 5, 5, 5, 5, 5, 5, 5, 5
GDLAHONDA1 , D, 0, 0, 0, 0, 0, 0, 0.02, 0.16, 0.32, 0.46, 0.52, 0.61, 0.63, 0.6, 0.44, 0.27, 0.16, 0.04, 0, 0, 0, 0, 0, 0
GDLAHONDA1 , INVD, 5, 5, 5, 5, 5, 5, 5, 5, 5, 5, 5, 5, 5, 5, 5, 5, 5, 5, 5, 5, 5, 5, 5, 5
GDLAURIBE1 , D, 0, 0, 0, 0, 0, 0, 0.04, 0.22, 0.34, 0.5, 0.6, 0.56, 0.3, 0.34, 0.27, 0.22, 0.12, 0.05, 0, 0, 0, 0, 0, 0
GDLAURIBE1 , INVD, 3, 3, 3, 3, 3, 3, 3, 3, 3, 3, 3, 3, 3, 3, 3, 3, 3, 3, 3, 3, 3, 3, 3, 3
GDLOSCHORROS1 , D, 0, 0, 0, 0, 0, 0, 0.02, 0.13, 0.2, 0.31, 0.42, 0.31, 0.18, 0.19, 0.15, 0.12, 0.06, 0.02, 0, 0, 0, 0, 0, 0
GDLOSCHORROS1 , INVD, 3, 3, 3, 3, 3, 3, 3, 3, 3, 3, 3, 3, 3, 3, 3, 3, 3, 3, 3, 3, 3, 3, 3, 3
GDPALERMO1 , D, 0, 0, 0, 0, 0, 0, 0.04, 0.22, 0.34, 0.51, 0.73, 0.6, 0.33, 0.38, 0.27, 0.23, 0.12, 0.05, 0, 0, 0, 0, 0, 0
GDPALERMO1 , INVD, 5, 5, 5, 5, 5, 5, 5, 5, 5, 5, 5, 5, 5, 5, 5, 5, 5, 5, 5, 5, 5, 5, 5, 5
GRPARQUESOLARTUCANES1 , D, 0, 0, 0, 0, 0, 0, 1, 4, 6, 7, 7, 7, 7, 8, 8, 6, 3, 0, 0, 0, 0, 0, 0, 0
GRPARQUESOLARTUCANES1 , INVD, 8, 8, 8, 8, 8, 8, 8, 8, 8, 8, 8, 8, 8, 8, 8, 8, 8, 8, 8, 8, 8, 8, 8, 8
GRANJASOLARFLANDES1 , D, 0, 0, 0, 0, 0, 0, 1, 6, 8, 11, 15, 11, 7, 7, 5, 3, 2, 1, 0, 0, 0, 0, 0, 0
GRANJASOLARFLANDES1 , INVD, 108, 108, 108, 108, 108, 108, 108, 108, 108, 108, 108, 108, 108, 108, 108, 108, 108, 108, 108, 108, 108, 108, 108, 108
GRANJASOLARLANCEROS1 , D, 0, 0, 0, 0, 0, 0, 0, 1, 3, 5, 7, 4, 2, 3, 3, 3, 1, 0, 0, 0, 0, 0, 0, 0
GRANJASOLARLANCEROS1 , INVD, 49, 49, 49, 49, 49, 49, 49, 49, 49, 49, 49, 49, 49, 49, 49, 49, 49, 49, 49, 49, 49, 49, 49, 49
GRANJASOLARSANFELIPE1 , D, 0, 0, 0, 0, 0, 0, 0, 2, 4, 6, 8, 9, 8, 7, 5, 4, 2, 0, 0, 0, 0, 0, 0, 0
GRANJASOLARSANFELIPE1 , INVD, 49, 49, 49, 49, 49, 49, 49, 49, 49, 49, 49, 49, 49, 49, 49, 49, 49, 49, 49, 49, 49, 49, 49, 49
HIDROMONTAÑITAS1 , D, 7, 0, 0, 0, 0, 0, 9, 9, 9, 9, 9, 9, 9, 9, 9, 9, 9, 9, 9, 6, 0, 0, 0, 0
HIDROMONTAÑITAS2 , D, 7, 0, 0, 0, 0, 0, 9, 9, 9, 9, 9, 9, 9, 9, 9, 9, 9, 9, 9, 6, 0, 0, 0, 0
INGENIOSANCARLOS1 , D, 2, 1, 1, 1, 1, 1, 1, 1, 1, 1, 1, 1, 1, 1, 0, 1, 1, 1, 1, 0, 1, 1, 1, 1
LAMEDINA1 , D, 0, 0, 0, 0, 0, 0, 0, 2, 4, 5, 7, 8, 7, 6, 4, 3, 1, 0, 0, 0, 0, 0, 0, 0
LAMEDINA1 , INVD, 8, 8, 8, 8, 8, 8, 8, 8, 8, 8, 8, 8, 8, 8, 8, 8, 8, 8, 8, 8, 8, 8, 8, 8
LOSCABALLEROS1 , D, 0, 0, 0, 0, 0, 0, 0, 2, 3, 5, 7, 8, 7, 6, 4, 3, 1, 0, 0, 0, 0, 0, 0, 0
LOSCABALLEROS1 , INVD, 8, 8, 8, 8, 8, 8, 8, 8, 8, 8, 8, 8, 8, 8, 8, 8, 8, 8, 8, 8, 8, 8, 8, 8
MAYAGUEZ1 , D, 19, 19, 19, 19, 19, 19, 19, 19, 19, 19, 19, 19, 19, 19, 19, 19, 19, 19, 19, 19, 19, 16, 19, 18
MERILECTRICA1 , P, 977630
MERILECTRICA1 , C, GAS
MERILECTRICA1 , PAPF02, 147932339
MERILECTRICA1 , PAPT02, 147932339
MERILECTRICA1 , PAPC02, 147932339
MERILECTRICA1 , PAPUSDF02, 35824
MERILECTRICA1 , PAPUSDT02, 35824
MERILECTRICA1 , PAPUSDC02, 35824
MERILECTRICA1 , CONF, 1
MERILECTRICA1 , D, 164, 164, 164, 164, 164, 164, 164, 164, 164, 164, 164, 164, 164, 164, 164, 164, 164, 164, 164, 164, 164, 164, 164, 164
MONTELIBANO1 , D, 0, 0, 0, 0, 0, 0, 0, 2, 3, 5, 7, 7, 7, 7, 4, 3, 2, 0, 0, 0, 0, 0, 0, 0
MONTELIBANO1 , INVD, 8, 8, 8, 8, 8, 8, 8, 8, 8, 8, 8, 8, 8, 8, 8, 8, 8, 8, 8, 8, 8, 8, 8, 8
NIMA1 , D, 3, 3, 3, 3, 3, 3, 3, 3, 3, 3, 3, 3, 3, 3, 4, 4, 4, 3, 3, 3, 3, 3, 3, 3
PARQUEEOLICOCARRETO1 , D, 0, 0, 0, 0, 0, 0, 0, 0, 0, 0, 0, 0, 0, 0, 0, 0, 0, 0, 0, 0, 0, 0, 0, 0
PARQUEEOLICOCARRETO1 , INVD, 1, 1, 1, 1, 1, 1, 1, 1, 1, 1, 1, 1, 1, 1, 1, 1, 1, 1, 1, 1, 1, 1, 1, 1
PETALODELMAGDALENA1 , D, 0, 0, 0, 0, 0, 0, 0, 4, 6, 8, 8, 7, 9, 6, 3, 2, 0, 0, 0, 0, 0, 0, 0, 0
PETALODELMAGDALENA1 , INVD, 8, 8, 8, 8, 8, 8, 8, 8, 8, 8, 8, 8, 8, 8, 8, 8, 8, 8, 8, 8, 8, 8, 8, 8
PRADO , P, 100000
PRADO1 , D, 17, 17, 17, 17, 17, 17, 17, 17, 17, 17, 17, 17, 17, 17, 17, 17, 17, 17, 17, 17, 17, 17, 17, 17
PRADO2 , D, 17, 17, 17, 17, 17, 17, 17, 17, 17, 17, 17, 17, 17, 17, 17, 17, 17, 17, 17, 17, 17, 17, 17, 17
PRADO3 , D, 17, 17, 17, 17, 17, 17, 17, 17, 17, 17, 17, 17, 17, 17, 17, 17, 17, 17, 17, 17, 17, 17, 17, 17
PRADO4 , D, 5, 5, 5, 5, 5, 5, 5, 5, 5, 5, 5, 5, 5, 5, 5, 5, 5, 5, 5, 5, 5, 5, 5, 5
RIOCALI1 , D, 0, 0, 0, 0, 0, 0, 0, 0, 0, 0, 0, 0, 0, 0, 0, 0, 0, 0, 0, 0, 0, 0, 0, 0
RIOCALI2 , D, 0, 0, 0, 0, 0, 0, 0, 0, 0, 0, 0, 0, 0, 0, 0, 0, 0, 0, 0, 0, 0, 0, 0, 0
RIOPIEDRAS1 , D, 4, 4, 4, 4, 4, 4, 4, 4, 4, 4, 4, 4, 4, 4, 4, 4, 4, 5, 5, 6, 7, 6, 6, 5
RIOPIEDRAS2 , D, 4, 4, 4, 4, 4, 4, 4, 4, 4, 4, 4, 4, 4, 4, 4, 4, 4, 5, 5, 6, 7, 6, 6, 5
SALVAJINA , P, 190000
SALVAJINA , MO, 60, 60, 60, 60, 60, 60, 95, 95, 95, 95, 95, 95, 95, 95, 220, 220, 220, 220, 220, 220, 220, 220, 220, 60
SALVAJINA1 , D, 125, 125, 125, 125, 125, 125, 125, 125, 125, 125, 125, 125, 125, 125, 125, 125, 125, 125, 125, 125, 125, 125, 125, 125
SALVAJINA2 , D, 95, 95, 95, 95, 95, 95, 95, 95, 95, 95, 95, 95, 95, 95, 95, 95, 95, 95, 95, 95, 95, 95, 95, 95
SALVAJINA3 , D, 95, 95, 95, 95, 95, 95, 95, 95, 95, 95, 95, 95, 95, 95, 95, 95, 95, 95, 95, 95, 95, 95, 95, 95
SALVAJINA3 , PRU, 90, 90, 90, 90, 90, 90, 90, 90, 90, 90, 90, 90, 90, 90, 90, 90, 90, 90, 90, 90, 90, 90, 90, 90
SANANDRESDECUERQUIA1 , D, 7, 7, 7, 7, 7, 7, 7, 7, 7, 7, 7, 7, 7, 7, 7, 7, 7, 7, 9, 9, 9, 9, 5, 3
SANANDRESDECUERQUIA2 , D, 7, 7, 7, 7, 7, 7, 7, 7, 7, 7, 7, 7, 7, 7, 7, 7, 7, 7, 9, 9, 9, 9, 5, 3
SINCE1 , D, 0, 0, 0, 0, 0, 0, 0, 4, 13, 17, 14, 17, 16, 13, 6, 5, 3, 1, 0, 0, 0, 0, 0, 0
SINCE1 , INVD, 99, 99, 99, 99, 99, 99, 99, 99, 99, 99, 99, 99, 99, 99, 99, 99, 99, 99, 99, 99, 99, 99, 99, 99
SOLARPALMASECAI1 , D, 0, 0, 0, 0, 0, 0, 0, 0, 0, 0, 0, 0, 0, 0, 0, 0, 0, 0, 0, 0, 0, 0, 0, 0
SOLARPALMASECAI1 , INVD, 4, 4, 4, 4, 4, 4, 4, 4, 4, 4, 4, 4, 4, 4, 4, 4, 4, 4, 4, 4, 4, 4, 4, 4
SOLARPLANETARICA1 , D, 0, 0, 0, 0, 0, 0, 1, 7, 11, 9, 13, 14, 13, 10, 7, 6, 4, 1, 0, 0, 0, 0, 0, 0
SOLARPLANETARICA1 , INVD, 6, 6, 6, 6, 6, 6, 6, 6, 6, 6, 6, 6, 6, 6, 6, 6, 6, 6, 6, 6, 6, 6, 6, 6
TESORITO , P, 853121
TESORITO , C, GAS
TESORITO1 , PAPC02, 222989
TESORITO1 , PAPT02, 222989
TESORITO1 , PAPF02, 222989
TESORITO2 , PAPF02, 222989
TESORITO2 , PAPT02, 222989
TESORITO2 , PAPC02, 222989
TESORITO3 , PAPC02, 222989
TESORITO3 , PAPT02, 222989
TESORITO3 , PAPF02, 222989
TESORITO4 , PAPC02, 222989
TESORITO4 , PAPT02, 222989
TESORITO4 , PAPF02, 222989
TESORITO5 , PAPC02, 222989
TESORITO5 , PAPT02, 222989
TESORITO5 , PAPF02, 222989
TESORITO6 , PAPC02, 222989
TESORITO6 , PAPF02, 222989
TESORITO6 , PAPT02, 222989
TESORITO7 , PAPF02, 222989
TESORITO7 , PAPT02, 222989
TESORITO7 , PAPC02, 222989
TESORITO8 , PAPF02, 222989
TESORITO8 , PAPC02, 222989
TESORITO8 , PAPT02, 222989
TESORITO9 , PAPC02, 222989
TESORITO9 , PAPF02, 222989
TESORITO9 , PAPT02, 222989
TESORITO10 , PAPF02, 222989
TESORITO10 , PAPC02, 222989
TESORITO10 , PAPT02, 222989
TESORITO11 , PAPC02, 222989
TESORITO11 , PAPF02, 222989
TESORITO11 , PAPT02, 222989
TESORITO1 , PAPUSDC02, 54
TESORITO1 , PAPUSDT02, 54
TESORITO1 , PAPUSDF02, 54
TESORITO2 , PAPUSDF02, 54
TESORITO2 , PAPUSDT02, 54
TESORITO2 , PAPUSDC02, 54
TESORITO3 , PAPUSDC02, 54
TESORITO3 , PAPUSDT02, 54
TESORITO3 , PAPUSDF02, 54
TESORITO4 , PAPUSDC02, 54
TESORITO4 , PAPUSDT02, 54
TESORITO4 , PAPUSDF02, 54
TESORITO5 , PAPUSDC02, 54
TESORITO5 , PAPUSDT02, 54
TESORITO5 , PAPUSDF02, 54
TESORITO6 , PAPUSDC02, 54
TESORITO6 , PAPUSDF02, 54
TESORITO6 , PAPUSDT02, 54
TESORITO7 , PAPUSDF02, 54
TESORITO7 , PAPUSDT02, 54
TESORITO7 , PAPUSDC02, 54
TESORITO8 , PAPUSDF02, 54
TESORITO8 , PAPUSDC02, 54
TESORITO8 , PAPUSDT02, 54
TESORITO9 , PAPUSDC02, 54
TESORITO9 , PAPUSDF02, 54
TESORITO9 , PAPUSDT02, 54
TESORITO10 , PAPUSDF02, 54
TESORITO10 , PAPUSDC02, 54
TESORITO10 , PAPUSDT02, 54
TESORITO11 , PAPUSDC02, 54
TESORITO11 , PAPUSDF02, 54
TESORITO11 , PAPUSDT02, 54
TESORITO , CONF, 1
TESORITO1 , D, 18, 18, 18, 18, 18, 18, 18, 18, 18, 18, 18, 18, 18, 18, 18, 18, 18, 18, 18, 18, 18, 18, 18, 18
TESORITO2 , D, 18, 18, 18, 18, 18, 18, 18, 18, 18, 18, 18, 18, 18, 18, 18, 18, 18, 18, 18, 18, 18, 18, 18, 18
TESORITO3 , D, 18, 18, 18, 18, 18, 18, 18, 18, 18, 18, 18, 18, 18, 18, 18, 18, 18, 18, 18, 18, 18, 18, 18, 18
TESORITO4 , D, 18, 18, 18, 18, 18, 18, 18, 18, 18, 18, 18, 18, 18, 18, 18, 18, 18, 18, 18, 18, 18, 18, 18, 18
TESORITO5 , D, 18, 18, 18, 18, 18, 18, 18, 18, 18, 18, 18, 18, 18, 18, 18, 18, 18, 18, 18, 18, 18, 18, 18, 18
TESORITO6 , D, 18, 18, 18, 18, 18, 18, 18, 18, 18, 18, 18, 18, 18, 18, 18, 18, 18, 18, 18, 18, 18, 18, 18, 18
TESORITO7 , D, 18, 18, 18, 18, 18, 18, 18, 18, 18, 18, 18, 18, 18, 18, 18, 18, 18, 18, 18, 18, 18, 18, 18, 18
TESORITO8 , D, 18, 18, 18, 18, 18, 18, 18, 18, 18, 18, 18, 18, 18, 18, 18, 18, 18, 18, 18, 18, 18, 18, 18, 18
TESORITO9 , D, 18, 18, 18, 18, 18, 18, 18, 18, 18, 18, 18, 18, 18, 18, 18, 18, 18, 18, 18, 18, 18, 18, 18, 18
TESORITO10 , D, 19, 19, 19, 19, 19, 19, 19, 19, 19, 19, 19, 19, 19, 19, 19, 19, 19, 19, 19, 19, 19, 19, 19, 19
TESORITO11 , D, 19, 19, 19, 19, 19, 19, 19, 19, 19, 19, 19, 19, 19, 19, 19, 19, 19, 19, 19, 19, 19, 19, 19, 19


AGENTE: CEMEX ENERGY
SUEVA21 , D, 1.2, 1.2, 1.2, 1.2, 1.2, 1.2, 1.2, 1.2, 1.2, 1.2, 1.2, 1.2, 1.2, 1.2, 1.2, 1.2, 1.2, 1.2, 1.2, 1.2, 1.2, 1.2, 1.2, 6


AGENTE: CH TZ II
TZII1 , D, 6.5, 6.5, 6.5, 6.5, 6.5, 6.5, 6.5, 6.5, 6.5, 6.5, 6.5, 6.5, 6.5, 6.5, 6.5, 6.5, 6.5, 6.5, 6.5, 6.5, 6.5, 6.5, 6.5, 6.5
TZII2 , D, 3.3, 3.3, 3.3, 3.3, 3.3, 3.3, 3.3, 3.3, 3.3, 3.3, 3.3, 3.3, 3.3, 3.3, 3.3, 3.3, 3.3, 3.3, 3.3, 3.3, 3.3, 3.3, 3.5, 3.5


AGENTE: TERMOCARTAGENA
ROVIRA1 , D, 0, 0, 0, 0, 0, 0.32, 1.6, 2.24, 2.7, 3, 3.1, 3.1, 2.5, 2.17, 2, 1.26, 0.21, 0.14, 0, 0, 0, 0, 0, 0
ROVIRA1 , INVD, 9, 9, 9, 9, 9, 9, 9, 9, 9, 9, 9, 9, 9, 9, 9, 9, 9, 9, 9, 9, 9, 9, 9, 9


AGENTE: CES
PAIPA4 , P, 227198
PAIPA4 , C, CARBON
PAIPA4 , PAPF01, 89451494
PAIPA4 , PAPT01, 55342486
PAIPA4 , PAPC01, 38287982
PAIPA4 , PAPUSDF01, 21662
PAIPA4 , PAPUSDT01, 13402
PAIPA4 , PAPUSDC01, 9272
PAIPA4 , CONF, 1
PAIPA4 , D, 165, 165, 165, 165, 165, 165, 165, 165, 165, 165, 165, 165, 165, 165, 165, 165, 165, 165, 165, 165, 165, 165, 165, 165


AGENTE: CHC S.A.S. E.S.P.
MAGALLO1 , D, 2.5, 2.5, 2.5, 2.5, 2.5, 2.5, 2.5, 2.5, 2.5, 2.5, 2.5, 2.5, 2.5, 2.5, 2.5, 2.5, 2.5, 2.5, 2.5, 2.5, 2.5, 2.5, 2.5, 2.5


AGENTE: CHZ S.A.S. E.S.P. 
ZEUS1 , D, 4, 4, 4, 4, 4, 4, 4, 4, 4, 4, 4, 4, 4, 4, 4, 4, 4, 4, 4, 4, 4, 4, 4, 4
ZEUS2 , D, 4, 4, 4, 4, 4, 4, 4, 4, 4, 4, 4, 4, 4, 4, 4, 4, 4, 4, 4, 4, 4, 4, 4, 4


AGENTE: COMERCIALIZADORA 4G
AUTOGCORPACERO1 , D, 0, 0, 0, 0, 0, 0, 0, 0, 0, 0, 0, 0, 0, 0, 0, 0, 0, 0, 0, 0, 0, 0, 0, 0
AUTOGUNIBOL1 , D, 0, 0, 0, 0, 0, 0, 0, 0, 0, 0, 0, 0, 0, 0, 0, 0, 0, 0, 0, 0, 0, 0, 0, 0


AGENTE: CETSA(TULUA)
RIOFRIOI1 , D, 1, 1, 1, 1, 1, 1, 1, 1, 1, 1, 1, 1, 1, 1, 1, 1, 1, 1, 1, 1, 1, 1, 1, 1
RIOFRIOII1 , D, 2, 2, 2, 2, 2, 2, 2, 2, 2, 2, 2, 2, 2, 2, 2, 2, 2, 2, 2, 2, 2, 2, 2, 2
RIOFRIOII2 , D, 5, 5, 5, 5, 5, 5, 5, 5, 5, 4, 4, 4, 4, 4, 4, 4, 4, 4, 4, 4, 4, 5, 5, 5
RUMOR1 , D, 1, 1, 1, 1, 1, 1, 1, 2, 2, 2, 1, 1, 1, 1, 1, 1, 1, 1, 1, 1, 1, 1, 1, 1


AGENTE: CINERGIC SAS ESP
REMEDIOS1 , D, 0.65, 0.65, 0.65, 0.66, 0.66, 0.66, 0.66, 0.65, 0.65, 0.65, 0.65, 0.66, 0.66, 0.66, 0.66, 0.66, 0.66, 0.66, 0.66, 0.66, 0.66, 0.66, 0.66, 0.65


AGENTE: DEPI ENERGY
AUTOGCOCA-COLAFEMSA1 , D, 0.4, 0.4, 0.4, 0.4, 0.4, 0.4, 0.4, 0.4, 0.4, 0.4, 0.4, 0.4, 0.4, 0.4, 0.4, 0.4, 0.4, 0.4, 0.4, 0.4, 0.4, 0.4, 0.4, 0.4
AUTOGINGENIOCARMELITA1 , D, 0.5, 0.5, 0.5, 0.5, 0.5, 0.5, 0.5, 0.5, 0.5, 0.5, 0.5, 0.5, 0.5, 0.5, 0.5, 0.5, 0.5, 0.5, 0.5, 0.5, 0.5, 0.5, 0.5, 0.5
AUTOGINGENIOMARIALUISA1 , D, 0.2, 0.2, 0.2, 0.2, 0.2, 0.2, 0.2, 0.2, 0.2, 0.2, 0.2, 0.2, 0.2, 0.2, 0.2, 0.2, 0.2, 0.2, 0.2, 0.2, 0.2, 0.2, 0.2, 0.2


AGENTE: DRUMMOND
POWERPLANTDRUMMOND1 , D, 5, 5, 5, 5, 5, 5, 5, 5, 5, 5, 5, 5, 5, 5, 5, 5, 5, 5, 5, 5, 5, 5, 5, 5


AGENTE: DUCK ENERGY
GDGRANJALARUBIELA1 , D, 0, 0, 0, 0, 0, 0, 0.05, 0.2, 0.42, 0.49, 0.61, 0.71, 0.64, 0.6, 0.47, 0.42, 0.25, 0.08, 0, 0, 0, 0, 0, 0
GDGRANJALARUBIELA1 , INVD, 3, 3, 3, 3, 3, 3, 3, 3, 3, 3, 3, 3, 3, 3, 3, 3, 3, 3, 3, 3, 3, 3, 3, 3


AGENTE: EBSA  (BOYACA)
HELIOSI1 , D, 0, 0, 0, 0, 0, 0, 1.2, 6.2, 9.5, 10.6, 11.5, 13.5, 13.2, 10.3, 6.2, 4.2, 1.2, 0, 0, 0, 0, 0, 0, 0
HELIOSI1 , INVD, 91, 91, 91, 91, 91, 91, 91, 91, 91, 91, 91, 91, 91, 91, 91, 91, 91, 91, 91, 91, 91, 91, 91, 91


AGENTE: ECOARDOBELA
SOLARARDOBELAI1 , D, 0, 0, 0, 0, 0, 0, 1, 3, 5, 7, 8, 8, 7, 5, 4, 3, 2, 1, 0, 0, 0, 0, 0, 0
SOLARARDOBELAI1 , INVD, 36, 36, 36, 36, 36, 36, 36, 36, 36, 36, 36, 36, 36, 36, 36, 36, 36, 36, 36, 36, 36, 36, 36, 36
SOLARARDOBELAII1 , D, 0, 0, 0, 0, 0, 0, 1, 3, 5, 7, 8, 8, 7, 5, 4, 3, 2, 1, 0, 0, 0, 0, 0, 0
SOLARARDOBELAII1 , INVD, 36, 36, 36, 36, 36, 36, 36, 36, 36, 36, 36, 36, 36, 36, 36, 36, 36, 36, 36, 36, 36, 36, 36, 36


AGENTE: EEP
BELMONTE1 , D, 2, 2, 2, 2, 2, 2, 2, 2, 2, 2, 2, 2, 2, 2, 2, 2, 2, 2, 2, 2, 2, 2, 2, 2
COGENERADORMANUELITA2 , D, 8.6, 8.6, 8.6, 8.6, 8.6, 8.6, 8.6, 8.6, 8.6, 8.6, 8.6, 8.6, 8.6, 8.6, 8.6, 8.6, 8.6, 8.6, 8.6, 8.6, 8.6, 8.6, 8.6, 8.6
GRANJASOLARBELMONTE1 , D, 0, 0, 0, 0, 0, 0, 0.07, 0.51, 0.94, 1.66, 2.26, 2.41, 2.01, 2.23, 1.71, 0.79, 0.43, 0.09, 0, 0, 0, 0, 0, 0
GRANJASOLARBELMONTE1 , INVD, 37, 37, 37, 37, 37, 37, 37, 37, 37, 37, 37, 37, 37, 37, 37, 37, 37, 37, 37, 37, 37, 37, 37, 37
NUEVOLIBARE1 , D, 0, 0, 0, 0, 0, 0, 0, 0, 0, 0, 0, 0, 0, 0, 0, 0, 0, 0, 0, 0, 0, 0, 0, 0


AGENTE: EMSA(META)
AUTOGYAGUARITO1 , D, 0, 0, 0, 0, 0, 0, 0, 0, 0, 0, 0, 0, 0, 0, 0, 0, 0, 0, 0, 0, 0, 0, 0, 0
GDSANMARTIN1 , D, 0, 0, 0, 0, 0, 0, 0.03, 0.17, 0.3, 0.45, 0.5, 0.44, 0.5, 0.35, 0.25, 0.33, 0.17, 0.04, 0, 0, 0, 0, 0, 0
GDSANMARTIN1 , INVD, 3, 3, 3, 3, 3, 3, 3, 3, 3, 3, 3, 3, 3, 3, 3, 3, 3, 3, 3, 3, 3, 3, 3, 3
GDSANMARTINII1 , D, 0, 0, 0, 0, 0, 0, 0.02, 0.17, 0.3, 0.45, 0.5, 0.5, 0.5, 0.35, 0.25, 0.33, 0.17, 0.04, 0, 0, 0, 0, 0, 0
GDSANMARTINII1 , INVD, 3, 3, 3, 3, 3, 3, 3, 3, 3, 3, 3, 3, 3, 3, 3, 3, 3, 3, 3, 3, 3, 3, 3, 3
GDSANMARTINIII1 , D, 0, 0, 0, 0, 0, 0, 0.02, 0.17, 0.3, 0.45, 0.5, 0.5, 0.5, 0.35, 0.25, 0.2, 0.15, 0.04, 0, 0, 0, 0, 0, 0
GDSANMARTINIII1 , INVD, 3, 3, 3, 3, 3, 3, 3, 3, 3, 3, 3, 3, 3, 3, 3, 3, 3, 3, 3, 3, 3, 3, 3, 3


AGENTE: ELECTROHUILA
IQUIRAI1 , D, 0, 0, 0, 0, 0, 0, 0, 0, 0, 0, 0, 0, 0, 0, 0, 0, 0, 0, 0, 0, 0, 0, 0, 0
IQUIRAII1 , D, 0, 0, 0, 0, 0, 0, 0, 0, 0, 0, 0, 0, 0, 0, 0, 0, 0, 0, 0, 0, 0, 0, 0, 0
LAPITA1 , D, 1, 1, 1, 1, 1, 1, 1, 1, 1, 1, 1, 1, 1, 1, 1, 1, 1, 1, 1, 1, 1, 1, 1, 1


AGENTE: ELEFI SAS ESP
GDDIOCESISDERIOHACHA1 , D, 0, 0, 0, 0, 0, 0, 0.01, 0.03, 0.05, 0.07, 0.09, 0.09, 0.1, 0.1, 0.09, 0.07, 0.04, 0.01, 0, 0, 0, 0, 0, 0
GDDIOCESISDERIOHACHA1 , INVD, 2, 2, 2, 2, 2, 2, 2, 2, 2, 2, 2, 2, 2, 2, 2, 2, 2, 2, 2, 2, 2, 2, 2, 2


AGENTE: GENMAS S.A. E.S.P.
JUANGARCIA1 , D, 1.9, 1.9, 1.9, 1.9, 1.9, 1.9, 1.9, 1.9, 1.9, 1.9, 1.9, 1.9, 1.9, 1.9, 1.9, 1.9, 1.9, 1.9, 1.9, 1.9, 1.9, 1.9, 1.9, 1.9
JUANGARCIA2 , D, 1.9, 1.9, 1.9, 1.9, 1.9, 1.9, 1.9, 1.9, 1.9, 1.9, 1.9, 1.9, 1.9, 1.9, 1.9, 1.9, 1.9, 1.9, 1.9, 1.9, 1.9, 1.9, 1.9, 1.9
LACASCADA(ABEJORRAL)1 , D, 3, 3, 3, 3, 3, 3, 3, 3, 3, 3, 3, 3, 3, 3, 3, 3, 3, 3, 3, 3, 3, 3, 3, 3
SANJOSEDELAMONTAÑA1 , D, 0, 0, 0, 0, 0, 0, 0, 0, 0, 0, 0, 0, 0, 0, 0, 0, 0, 0, 0, 0, 0, 0, 0, 0
SANJOSEDELAMONTAÑAII1 , D, 0.9, 0.9, 0.9, 0.9, 0.9, 0.9, 0.9, 0.9, 0.9, 0.9, 0.9, 0.9, 0.9, 0.9, 0.9, 0.9, 0.9, 0.9, 0.9, 0.9, 0.9, 0.9, 0.9, 0.9
SANTARITA1 , D, 1.1, 1.1, 1.1, 1.1, 1.1, 1.1, 1.1, 1.1, 1.1, 1.1, 1.1, 1.1, 1.1, 1.1, 1.1, 1.1, 1.1, 1.1, 1.1, 1.1, 1.1, 1.1, 1.1, 1.1


AGENTE: EGECOL S.A. E.S.P.
PCHLALIBERTAD1 , D, 0.21, 0.21, 0.21, 0.21, 0.21, 0.21, 0.21, 0.21, 0.21, 0.21, 0.21, 0.21, 0.21, 0.21, 0.21, 0.21, 0.21, 0.21, 0.21, 0.21, 0.21, 0.21, 0.21, 0.21


AGENTE: EMEE(POPAYAN)
COCONUCO1 , D, 2.8, 2.8, 2.8, 2.8, 2.8, 2.8, 2.6, 2.6, 2.6, 2.6, 2.7, 2.7, 2.7, 2.7, 2.4, 2.4, 2.4, 2.4, 2.7, 2.8, 2.7, 2.7, 2.7, 2.7


AGENTE: EMCA
BAYONA1 , D, 0, 0, 0, 0, 0, 0, 0, 0, 0, 0, 0, 0, 0, 0, 0, 0, 0, 0, 0, 0, 0, 0, 0, 0
CAMPESTRE(CALARCA)1 , D, 0, 0, 0, 0, 0, 0, 0, 0, 0, 0, 0, 0, 0, 0, 0, 0, 0, 0, 0, 0, 0, 0, 0, 0
UNION1 , D, 0.6, 0.6, 0.6, 0.6, 0.6, 0.6, 0.6, 0.6, 0.6, 0.6, 0.6, 0.6, 0.6, 0.6, 0.6, 0.6, 0.6, 0.6, 0.6, 0.6, 0.6, 0.6, 0.6, 0


AGENTE: ENEL
AUTOGMILPASANCARLOS1 , D, 0, 0, 0, 0, 0, 0, 0, 0, 0, 0, 0.1, 0.1, 0.1, 0.1, 0, 0, 0, 0, 0, 0, 0, 0, 0, 0
AUTOGMILPASANCARLOS1 , INVD, 6, 6, 6, 6, 6, 6, 6, 6, 6, 6, 6, 6, 6, 6, 6, 6, 6, 6, 6, 6, 6, 6, 6, 6
AUTOGUNIMINAS1 , D, 0, 0, 0, 0, 0, 0, 0, 0, 0.1, 0.2, 0.2, 0.4, 0.5, 0.7, 0.5, 0.2, 0.1, 0, 0, 0, 0, 0, 0, 0
AUTOGUNIMINAS1 , INVD, 6, 6, 6, 6, 6, 6, 6, 6, 6, 6, 6, 6, 6, 6, 6, 6, 6, 6, 6, 6, 6, 6, 6, 6
BETANIA , P, 96432
BETANIA , MO, 60, 60, 60, 60, 60, 60, 60, 60, 60, 60, 60, 60, 60, 60, 60, 60, 60, 60, 60, 60, 60, 60, 60, 60
BETANIA1 , D, 163, 163, 163, 163, 163, 163, 163, 163, 163, 163, 163, 163, 163, 163, 163, 163, 163, 163, 163, 163, 163, 163, 163, 163
BETANIA2 , D, 163, 163, 163, 163, 163, 163, 163, 163, 163, 163, 163, 163, 163, 163, 163, 163, 163, 163, 163, 163, 163, 163, 163, 163
BETANIA3 , D, 163, 163, 163, 163, 163, 163, 163, 163, 163, 163, 163, 163, 163, 163, 163, 163, 163, 163, 163, 163, 163, 163, 163, 163
CHARQUITO1 , D, 19, 19, 19, 19, 19, 19, 19, 19, 19, 19, 19, 19, 19, 19, 19, 19, 19, 19, 19, 19, 19, 19, 19, 19
DARIOVALENCIASAMPER , P, 101479
DARIOVALENCIASAMPER1 , D, 50, 50, 50, 50, 50, 50, 50, 50, 50, 50, 50, 50, 50, 50, 50, 50, 50, 50, 50, 50, 50, 50, 50, 50
DARIOVALENCIASAMPER2 , D, 50, 50, 50, 50, 50, 50, 50, 50, 50, 50, 50, 50, 50, 50, 50, 50, 50, 50, 50, 50, 50, 50, 50, 50
DARIOVALENCIASAMPER5 , D, 0, 0, 0, 0, 0, 0, 0, 0, 0, 0, 0, 0, 0, 0, 0, 0, 0, 0, 0, 0, 0, 0, 0, 0
ELLIMONAR1 , D, 18, 18, 18, 18, 18, 18, 18, 18, 18, 18, 18, 18, 18, 18, 18, 18, 18, 18, 18, 18, 18, 18, 18, 18
ELPASO , P, 93982
ELPASO1 , INVD, 56, 56, 56, 56, 56, 56, 56, 56, 56, 56, 56, 56, 56, 56, 56, 56, 56, 56, 56, 56, 56, 56, 56, 56
ELPASO1 , D, 0, 0, 0, 0, 0, 0, 9, 33, 46, 53, 60, 61, 56, 50, 42, 27, 13, 7, 0, 0, 0, 0, 0, 0
ELQUIMBO , P, 96431
ELQUIMBO , MO, 100, 100, 100, 100, 100, 100, 100, 100, 100, 100, 100, 100, 100, 100, 100, 100, 100, 100, 100, 100, 100, 100, 100, 100
ELQUIMBO1 , D, 200, 200, 200, 200, 200, 200, 200, 200, 200, 200, 200, 200, 200, 200, 200, 200, 200, 200, 200, 200, 200, 200, 200, 200
ELQUIMBO2 , D, 200, 200, 200, 200, 200, 200, 200, 200, 200, 200, 200, 200, 200, 200, 200, 200, 200, 200, 200, 200, 200, 200, 200, 200
ELQUIMBO1 , AGCU, 75, 75, 75, 75, 75, 75, 75, 75, 75, 75, 75, 75, 75, 75, 75, 75, 75, 75, 75, 75, 75, 75, 75, 75
ELQUIMBO2 , AGCU, 75, 75, 75, 75, 75, 75, 75, 75, 75, 75, 75, 75, 75, 75, 75, 75, 75, 75, 75, 75, 75, 75, 75, 75
ELQUIMBO , AGCP, 150, 150, 150, 150, 150, 150, 150, 150, 150, 150, 150, 150, 150, 150, 150, 150, 150, 150, 0, 0, 0, 150, 150, 150
FUNDACION , P, 93983
FUNDACION1 , INVD, 563, 563, 563, 563, 563, 563, 563, 563, 563, 563, 563, 563, 563, 563, 563, 563, 563, 563, 563, 563, 563, 563, 563, 563
FUNDACION1 , D, 0, 0, 0, 0, 0, 0, 13, 42, 70, 85, 91, 91, 93, 85, 68, 52, 23, 7, 0, 0, 0, 0, 0, 0
GUAVIO , P, 96431
GUAVIO1 , D, 249, 249, 249, 249, 249, 249, 249, 249, 249, 249, 249, 249, 249, 249, 249, 249, 249, 249, 249, 249, 249, 249, 249, 249
GUAVIO2 , D, 249, 249, 249, 249, 249, 249, 249, 249, 249, 249, 249, 249, 249, 249, 249, 249, 249, 249, 249, 249, 249, 249, 249, 249
GUAVIO3 , D, 249, 249, 249, 249, 249, 249, 249, 249, 249, 249, 249, 249, 249, 249, 249, 249, 249, 249, 249, 249, 249, 249, 249, 249
GUAVIO4 , D, 249, 249, 249, 249, 249, 249, 249, 249, 249, 249, 249, 249, 249, 249, 249, 249, 249, 249, 249, 249, 249, 249, 249, 249
GUAVIO5 , D, 249, 249, 249, 249, 249, 249, 249, 249, 249, 249, 249, 249, 249, 249, 249, 249, 249, 249, 249, 249, 249, 249, 249, 249
GUAVIO1 , AGCU, 189, 189, 189, 189, 189, 189, 189, 189, 189, 189, 189, 189, 189, 189, 189, 189, 189, 189, 189, 189, 189, 189, 189, 189
GUAVIO2 , AGCU, 189, 189, 189, 189, 189, 189, 189, 189, 189, 189, 189, 189, 189, 189, 189, 189, 189, 189, 189, 189, 189, 189, 189, 189
GUAVIO3 , AGCU, 189, 189, 189, 189, 189, 189, 189, 189, 189, 189, 189, 189, 189, 189, 189, 189, 189, 189, 189, 189, 189, 189, 189, 189
GUAVIO4 , AGCU, 189, 189, 189, 189, 189, 189, 189, 189, 189, 189, 189, 189, 189, 189, 189, 189, 189, 189, 189, 189, 189, 189, 189, 189
GUAVIO5 , AGCU, 189, 189, 189, 189, 189, 189, 189, 189, 189, 189, 189, 189, 189, 189, 189, 189, 189, 189, 189, 189, 189, 189, 189, 189
GUAVIO , AGCP, 945, 945, 945, 945, 945, 945, 945, 945, 945, 945, 945, 945, 945, 945, 945, 945, 945, 945, 0, 0, 0, 945, 945, 945
GUAVIOMENOR1 , D, 5, 5, 5, 5, 5, 5, 5, 5, 5, 5, 5, 5, 5, 5, 5, 5, 5, 5, 5, 5, 5, 5, 5, 5
GUAYEPO , P, 93981
GUAYEPO1 , INVD, 130, 130, 130, 130, 130, 130, 130, 130, 130, 130, 130, 130, 130, 130, 130, 130, 130, 130, 130, 130, 130, 130, 130, 130
GUAYEPO1 , D, 0, 0, 0, 0, 0, 0, 14, 103, 201, 235, 236, 241, 240, 225, 192, 141, 91, 22, 0, 0, 0, 0, 0, 0
LAGUNETA1 , D, 18, 18, 18, 18, 18, 18, 18, 18, 18, 18, 18, 18, 18, 18, 18, 18, 18, 18, 18, 18, 18, 18, 18, 18
LATAMSOLARLALOMA , P, 93980
LATAMSOLARLALOMA1 , INVD, 172, 172, 172, 172, 172, 172, 172, 172, 172, 172, 172, 172, 172, 172, 172, 172, 172, 172, 172, 172, 172, 172, 172, 172
LATAMSOLARLALOMA1 , D, 0, 0, 0, 0, 0, 0, 8, 53, 92, 105, 110, 114, 139, 94, 72, 42, 23, 8, 0, 0, 0, 0, 0, 0
PAGUA , P, 96431
LAGUACA1 , D, 0, 0, 0, 0, 0, 0, 0, 0, 0, 0, 0, 0, 0, 0, 0, 0, 0, 0, 0, 0, 0, 0, 0, 0
LAGUACA2 , D, 0, 0, 0, 0, 0, 0, 0, 0, 0, 0, 0, 0, 0, 0, 0, 0, 0, 0, 0, 0, 0, 0, 0, 0
LAGUACA3 , D, 0, 0, 0, 0, 0, 0, 0, 0, 0, 0, 0, 0, 0, 0, 0, 0, 0, 0, 0, 0, 0, 0, 0, 0
PARAISO1 , D, 0, 0, 0, 0, 0, 0, 0, 0, 0, 0, 0, 0, 0, 0, 0, 0, 0, 0, 0, 0, 0, 0, 0, 0
PARAISO2 , D, 0, 0, 0, 0, 0, 0, 0, 0, 0, 0, 0, 0, 0, 0, 0, 0, 0, 0, 0, 0, 0, 0, 0, 0
PARAISO3 , D, 0, 0, 0, 0, 0, 0, 0, 0, 0, 0, 0, 0, 0, 0, 0, 0, 0, 0, 0, 0, 0, 0, 0, 0
LAGUACA1 , AGCU, 0, 0, 0, 0, 0, 0, 0, 0, 0, 0, 0, 0, 0, 0, 0, 0, 0, 0, 0, 0, 0, 0, 0, 0
LAGUACA2 , AGCU, 0, 0, 0, 0, 0, 0, 0, 0, 0, 0, 0, 0, 0, 0, 0, 0, 0, 0, 0, 0, 0, 0, 0, 0
LAGUACA3 , AGCU, 0, 0, 0, 0, 0, 0, 0, 0, 0, 0, 0, 0, 0, 0, 0, 0, 0, 0, 0, 0, 0, 0, 0, 0
PARAISO1 , AGCU, 0, 0, 0, 0, 0, 0, 0, 0, 0, 0, 0, 0, 0, 0, 0, 0, 0, 0, 0, 0, 0, 0, 0, 0
PARAISO2 , AGCU, 0, 0, 0, 0, 0, 0, 0, 0, 0, 0, 0, 0, 0, 0, 0, 0, 0, 0, 0, 0, 0, 0, 0, 0
PARAISO3 , AGCU, 0, 0, 0, 0, 0, 0, 0, 0, 0, 0, 0, 0, 0, 0, 0, 0, 0, 0, 0, 0, 0, 0, 0, 0
PAGUA , AGCP, 0, 0, 0, 0, 0, 0, 0, 0, 0, 0, 0, 0, 0, 0, 0, 0, 0, 0, 0, 0, 0, 0, 0, 0
SALTOII , P, 101481
SALTOII2 , D, 35, 35, 35, 35, 35, 35, 35, 35, 35, 35, 35, 35, 35, 35, 35, 35, 35, 35, 35, 35, 35, 35, 35, 35
SANTAANA1 , D, 5.7, 5.7, 5.7, 5.7, 5.7, 5.7, 5.7, 5.7, 5.7, 5.7, 5.7, 5.7, 5.7, 5.7, 5.7, 5.7, 5.7, 5.7, 5.7, 5.7, 5.7, 5.7, 5.7, 5.7
SUBA1 , D, 1, 1, 1, 1, 1, 1, 1, 1, 1, 1, 1, 1, 1, 1, 1, 1, 1, 1, 1, 1, 1, 1, 1, 1
TEQUENDAMA11 , D, 13.8, 13.8, 13.8, 13.8, 13.8, 13.8, 13.8, 13.8, 13.8, 13.8, 13.8, 13.8, 13.8, 13.8, 13.8, 13.8, 13.8, 13.8, 13.8, 13.8, 13.8, 13.8, 13.8, 13.8
TEQUENDAMA21 , D, 14.2, 14.2, 14.2, 14.2, 14.2, 14.2, 14.2, 14.2, 14.2, 14.2, 14.2, 14.2, 14.2, 14.2, 14.2, 14.2, 14.2, 14.2, 14.2, 14.2, 14.2, 14.2, 14.2, 14.2
TEQUENDAMA31 , D, 14.2, 14.2, 14.2, 14.2, 14.2, 14.2, 14.2, 14.2, 14.2, 14.2, 14.2, 14.2, 14.2, 14.2, 14.2, 14.2, 14.2, 14.2, 14.2, 14.2, 14.2, 14.2, 14.2, 14.2
TEQUENDAMA41 , D, 14.2, 14.2, 14.2, 14.2, 14.2, 14.2, 14.2, 14.2, 14.2, 14.2, 14.2, 14.2, 14.2, 14.2, 14.2, 14.2, 14.2, 14.2, 14.2, 14.2, 14.2, 14.2, 14.2, 14.2
USAQUEN1 , D, 1.1, 1.1, 1.1, 1.1, 1.1, 1.1, 1.1, 1.1, 1.1, 1.1, 1.1, 1.1, 1.1, 1.1, 1.1, 1.1, 1.1, 1.1, 1.1, 1.1, 1.1, 1.1, 1.1, 1.1
ZIPAEMG2 , P, 374000
ZIPAEMG2 , C, CARBON
ZIPAEMG2 , PAPF01, 56383100
ZIPAEMG2 , PAPC01, 26609982
ZIPAEMG2 , PAPT01, 37875040
ZIPAEMG2 , PAPUSDF01, 13654
ZIPAEMG2 , PAPUSDC01, 6444
ZIPAEMG2 , PAPUSDT01, 9172
ZIPAEMG2 , CONF, 1
ZIPAEMG2 , D, 36, 36, 36, 36, 36, 36, 36, 36, 36, 36, 36, 36, 36, 36, 36, 36, 36, 36, 36, 36, 36, 36, 36, 36
ZIPAEMG3 , P, 348000
ZIPAEMG3 , C, CARBON
ZIPAEMG3 , PAPC01, 36731190
ZIPAEMG3 , PAPF01, 78636544
ZIPAEMG3 , PAPT01, 56837336
ZIPAEMG3 , PAPUSDC01, 8895
ZIPAEMG3 , PAPUSDF01, 19043
ZIPAEMG3 , PAPUSDT01, 13764
ZIPAEMG3 , CONF, 1
ZIPAEMG3 , D, 63, 63, 63, 63, 63, 63, 63, 63, 63, 63, 63, 63, 63, 63, 63, 63, 63, 63, 63, 63, 63, 63, 63, 63
ZIPAEMG4 , P, 362000
ZIPAEMG4 , C, CARBON
ZIPAEMG4 , PAPT01, 56837336
ZIPAEMG4 , PAPC01, 36731190
ZIPAEMG4 , PAPF01, 78636544
ZIPAEMG4 , PAPUSDT01, 13764
ZIPAEMG4 , PAPUSDC01, 8895
ZIPAEMG4 , PAPUSDF01, 19043
ZIPAEMG4 , CONF, 1
ZIPAEMG4 , D, 64, 64, 64, 64, 64, 64, 64, 64, 64, 64, 64, 64, 64, 64, 64, 64, 64, 64, 64, 64, 64, 64, 64, 64
ZIPAEMG5 , P, 340000
ZIPAEMG5 , C, CARBON
ZIPAEMG5 , PAPT01, 56837336
ZIPAEMG5 , PAPF01, 78636544
ZIPAEMG5 , PAPC01, 36731190
ZIPAEMG5 , PAPUSDT01, 13764
ZIPAEMG5 , PAPUSDF01, 19043
ZIPAEMG5 , PAPUSDC01, 8895
ZIPAEMG5 , CONF, 1
ZIPAEMG5 , D, 63, 63, 63, 63, 63, 63, 63, 63, 63, 63, 63, 63, 63, 63, 63, 63, 63, 63, 63, 63, 63, 63, 63, 63


AGENTE: ENERCO
CURRUCUCUES1 , D, 0, 0, 0, 0, 0, 0, 0, 0, 0, 0, 0, 0, 0, 0, 0, 0, 0, 0, 0, 0, 0, 0, 0, 0
PUENTEGUILLERMO1 , D, 0.3, 0.3, 0.3, 0.3, 0.3, 0.3, 0.3, 0.3, 0.3, 0.3, 0.3, 0.3, 0.3, 0.3, 0.3, 0.3, 0.3, 0.3, 0.3, 0.3, 0.3, 0.3, 0.3, 0.3
PUENTEGUILLERMO3 , D, 0, 0, 0, 0, 0, 0, 0, 0, 0, 0, 0, 0, 0, 0, 0, 0, 0, 0, 0, 0, 0, 0, 0, 0


AGENTE: ENERGETICA
COELLO1 , D, 1.1, 1.1, 1.1, 1.1, 1.1, 1.1, 1.1, 1.1, 1.1, 1.1, 1.1, 1.1, 1.1, 1.1, 1.1, 1.1, 1.1, 1.1, 1.1, 1.1, 1.1, 1.1, 1.1, 1.1


AGENTE: ENERGIA DEL SUROESTE
MULATOSII1 , D, 2.44, 2.44, 2.44, 2.44, 2.44, 2.44, 2.44, 2.44, 2.44, 2.44, 2.44, 2.44, 2.44, 2.44, 2.44, 2.44, 2.44, 2.44, 2.44, 2.44, 2.44, 2.44, 2.44, 2.44


AGENTE: ENERGIA Y GAS
SOLYCIELOI1 , D, 0, 0, 0, 0, 0, 0.68, 2.81, 4.73, 6.05, 7.09, 6.49, 6.44, 6.07, 5, 3.89, 2.4, 0.75, 0, 0, 0, 0, 0, 0, 0
SOLYCIELOI1 , INVD, 38, 38, 38, 38, 38, 38, 38, 38, 38, 38, 38, 38, 38, 38, 38, 38, 38, 38, 38, 38, 38, 38, 38, 38
SOLYCIELOII1 , D, 0, 0, 0, 0, 0, 0, 0, 0.16, 0.28, 0.43, 0.55, 0.71, 0.71, 0.45, 0.42, 0.38, 0.19, 0.06, 0, 0, 0, 0, 0, 0
SOLYCIELOII1 , INVD, 3, 3, 3, 3, 3, 3, 3, 3, 3, 3, 3, 3, 3, 3, 3, 3, 3, 3, 3, 3, 3, 3, 3, 3
SOLYCIELOIII1 , D, 0, 0, 0, 0, 0, 0, 0, 0.16, 0.28, 0.43, 0.55, 0.71, 0.71, 0.45, 0.42, 0.38, 0.19, 0.06, 0, 0, 0, 0, 0, 0
SOLYCIELOIII1 , INVD, 3, 3, 3, 3, 3, 3, 3, 3, 3, 3, 3, 3, 3, 3, 3, 3, 3, 3, 3, 3, 3, 3, 3, 3
SOLYCIELOIV1 , D, 0, 0, 0, 0, 0, 0, 0, 0.16, 0.28, 0.43, 0.55, 0.71, 0.71, 0.45, 0.42, 0.38, 0.19, 0.06, 0, 0, 0, 0, 0, 0
SOLYCIELOIV1 , INVD, 3, 3, 3, 3, 3, 3, 3, 3, 3, 3, 3, 3, 3, 3, 3, 3, 3, 3, 3, 3, 3, 3, 3, 3
SOLYCIELOV1 , D, 0, 0, 0, 0, 0, 0, 0, 0.16, 0.28, 0.43, 0.55, 0.71, 0.71, 0.45, 0.42, 0.38, 0.19, 0.06, 0, 0, 0, 0, 0, 0
SOLYCIELOV1 , INVD, 3, 3, 3, 3, 3, 3, 3, 3, 3, 3, 3, 3, 3, 3, 3, 3, 3, 3, 3, 3, 3, 3, 3, 3
SOLYCIELOVI1 , D, 0, 0, 0, 0, 0, 0, 0, 0.16, 0.28, 0.43, 0.55, 0.71, 0.71, 0.45, 0.42, 0.38, 0.19, 0.06, 0, 0, 0, 0, 0, 0
SOLYCIELOVI1 , INVD, 3, 3, 3, 3, 3, 3, 3, 3, 3, 3, 3, 3, 3, 3, 3, 3, 3, 3, 3, 3, 3, 3, 3, 3


AGENTE: ENERXIA
AUTOGGOLOSINASTRULULU1 , D, 3.3, 3.3, 3.3, 3.3, 3.3, 3.3, 3.3, 3.3, 3.3, 3.3, 3.3, 3.3, 3.3, 3.3, 3.3, 3.3, 3.3, 3.3, 3.3, 3.3, 3.3, 3.3, 3.3, 3.3


AGENTE: TERMOFLORES
FLORES2 , PAPC02, 90661414
FLORES2 , PAPF02, 90661414
FLORES2 , PAPT02, 90661414
FLORES3 , PAPC02, 96170061
FLORES3 , PAPF02, 96170061
FLORES3 , PAPT02, 96170061
FLORES4 , PAPT02, 6883743
FLORES4 , PAPF02, 7214097
FLORES4 , PAPC02, 6883743
FLORES4CC , P1, 973348
FLORES4CC , P2, 1009719
FLORES4CC , P3, 1035695
FLORES4CC , P4, 1534687
FLORES2 , PAPUSDC02, 21955
FLORES2 , PAPUSDF02, 21955
FLORES2 , PAPUSDT02, 21955
FLORES3 , PAPUSDC02, 23289
FLORES3 , PAPUSDF02, 23289
FLORES3 , PAPUSDT02, 23289
FLORES4 , PAPUSDT02, 1667
FLORES4 , PAPUSDF02, 1747
FLORES4 , PAPUSDC02, 1667
FLORES4CC , DISCONF1, 445, 445, 445, 445, 445, 445, 445, 445, 445, 445, 445, 445, 445, 445, 445, 445, 445, 445, 445, 445, 445, 445, 445, 445
FLORES4CC , DISCONF2, 190, 190, 190, 190, 190, 190, 190, 190, 190, 190, 190, 190, 190, 190, 190, 190, 190, 190, 190, 190, 190, 190, 190, 190
FLORES4CC , DISCONF3, 240, 240, 240, 240, 240, 240, 240, 240, 240, 240, 240, 240, 240, 240, 240, 240, 240, 240, 240, 240, 240, 240, 240, 240
FLORES4CC , DISCONF4, 120, 120, 120, 120, 120, 120, 120, 120, 120, 120, 120, 120, 120, 120, 120, 120, 120, 120, 120, 120, 120, 120, 120, 120
FLORES2 , D, 120, 120, 120, 120, 120, 120, 120, 120, 120, 120, 120, 120, 120, 120, 120, 120, 120, 120, 120, 120, 120, 120, 120, 120
FLORES3 , D, 169, 169, 169, 169, 169, 169, 169, 169, 169, 169, 169, 169, 169, 169, 169, 169, 169, 169, 169, 169, 169, 169, 169, 169
FLORES4 , D, 156, 156, 156, 156, 156, 156, 156, 156, 156, 156, 156, 156, 156, 156, 156, 156, 156, 156, 156, 156, 156, 156, 156, 156
FLORES1GAS , PAPF02, 93184490
FLORES1GAS , PAPT02, 93184490
FLORES1GAS , PAPC02, 93184490
FLORES1VAPOR , PAPC02, 3852749
FLORES1VAPOR , PAPT02, 3852749
FLORES1VAPOR , PAPF02, 4596044
FLORESICC , P1, 1120045
FLORES1GAS , PAPUSDF02, 22566
FLORES1GAS , PAPUSDT02, 22566
FLORES1GAS , PAPUSDC02, 22566
FLORES1VAPOR , PAPUSDC02, 933
FLORES1VAPOR , PAPUSDT02, 933
FLORES1VAPOR , PAPUSDF02, 1113
FLORESICC , DISCONF1, 0, 0, 0, 0, 0, 0, 0, 0, 0, 0, 0, 0, 0, 0, 0, 0, 0, 0, 0, 0, 0, 0, 0, 0
FLORES1GAS , D, 0, 0, 0, 0, 0, 0, 0, 0, 0, 0, 0, 0, 0, 0, 0, 0, 0, 0, 0, 0, 0, 0, 0, 0
FLORES1VAPOR , D, 0, 0, 0, 0, 0, 0, 0, 0, 0, 0, 0, 0, 0, 0, 0, 0, 0, 0, 0, 0, 0, 0, 0, 0


AGENTE: TERMOVALLE
TERMOVALLE1GAS , PAPC02, 98862442
TERMOVALLE1GAS , PAPF02, 98862442
TERMOVALLE1GAS , PAPC07, 142836635
TERMOVALLE1GAS , PAPT02, 98862442
TERMOVALLE1GAS , PAPT07, 142836635
TERMOVALLE1GAS , PAPF07, 142836635
TERMOVALLE1VAPOR , PAPC07, 4872716
TERMOVALLE1VAPOR , PAPT07, 4872716
TERMOVALLE1VAPOR , PAPT02, 4872716
TERMOVALLE1VAPOR , PAPF02, 5203069
TERMOVALLE1VAPOR , PAPF07, 5203069
TERMOVALLE1VAPOR , PAPC02, 4872716
TERMOVALLECC , P1, 1225790
TERMOVALLECC , P3, 1400000
TERMOVALLECC , P4, 1500000
TERMOVALLECC , P2, 1184535
TERMOVALLE1GAS , PAPUSDC02, 23941
TERMOVALLE1GAS , PAPUSDF02, 23941
TERMOVALLE1GAS , PAPUSDC07, 34590
TERMOVALLE1GAS , PAPUSDT02, 23941
TERMOVALLE1GAS , PAPUSDT07, 34590
TERMOVALLE1GAS , PAPUSDF07, 34590
TERMOVALLE1VAPOR , PAPUSDC07, 1180
TERMOVALLE1VAPOR , PAPUSDT07, 1180
TERMOVALLE1VAPOR , PAPUSDT02, 1180
TERMOVALLE1VAPOR , PAPUSDF02, 1260
TERMOVALLE1VAPOR , PAPUSDF07, 1260
TERMOVALLE1VAPOR , PAPUSDC02, 1180
TERMOVALLECC , DISCONF1, 239, 239, 239, 239, 239, 239, 239, 239, 239, 239, 239, 239, 239, 239, 239, 239, 239, 239, 239, 239, 239, 239, 239, 239
TERMOVALLECC , DISCONF3, 163, 163, 163, 163, 163, 163, 163, 163, 163, 163, 163, 163, 163, 163, 163, 163, 163, 163, 163, 163, 163, 163, 163, 163
TERMOVALLECC , DISCONF4, 165, 165, 165, 165, 165, 165, 165, 165, 165, 165, 165, 165, 165, 165, 165, 165, 165, 165, 165, 165, 165, 165, 165, 165
TERMOVALLECC , DISCONF2, 241, 241, 241, 241, 241, 241, 241, 241, 241, 241, 241, 241, 241, 241, 241, 241, 241, 241, 241, 241, 241, 241, 241, 241
TERMOVALLE1GAS , D, 165, 165, 165, 165, 165, 165, 165, 165, 165, 165, 165, 165, 165, 165, 165, 165, 165, 165, 165, 165, 165, 165, 165, 165
TERMOVALLE1VAPOR , D, 76, 76, 76, 76, 76, 76, 76, 76, 76, 76, 76, 76, 76, 76, 76, 76, 76, 76, 76, 76, 76, 76, 76, 76


AGENTE: ENREVSA SAS
ELBOSQUE1 , D, 1.3, 1.3, 1.3, 1.3, 1.3, 1.3, 1.3, 1.3, 1.3, 1.3, 1.3, 1.3, 1.3, 1.3, 1.3, 1.3, 1.3, 1.3, 1.3, 1.3, 1.3, 1.3, 1.3, 1.3


AGENTE: EPM
AMERICA1 , D, 0.25, 0.25, 0.25, 0.25, 0.25, 0.25, 0.25, 0.25, 0.25, 0.25, 0, 0, 0, 0, 0, 0, 0, 0, 0.25, 0.25, 0.25, 0.25, 0.25, 0.25
AUTOGARGOSELCAIRO1 , D, 6.5, 6.5, 6.5, 6.5, 6.5, 6.5, 6.5, 6, 6, 6, 6, 6, 6.5, 6.5, 6.5, 6.5, 6.5, 6.5, 6.5, 6.5, 6.5, 6.5, 6.5, 6.5
AUTOGARGOSSOGAMOSO1 , D, 3.9, 3.9, 3.9, 3.9, 3.9, 3.9, 3.9, 3.9, 3.9, 3.9, 3.9, 3.9, 3.9, 3.9, 3.9, 3.9, 3.9, 3.9, 3.9, 3.9, 3.9, 3.9, 3.9, 3.9
AUTOGAYURA1 , D, 11, 11, 11, 11, 11, 11, 11, 11, 11, 11, 11, 11, 11, 11, 11, 11, 11, 11, 11, 11, 11, 11, 11, 11
AUTOGBIOSCIENAGAORO1 , D, 0, 0, 0, 0, 0, 0, 0, 0, 0, 0, 0, 0, 0, 0, 0, 0, 0, 0, 0, 0, 0, 0, 0, 0
AUTOGBIOSCIENAGAORO1 , INVD, 11, 11, 11, 11, 11, 11, 11, 11, 11, 11, 11, 11, 11, 11, 11, 11, 11, 11, 11, 11, 11, 11, 11, 11
AUTOGBIOSCONTEGRALCARTAGO1 , D, 0, 0, 0, 0, 0, 0, 0, 0, 0, 0, 0, 0, 0, 0, 0, 0, 0, 0, 0, 0, 0, 0, 0, 0
AUTOGBIOSCONTEGRALCARTAGO1 , INVD, 15, 15, 15, 15, 15, 15, 15, 15, 15, 15, 15, 15, 15, 15, 15, 15, 15, 15, 15, 15, 15, 15, 15, 15
AUTOGBIOSCONTEGRALNEIVA1 , D, 0, 0, 0, 0, 0, 0, 0, 0, 0, 0, 0, 0, 0, 0, 0, 0, 0, 0, 0, 0, 0, 0, 0, 0
AUTOGBIOSCONTEGRALNEIVA1 , INVD, 16, 16, 16, 16, 16, 16, 16, 16, 16, 16, 16, 16, 16, 16, 16, 16, 16, 16, 16, 16, 16, 16, 16, 16
AUTOGBIOSFINCABUGA1 , D, 0, 0, 0, 0, 0, 0, 0, 0, 0, 0, 0, 0, 0, 0, 0, 0, 0, 0, 0, 0, 0, 0, 0, 0
AUTOGBIOSFINCABUGA1 , INVD, 11, 11, 11, 11, 11, 11, 11, 11, 11, 11, 11, 11, 11, 11, 11, 11, 11, 11, 11, 11, 11, 11, 11, 11
AUTOGCEMENTOSDELNARE1 , D, 7.1, 7.1, 7.1, 7.1, 7.1, 7.1, 7.1, 7.1, 7.1, 7.1, 7.1, 7.1, 7.1, 7.1, 7.1, 7.1, 7.1, 7.1, 7.1, 7.1, 7.1, 7.1, 7.1, 7.1
AUTOGPTARBELLO1 , D, 0, 0, 0, 0, 0, 0, 0, 0, 0, 0, 0, 0, 0, 0, 0, 0, 0, 0, 0, 0, 0, 0, 0, 0
AUTOGPTARBELLO2 , D, 0, 0, 0, 0, 0, 0, 0, 0, 0, 0, 0, 0, 0, 0, 0, 0, 0, 0, 0, 0, 0, 0, 0, 0
AUTOGPTARBELLO3 , D, 0, 0, 0, 0, 0, 0, 0, 0, 0, 0, 0, 0, 0, 0, 0, 0, 0, 0, 0, 0, 0, 0, 0, 0
AUTOGPTARBELLO4 , D, 0, 0, 0, 0, 0, 0, 0, 0, 0, 0, 0, 0, 0, 0, 0, 0, 0, 0, 0, 0, 0, 0, 0, 0
AUTOGPTARBELLO5 , D, 0, 0, 0, 0, 0, 0, 0, 0, 0, 0, 0, 0, 0, 0, 0, 0, 0, 0, 0, 0, 0, 0, 0, 0
AUTOGPTARBELLO6 , D, 0, 0, 0.38, 0.38, 0.38, 0.38, 0.38, 0.38, 0.38, 0.38, 0.38, 0.38, 0.38, 0.38, 0, 0, 0, 0, 0, 0, 0, 0, 0, 0
AUTOGPTARBELLO7 , D, 0, 0, 0, 0, 0, 0, 0, 0, 0, 0, 0, 0, 0, 0, 0, 0, 0, 0, 0, 0, 0, 0, 0, 0
BELLO1 , D, 0.2, 0.2, 0.2, 0.2, 0.2, 0.2, 0.2, 0.2, 0.2, 0.2, 0.2, 0.2, 0.2, 0.2, 0.2, 0.2, 0.2, 0.2, 0.2, 0.2, 0.2, 0.2, 0.2, 0.2
CAMPESTRE(EPM)1 , D, 0, 0, 0, 0, 0, 0, 0, 0, 0, 0, 0, 0, 0, 0, 0, 0, 0, 0, 0, 0, 0, 0, 0, 0
CARACOLI1 , D, 3.75, 3.75, 3.75, 3.75, 3.75, 3.75, 0, 0, 0, 0, 0, 0, 0, 0, 0, 0, 0, 3.75, 3.75, 3.75, 3.75, 3.75, 3.75, 3.75
CASCADA1 , D, 1.7, 1.7, 1.7, 1.7, 1.7, 1.7, 1.7, 1.7, 1.7, 1.7, 1.7, 1.7, 1.7, 1.7, 1.7, 1.7, 1.7, 1.7, 1.7, 1.7, 1.7, 1.7, 1.7, 1.7
ESMERALDA , P, 103563
ESMERALDA1 , D, 0, 0, 0, 0, 0, 0, 0, 0, 0, 0, 0, 0, 0, 0, 0, 0, 0, 0, 0, 0, 0, 0, 0, 0
ESMERALDA2 , D, 0, 0, 0, 0, 0, 0, 0, 0, 0, 0, 0, 0, 0, 0, 0, 0, 0, 0, 0, 0, 0, 0, 0, 0
GUACAICA1 , D, 0.86, 0.86, 0.86, 0.86, 0.86, 0.86, 0.86, 0.86, 0.86, 0.86, 0.86, 0.86, 0.86, 0.86, 0.86, 0.86, 0.86, 0.86, 0.86, 0.86, 0.86, 0.86, 0.86, 0.86
GUATAPE , P, 96431
GUATAPE1 , D, 70, 70, 70, 70, 70, 70, 70, 70, 70, 70, 70, 70, 70, 70, 70, 70, 70, 70, 70, 70, 70, 70, 70, 70
GUATAPE2 , D, 70, 70, 70, 70, 70, 70, 70, 70, 70, 70, 70, 70, 70, 70, 70, 70, 70, 70, 70, 70, 70, 70, 70, 70
GUATAPE3 , D, 70, 70, 70, 70, 70, 70, 70, 70, 70, 70, 70, 70, 70, 70, 70, 70, 70, 70, 70, 70, 70, 70, 70, 70
GUATAPE4 , D, 0, 0, 0, 0, 0, 0, 0, 70, 70, 70, 70, 70, 70, 70, 70, 70, 70, 70, 70, 70, 70, 70, 70, 70
GUATAPE5 , D, 0, 0, 0, 0, 0, 0, 0, 0, 0, 0, 0, 0, 0, 0, 0, 0, 0, 0, 0, 0, 0, 0, 0, 0
GUATAPE6 , D, 70, 70, 70, 70, 70, 70, 70, 70, 70, 70, 70, 70, 70, 70, 70, 70, 70, 70, 70, 70, 70, 70, 70, 70
GUATAPE7 , D, 70, 70, 70, 70, 70, 70, 70, 70, 70, 70, 70, 70, 70, 70, 70, 70, 70, 70, 70, 70, 70, 70, 70, 70
GUATAPE8 , D, 70, 70, 70, 70, 70, 70, 70, 70, 70, 70, 70, 70, 70, 70, 70, 70, 70, 70, 70, 70, 70, 70, 70, 70
GUATAPE1 , AGCU, 70, 70, 70, 70, 70, 70, 70, 70, 70, 70, 70, 70, 70, 70, 70, 70, 70, 70, 70, 70, 70, 70, 70, 70
GUATAPE2 , AGCU, 70, 70, 70, 70, 70, 70, 70, 70, 70, 70, 70, 70, 70, 70, 70, 70, 70, 70, 70, 70, 70, 70, 70, 70
GUATAPE3 , AGCU, 70, 70, 70, 70, 70, 70, 70, 70, 70, 70, 70, 70, 70, 70, 70, 70, 70, 70, 70, 70, 70, 70, 70, 70
GUATAPE6 , AGCU, 70, 70, 70, 70, 70, 70, 70, 70, 70, 70, 70, 70, 70, 70, 70, 70, 70, 70, 70, 70, 70, 70, 70, 70
GUATAPE7 , AGCU, 70, 70, 70, 70, 70, 70, 70, 70, 70, 70, 70, 70, 70, 70, 70, 70, 70, 70, 70, 70, 70, 70, 70, 70
GUATAPE8 , AGCU, 70, 70, 70, 70, 70, 70, 70, 70, 70, 70, 70, 70, 70, 70, 70, 70, 70, 70, 70, 70, 70, 70, 70, 70
GUATAPE , AGCP, 420, 420, 420, 420, 420, 420, 420, 420, 420, 420, 420, 420, 420, 420, 420, 420, 420, 420, 0, 0, 0, 420, 420, 420
GUATAPE4 , PRU, 0, 0, 0, 0, 0, 0, 0, 4, 4, 4, 4, 4, 4, 4, 4, 4, 4, 4, 4, 4, 4, 4, 4, 4
GUATRON , P, 96431
GUADALUPE31 , D, 45, 45, 45, 45, 45, 45, 45, 45, 45, 45, 45, 45, 45, 45, 45, 45, 45, 45, 45, 45, 45, 45, 45, 45
GUADALUPE32 , D, 45, 45, 45, 45, 45, 45, 45, 45, 45, 45, 45, 45, 45, 45, 45, 45, 45, 45, 45, 45, 45, 45, 45, 45
GUADALUPE33 , D, 45, 45, 45, 45, 45, 45, 45, 45, 45, 45, 45, 45, 45, 45, 45, 45, 45, 45, 45, 45, 45, 45, 45, 45
GUADALUPE34 , D, 45, 45, 45, 45, 45, 45, 45, 45, 45, 45, 45, 45, 45, 45, 45, 45, 45, 45, 45, 45, 45, 45, 45, 45
GUADALUPE35 , D, 45, 45, 45, 45, 45, 45, 45, 45, 45, 45, 45, 45, 45, 45, 45, 45, 45, 45, 45, 45, 45, 45, 45, 45
GUADALUPE36 , D, 45, 45, 45, 45, 45, 45, 45, 45, 45, 45, 45, 45, 45, 45, 45, 45, 45, 45, 45, 45, 45, 45, 45, 45
GUADALUPE41 , D, 67, 67, 67, 67, 67, 67, 67, 67, 67, 67, 67, 67, 67, 67, 67, 67, 67, 67, 67, 67, 67, 67, 67, 67
GUADALUPE42 , D, 67, 67, 67, 67, 67, 67, 67, 67, 67, 67, 67, 67, 67, 67, 67, 67, 67, 67, 67, 67, 67, 67, 67, 67
GUADALUPE43 , D, 68, 68, 68, 68, 68, 68, 68, 68, 68, 68, 68, 68, 68, 68, 68, 68, 68, 68, 68, 68, 68, 68, 68, 68
TRONERAS1 , D, 20, 20, 20, 20, 20, 20, 20, 20, 20, 20, 20, 20, 20, 20, 20, 20, 20, 20, 20, 20, 20, 20, 20, 20
TRONERAS2 , D, 20, 20, 20, 20, 20, 20, 20, 20, 20, 20, 20, 20, 20, 20, 20, 20, 20, 20, 20, 20, 20, 20, 20, 20
GUADALUPE32 , PRU, 2, 2, 2, 2, 2, 2, 2, 0, 0, 0, 0, 0, 0, 0, 0, 0, 0, 0, 0, 0, 0, 0, 0, 0
GUADALUPE35 , PRU, 2, 2, 2, 2, 2, 2, 2, 0, 0, 0, 0, 0, 0, 0, 0, 0, 0, 0, 0, 0, 0, 0, 0, 0
GUADALUPE36 , PRU, 2, 2, 2, 2, 2, 2, 2, 0, 0, 0, 0, 0, 0, 0, 0, 0, 0, 0, 0, 0, 0, 0, 0, 0
GUADALUPE41 , PRU, 2, 2, 2, 2, 2, 2, 2, 0, 0, 0, 0, 0, 0, 0, 0, 0, 0, 0, 0, 0, 0, 0, 0, 0
GUADALUPE43 , PRU, 2, 2, 2, 2, 2, 2, 2, 0, 0, 0, 0, 0, 0, 0, 0, 0, 0, 0, 0, 0, 0, 0, 0, 0
TRONERAS2 , PRU, 21, 21, 21, 21, 21, 21, 21, 0, 0, 0, 0, 0, 0, 0, 0, 0, 0, 0, 0, 0, 0, 0, 0, 0
INSULA1 , D, 0, 0, 0, 0, 0, 0, 0, 0, 0, 0, 0, 0, 0, 0, 0, 0, 0, 0, 0, 0, 0, 0, 0, 0
INSULA2 , D, 0, 0, 0, 0, 0, 0, 0, 0, 0, 0, 0, 0, 0, 0, 0, 0, 0, 0, 0, 0, 0, 0, 0, 0
INSULA3 , D, 7, 7, 7, 7, 7, 7, 7, 7, 7, 7, 7, 7, 7, 7, 7, 7, 7, 7, 7, 7, 7, 7, 7, 7
INTERMEDIA1 , D, 0, 0, 0, 0, 0, 0, 0, 0, 0, 0, 0, 0, 0, 0, 0, 0, 0, 0, 0, 0, 0, 0, 0, 0
ITUANGO , P, 96431
ITUANGO , ZNOINF, 636, 636, 636, 636, 636, 636, 636, 636, 636, 636, 636, 636, 636, 636, 636, 636, 636, 636, 636, 636, 636, 636, 636, 636
ITUANGO , ZNOSUP, 898, 898, 898, 898, 898, 898, 898, 898, 898, 898, 898, 898, 898, 898, 898, 898, 898, 898, 898, 898, 898, 898, 898, 898
ITUANGO , MO, 0, 0, 0, 0, 0, 0, 0, 0, 0, 0, 0, 0, 0, 0, 0, 0, 0, 0, 0, 0, 0, 0, 0, 0
ITUANGO1 , D, 225, 225, 225, 225, 225, 225, 225, 225, 225, 225, 225, 225, 225, 225, 225, 225, 225, 225, 225, 225, 225, 225, 225, 225
ITUANGO2 , D, 225, 225, 225, 225, 225, 225, 225, 225, 225, 225, 225, 225, 225, 225, 225, 225, 225, 225, 225, 225, 225, 225, 225, 225
ITUANGO3 , D, 225, 225, 225, 225, 225, 225, 225, 225, 225, 225, 225, 225, 225, 225, 225, 225, 225, 225, 225, 225, 225, 225, 225, 225
ITUANGO4 , D, 225, 225, 225, 225, 225, 225, 225, 225, 225, 225, 225, 225, 225, 225, 225, 225, 225, 225, 225, 225, 225, 225, 225, 225
LAHERRADURA2 , D, 7.2, 7.2, 7.2, 7.2, 7.2, 7.2, 7.2, 7.2, 7.2, 7.2, 7.2, 7.2, 7.2, 7.2, 7.2, 7.2, 7.2, 7.2, 7.2, 7.2, 7.2, 7.2, 7.2, 7.2
LAHERRADURA1 , D, 7.2, 7.2, 7.2, 7.2, 7.2, 7.2, 7.2, 7.2, 7.2, 7.2, 7.2, 7.2, 7.2, 7.2, 7.2, 7.2, 7.2, 7.2, 7.2, 7.2, 7.2, 7.2, 7.2, 7.2
LATASAJERA , P, 96431
LATASAJERA1 , D, 102, 102, 102, 102, 102, 102, 102, 102, 102, 102, 102, 102, 102, 102, 102, 102, 102, 102, 102, 102, 102, 102, 102, 102
LATASAJERA2 , D, 102, 102, 102, 102, 102, 102, 102, 102, 102, 102, 102, 102, 102, 102, 102, 102, 102, 102, 102, 102, 102, 102, 102, 102
LATASAJERA3 , D, 102, 102, 102, 102, 102, 102, 102, 102, 102, 102, 102, 102, 102, 102, 102, 102, 102, 102, 102, 102, 102, 102, 102, 102
LATASAJERA1 , AGCU, 102, 102, 102, 102, 102, 102, 102, 102, 102, 102, 102, 102, 102, 102, 102, 102, 102, 102, 102, 102, 102, 102, 102, 102
LATASAJERA2 , AGCU, 102, 102, 102, 102, 102, 102, 102, 102, 102, 102, 102, 102, 102, 102, 102, 102, 102, 102, 102, 102, 102, 102, 102, 102
LATASAJERA3 , AGCU, 102, 102, 102, 102, 102, 102, 102, 102, 102, 102, 102, 102, 102, 102, 102, 102, 102, 102, 102, 102, 102, 102, 102, 102
LATASAJERA , AGCP, 306, 306, 306, 306, 306, 306, 306, 306, 306, 306, 306, 306, 306, 306, 306, 306, 306, 306, 0, 0, 0, 306, 306, 306
LAVUELTA1 , D, 6.8, 6.8, 6.8, 6.8, 6.8, 6.8, 6.8, 6.8, 6.8, 6.8, 6.8, 6.8, 6.8, 6.8, 6.8, 6.8, 6.8, 6.8, 6.8, 6.8, 6.8, 6.8, 6.8, 6.8
MANANTIALES1 , D, 0, 0, 0, 0, 0, 0, 0, 0, 0, 0, 0, 0, 0, 0, 0, 0, 0, 0, 0, 0, 0, 0, 0, 0
MUNICIPAL1 , D, 0, 0, 0, 0, 0, 0, 0, 0, 0, 0, 0, 0, 0, 0, 0, 0, 0, 0, 0, 0, 0, 0, 0, 0
NIQUIA1 , D, 12, 12, 12, 12, 12, 12, 14, 14, 14, 14, 14, 14, 14, 14, 14, 14, 14, 14, 14, 14, 14, 14, 14, 13
NUTIBARA1 , D, 0, 0, 0, 0, 0, 0, 0, 0, 0, 0, 0, 0, 0, 0, 0, 0, 0, 0, 0, 0, 0, 0, 0, 0
PAJARITO1 , D, 3.4, 3.4, 3.4, 3.4, 3.4, 3.4, 3.4, 3.4, 3.4, 3.4, 3.4, 3.4, 3.4, 3.4, 3.4, 3.4, 3.4, 3.4, 3.4, 3.4, 3.4, 3.4, 3.4, 3.4
PAJARITO2 , D, 7, 7, 7, 7, 7, 7, 7, 7, 7, 7, 7, 7, 7, 7, 7, 7, 7, 7, 7, 7, 7, 7, 7, 7
PALMASSANGIL1 , D, 0, 0, 0, 0, 0, 0, 0, 0, 0, 0, 0, 0, 0, 0, 0, 0, 0, 0, 0, 0, 0, 0, 0, 0
PARQUESOLARTEPUY , P, 94112
PARQUESOLARTEPUY1 , INVD, 256, 256, 256, 256, 256, 256, 256, 256, 256, 256, 256, 256, 256, 256, 256, 256, 256, 256, 256, 256, 256, 256, 256, 256
PARQUESOLARTEPUY1 , D, 0, 0, 0, 0, 0, 0, 10, 50, 69, 76, 76, 76, 76, 76, 76, 63, 35, 14, 0, 0, 0, 0, 0, 0
PLAYAS , P, 96431
PLAYAS1 , D, 69, 69, 69, 69, 69, 69, 69, 69, 69, 69, 69, 69, 69, 69, 69, 69, 69, 69, 69, 69, 69, 69, 69, 69
PLAYAS2 , D, 69, 69, 69, 69, 69, 69, 69, 69, 69, 69, 69, 69, 69, 69, 69, 69, 69, 69, 69, 69, 69, 69, 69, 69
PLAYAS3 , D, 0, 0, 0, 0, 0, 0, 0, 0, 0, 0, 0, 0, 0, 0, 0, 0, 0, 69, 69, 69, 69, 69, 69, 69
PLAYAS1 , AGCU, 14, 14, 14, 14, 14, 14, 14, 14, 14, 14, 14, 14, 14, 14, 14, 14, 14, 14, 14, 14, 14, 14, 14, 14
PLAYAS2 , AGCU, 14, 14, 14, 14, 14, 14, 14, 14, 14, 14, 14, 14, 14, 14, 14, 14, 14, 14, 14, 14, 14, 14, 14, 14
PLAYAS3 , AGCU, 0, 0, 0, 0, 0, 0, 0, 0, 0, 0, 0, 0, 0, 0, 0, 0, 0, 14, 14, 14, 14, 14, 14, 14
PLAYAS , AGCP, 0, 0, 0, 0, 0, 0, 0, 0, 0, 0, 0, 0, 0, 0, 0, 0, 0, 42, 0, 0, 0, 42, 42, 42
PORCEII , P, 96431
PORCEII1 , D, 135, 135, 135, 135, 135, 135, 135, 135, 135, 135, 135, 135, 135, 135, 135, 135, 135, 135, 135, 135, 135, 135, 135, 135
PORCEII2 , D, 135, 135, 135, 135, 135, 135, 135, 135, 135, 135, 135, 135, 135, 135, 135, 135, 135, 135, 135, 135, 135, 135, 135, 135
PORCEII3 , D, 135, 135, 135, 135, 135, 135, 135, 135, 135, 135, 135, 135, 135, 135, 135, 135, 135, 135, 135, 135, 135, 135, 135, 135
PORCEII1 , AGCU, 60, 60, 60, 60, 60, 60, 60, 60, 60, 60, 60, 60, 60, 60, 60, 60, 60, 60, 60, 60, 60, 60, 60, 60
PORCEII2 , AGCU, 60, 60, 60, 60, 60, 60, 60, 60, 60, 60, 60, 60, 60, 60, 60, 60, 60, 60, 60, 60, 60, 60, 60, 60
PORCEII3 , AGCU, 60, 60, 60, 60, 60, 60, 60, 60, 60, 60, 60, 60, 60, 60, 60, 60, 60, 60, 60, 60, 60, 60, 60, 60
PORCEII , AGCP, 180, 180, 180, 180, 180, 180, 180, 180, 180, 180, 180, 180, 180, 180, 180, 180, 180, 180, 0, 0, 0, 180, 180, 180
PORCEIII , P, 96431
PORCEIII1 , D, 180, 180, 180, 180, 180, 180, 180, 180, 180, 180, 180, 180, 180, 180, 180, 180, 180, 180, 180, 180, 180, 180, 180, 180
PORCEIII2 , D, 180, 180, 180, 180, 180, 180, 180, 180, 180, 180, 180, 180, 180, 180, 180, 180, 180, 180, 180, 180, 180, 180, 180, 180
PORCEIII3 , D, 0, 0, 0, 0, 0, 0, 0, 0, 0, 0, 0, 0, 0, 0, 0, 0, 0, 0, 0, 0, 0, 0, 0, 0
PORCEIII4 , D, 190, 190, 190, 190, 190, 190, 190, 190, 190, 190, 190, 190, 190, 190, 190, 190, 190, 190, 190, 190, 190, 190, 190, 190
PORCEIII2 , AGCU, 55, 55, 55, 55, 55, 55, 55, 55, 55, 55, 55, 55, 55, 55, 55, 55, 55, 55, 55, 55, 55, 55, 55, 55
PORCEIII3 , AGCU, 0, 0, 0, 0, 0, 0, 0, 0, 0, 0, 0, 0, 0, 0, 0, 0, 0, 0, 0, 0, 0, 0, 0, 0
PORCEIII4 , AGCU, 65, 65, 65, 65, 65, 65, 65, 65, 65, 65, 65, 65, 65, 65, 65, 65, 65, 65, 65, 65, 65, 65, 65, 65
PORCEIII , AGCP, 0, 0, 36, 0, 0, 0, 0, 0, 0, 0, 0, 0, 0, 0, 0, 0, 0, 0, 0, 0, 0, 0, 0, 0
PORCEIIIMENOR1 , D, 1.5, 1.5, 1.5, 1.5, 1.5, 1.5, 1.5, 1.5, 1.5, 1.5, 1.5, 1.5, 1.5, 1.5, 1.5, 1.5, 1.5, 1.5, 1.5, 1.5, 1.5, 1.5, 1.5, 1.5
RIOGRANDE1 , D, 0, 0, 0, 0, 0, 0, 0, 0, 0, 0, 0, 0, 0, 0, 0, 0, 0, 0, 0, 0, 0, 0, 0, 0
RIOFRIO(TAMESIS)1 , D, 0.8, 0.8, 0.8, 0.8, 0.8, 0.8, 0.8, 0.8, 0.8, 0.8, 0.8, 0.8, 0.8, 0.8, 0.8, 0.8, 0.8, 0.8, 0.8, 0.8, 0.8, 0.8, 0.8, 0.8
RIOGRANDEI1 , D, 0, 0, 0, 0, 0, 0, 0, 0, 0, 0, 0, 0, 0, 0, 0, 0, 0, 0, 0, 0, 0, 0, 0, 0
SANCANCIO1 , D, 1.2, 1.2, 1.2, 1.2, 1.2, 1.2, 1.2, 1.2, 1.2, 1.2, 1.2, 1.2, 1.2, 1.2, 1.2, 1.2, 1.2, 1.2, 1.2, 1.2, 1.2, 1.2, 1.2, 1.2
SANFRANCISCO , P, 103563
SANFRANCISCO1 , D, 0, 0, 0, 0, 0, 0, 0, 0, 0, 0, 0, 0, 0, 0, 0, 0, 0, 0, 0, 0, 0, 0, 0, 0
SANFRANCISCO2 , D, 0, 0, 0, 0, 0, 0, 0, 45, 45, 45, 0, 0, 0, 0, 0, 0, 0, 45, 45, 45, 45, 45, 0, 0
SANFRANCISCO3 , D, 0, 0, 0, 0, 0, 0, 0, 45, 45, 45, 0, 0, 0, 0, 0, 0, 0, 45, 45, 45, 45, 45, 0, 0
SONSON1 , D, 0, 0, 0, 0, 0, 0, 0, 0, 0, 0, 0, 0, 0, 0, 0, 0, 0, 0, 0, 0, 0, 0, 0, 0
TERMODORADA1 , P, 2214747
TERMODORADA1 , C, ACPM
TERMODORADA1 , PAPT07, 149303307
TERMODORADA1 , PAPF12, 149303307
TERMODORADA1 , PAPC07, 149303307
TERMODORADA1 , PAPC12, 149303307
TERMODORADA1 , PAPT12, 149303307
TERMODORADA1 , PAPC02, 79177498
TERMODORADA1 , PAPF07, 149303307
TERMODORADA1 , PAPT02, 79177498
TERMODORADA1 , PAPF02, 79177498
TERMODORADA1 , PAPUSDT07, 36156
TERMODORADA1 , PAPUSDF12, 36156
TERMODORADA1 , PAPUSDC07, 36156
TERMODORADA1 , PAPUSDC12, 36156
TERMODORADA1 , PAPUSDT12, 36156
TERMODORADA1 , PAPUSDC02, 19174
TERMODORADA1 , PAPUSDF07, 36156
TERMODORADA1 , PAPUSDT02, 19174
TERMODORADA1 , PAPUSDF02, 19174
TERMODORADA1 , CONF, 3
TERMODORADA1 , D, 47, 47, 47, 47, 47, 47, 47, 47, 47, 47, 47, 47, 47, 47, 47, 47, 47, 47, 47, 47, 47, 47, 47, 47
TERMOSIERRA1 , PAPF07, 530787378
TERMOSIERRA1 , PAPT07, 530787378
TERMOSIERRA1 , PAPC07, 327182199
TERMOSIERRA2 , PAPT07, 530787378
TERMOSIERRA2 , PAPF07, 530787378
TERMOSIERRA2 , PAPC07, 327182199
TERMOSIERRA3 , PAPT07, 6375824
TERMOSIERRA3 , PAPC07, 6788766
TERMOSIERRA3 , PAPF07, 6375824
TERMOSIERRACC , P1, 1801706
TERMOSIERRACC , P2, 1801706
TERMOSIERRACC , P3, 981205
TERMOSIERRACC , P4, 948251
TERMOSIERRACC , P5, 1151446
TERMOSIERRA1 , PAPUSDF07, 128538
TERMOSIERRA1 , PAPUSDT07, 128538
TERMOSIERRA1 , PAPUSDC07, 79232
TERMOSIERRA2 , PAPUSDT07, 128538
TERMOSIERRA2 , PAPUSDF07, 128538
TERMOSIERRA2 , PAPUSDC07, 79232
TERMOSIERRA3 , PAPUSDT07, 1544
TERMOSIERRA3 , PAPUSDC07, 1644
TERMOSIERRA3 , PAPUSDF07, 1544
TERMOSIERRACC , DISCONF1, 110, 110, 110, 110, 110, 110, 110, 110, 110, 110, 110, 110, 110, 110, 110, 110, 110, 110, 110, 110, 110, 110, 110, 110
TERMOSIERRACC , DISCONF2, 0, 0, 0, 0, 0, 0, 0, 0, 0, 0, 0, 0, 0, 0, 0, 0, 0, 0, 0, 0, 0, 0, 0, 0
TERMOSIERRACC , DISCONF3, 161, 161, 161, 161, 161, 161, 161, 161, 161, 161, 161, 161, 161, 161, 161, 161, 161, 161, 161, 161, 161, 161, 161, 161
TERMOSIERRACC , DISCONF4, 0, 0, 0, 0, 0, 0, 0, 0, 0, 0, 0, 0, 0, 0, 0, 0, 0, 0, 0, 0, 0, 0, 0, 0
TERMOSIERRACC , DISCONF5, 0, 0, 0, 0, 0, 0, 0, 0, 0, 0, 0, 0, 0, 0, 0, 0, 0, 0, 0, 0, 0, 0, 0, 0
TERMOSIERRA1 , D, 0, 0, 0, 0, 0, 0, 0, 0, 0, 0, 0, 0, 0, 0, 0, 0, 0, 0, 0, 0, 0, 0, 0, 0
TERMOSIERRA2 , D, 110, 110, 110, 110, 110, 110, 110, 110, 110, 110, 110, 110, 110, 110, 110, 110, 110, 110, 110, 110, 110, 110, 110, 110
TERMOSIERRA3 , D, 51, 51, 51, 51, 51, 51, 51, 51, 51, 51, 51, 51, 51, 51, 51, 51, 51, 51, 51, 51, 51, 51, 51, 51


AGENTE: ERCO GENERADOR
AUTOGCIJEANS1 , D, 0, 0, 0, 0, 0, 0, 0.01, 0.03, 0.16, 0.35, 0.52, 0.51, 0.46, 0.42, 0.46, 0.35, 0.21, 0.07, 0.01, 0, 0, 0, 0, 0
AUTOGCIJEANS1 , INVD, 24, 24, 24, 24, 24, 24, 24, 24, 24, 24, 24, 24, 24, 24, 24, 24, 24, 24, 24, 24, 24, 24, 24, 24
AUTOGHIDROSOLARI1 , D, 0, 0, 0, 0, 0, 0, 0, 0.02, 0.72, 0.96, 1.44, 1.87, 1.89, 1.83, 1.82, 1.62, 0.91, 0.08, 0, 0, 0, 0, 0, 0
AUTOGHIDROSOLARI1 , INVD, 7, 7, 7, 7, 7, 7, 7, 7, 7, 7, 7, 7, 7, 7, 7, 7, 7, 7, 7, 7, 7, 7, 7, 7
AUTOGPINTUCO1 , D, 0, 0, 0, 0, 0, 0, 0, 0.01, 0.03, 0.05, 0.09, 0.1, 0.15, 0.16, 0.15, 0.1, 0.03, 0.01, 0, 0, 0, 0, 0, 0
AUTOGPINTUCO1 , INVD, 25, 25, 25, 25, 25, 25, 25, 25, 25, 25, 25, 25, 25, 25, 25, 25, 25, 25, 25, 25, 25, 25, 25, 25
COMUNIDADELSALVADORI1 , D, 0, 0, 0, 0, 0, 0, 0, 0, 0, 0.01, 0.01, 0.01, 0.01, 0.01, 0, 0, 0, 0, 0, 0, 0, 0, 0, 0.01
COMUNIDADELSALVADORI1 , INVD, 1, 1, 1, 1, 1, 1, 1, 1, 1, 1, 1, 1, 1, 1, 1, 1, 1, 1, 1, 1, 1, 1, 1, 1
COMUNIDADELSALVADORII1 , D, 0, 0, 0, 0, 0, 0, 0, 0, 0, 0, 0, 0, 0, 0, 0, 0, 0, 0, 0, 0, 0, 0, 0, 0
COMUNIDADELSALVADORII1 , INVD, 1, 1, 1, 1, 1, 1, 1, 1, 1, 1, 1, 1, 1, 1, 1, 1, 1, 1, 1, 1, 1, 1, 1, 1
GDERCOGUAMOI1 , D, 0, 0, 0, 0, 0, 0, 0.06, 0.23, 0.45, 0.67, 0.79, 0.85, 0.85, 0.77, 0.63, 0.43, 0.18, 0.02, 0, 0, 0, 0, 0, 0
GDERCOGUAMOI1 , INVD, 3, 3, 3, 3, 3, 3, 3, 3, 3, 3, 3, 3, 3, 3, 3, 3, 3, 3, 3, 3, 3, 3, 3, 3
GDERCOGUAMOII1 , D, 0, 0, 0, 0, 0, 0, 0.06, 0.23, 0.45, 0.67, 0.79, 0.85, 0.85, 0.77, 0.63, 0.43, 0.18, 0.02, 0, 0, 0, 0, 0, 0
GDERCOGUAMOII1 , INVD, 3, 3, 3, 3, 3, 3, 3, 3, 3, 3, 3, 3, 3, 3, 3, 3, 3, 3, 3, 3, 3, 3, 3, 3
GDERCOGUAMOIII1 , D, 0, 0, 0, 0, 0, 0, 0.06, 0.23, 0.45, 0.67, 0.79, 0.85, 0.85, 0.77, 0.63, 0.43, 0.18, 0.02, 0, 0, 0, 0, 0, 0
GDERCOGUAMOIII1 , INVD, 3, 3, 3, 3, 3, 3, 3, 3, 3, 3, 3, 3, 3, 3, 3, 3, 3, 3, 3, 3, 3, 3, 3, 3
GDERCOGUAMOIV1 , D, 0, 0, 0, 0, 0, 0, 0.06, 0.23, 0.45, 0.67, 0.79, 0.85, 0.85, 0.77, 0.63, 0.43, 0.18, 0.02, 0, 0, 0, 0, 0, 0
GDERCOGUAMOIV1 , INVD, 3, 3, 3, 3, 3, 3, 3, 3, 3, 3, 3, 3, 3, 3, 3, 3, 3, 3, 3, 3, 3, 3, 3, 3
GDERCOSALDANAI1 , D, 0, 0, 0, 0, 0, 0, 0.06, 0.22, 0.45, 0.67, 0.79, 0.85, 0.85, 0.77, 0.63, 0.43, 0.18, 0.02, 0, 0, 0, 0, 0, 0
GDERCOSALDANAI1 , INVD, 3, 3, 3, 3, 3, 3, 3, 3, 3, 3, 3, 3, 3, 3, 3, 3, 3, 3, 3, 3, 3, 3, 3, 3
GDERCOSALDANAII1 , D, 0, 0, 0, 0, 0, 0, 0.06, 0.22, 0.45, 0.67, 0.79, 0.85, 0.85, 0.77, 0.63, 0.43, 0.18, 0.02, 0, 0, 0, 0, 0, 0
GDERCOSALDANAII1 , INVD, 3, 3, 3, 3, 3, 3, 3, 3, 3, 3, 3, 3, 3, 3, 3, 3, 3, 3, 3, 3, 3, 3, 3, 3
GDERCOTOLDADO1 , D, 0, 0, 0, 0, 0, 0, 0.02, 0.06, 0.3, 0.66, 0.97, 0.96, 0.86, 0.79, 0.61, 0.47, 0.28, 0.09, 0, 0, 0, 0, 0, 0
GDERCOTOLDADO1 , INVD, 3, 3, 3, 3, 3, 3, 3, 3, 3, 3, 3, 3, 3, 3, 3, 3, 3, 3, 3, 3, 3, 3, 3, 3
GUAMO1 , D, 0, 0, 0, 0, 0, 0.42, 1.76, 3.31, 4.75, 6.21, 7.18, 7.28, 6.61, 5.55, 4.1, 2.31, 0.57, 0, 0, 0, 0, 0, 0, 0
GUAMO1 , INVD, 34, 34, 34, 34, 34, 34, 34, 34, 34, 34, 34, 34, 34, 34, 34, 34, 34, 34, 34, 34, 34, 34, 34, 34
INGENIORISARALDA1 , D, 13, 13, 13, 13, 13, 13, 13, 13, 13, 13, 13, 13, 13, 13, 13, 13, 13, 13, 13, 13, 13, 13, 13, 13
LANENERA1 , D, 0, 0, 0, 0, 0, 0, 0.02, 0.06, 0.3, 0.66, 0.97, 0.96, 0.86, 0.79, 0.61, 0.47, 0.28, 0.09, 0, 0, 0, 0, 0, 0
LANENERA1 , INVD, 4, 4, 4, 4, 4, 4, 4, 4, 4, 4, 4, 4, 4, 4, 4, 4, 4, 4, 4, 4, 4, 4, 4, 4
NUMBANA1 , D, 0, 0, 0, 0, 0, 0.46, 2, 3.75, 5.38, 7.01, 7.93, 8.04, 7.46, 6.29, 4.67, 2.62, 0.63, 0, 0, 0, 0, 0, 0, 0
NUMBANA1 , INVD, 37, 37, 37, 37, 37, 37, 37, 37, 37, 37, 37, 37, 37, 37, 37, 37, 37, 37, 37, 37, 37, 37, 37, 37
PETALODELNORTEDESANTANDERI1 , D, 0, 0, 0, 0, 0, 0, 1.89, 4.77, 8.94, 12.76, 16.05, 17.79, 16.05, 13.62, 10.58, 7.52, 4.31, 1.19, 0, 0, 0, 0, 0, 0
PETALODELNORTEDESANTANDERI1 , INVD, 73, 73, 73, 73, 73, 73, 73, 73, 73, 73, 73, 73, 73, 73, 73, 73, 73, 73, 73, 73, 73, 73, 73, 73
ROKRA1 , D, 0, 0, 0, 0, 0, 0.01, 0.42, 1.83, 3.77, 5.63, 6.74, 7.82, 8.08, 7.27, 6.16, 4.62, 2.46, 0.51, 0, 0, 0, 0, 0, 0
ROKRA1 , INVD, 37, 37, 37, 37, 37, 37, 37, 37, 37, 37, 37, 37, 37, 37, 37, 37, 37, 37, 37, 37, 37, 37, 37, 37


AGENTE: ESPROD SAS ESP
RIONEGRO1 , D, 7, 7, 7, 7, 7, 7, 7, 7, 7, 7, 7, 7, 7, 7, 7, 7, 7, 7, 7, 7, 7, 7, 7, 7


AGENTE: YARUMO
PARQUESOLARBARANOA1 , D, 0, 0, 0, 0, 0, 0, 6, 11, 13, 9, 10, 10, 10, 9, 7, 5, 2, 0, 0, 0, 0, 0, 0, 0
PARQUESOLARBARANOA1 , INVD, 77, 77, 77, 77, 77, 77, 77, 77, 77, 77, 77, 77, 77, 77, 77, 77, 77, 77, 77, 77, 77, 77, 77, 77


AGENTE: FURESAS
GRANJASOLARELSALADO1 , D, 0, 0, 0, 0, 0, 0, 0, 0.02, 0.04, 0.06, 0.06, 0.06, 0.06, 0.06, 0.06, 0.04, 0.02, 0.01, 0, 0, 0, 0, 0, 0
GRANJASOLARELSALADO1 , INVD, 2, 2, 2, 2, 2, 2, 2, 2, 2, 2, 2, 2, 2, 2, 2, 2, 2, 2, 2, 2, 2, 2, 2, 2
PATICO-LACABRERA1 , D, 1.16, 1.15, 1.16, 1.18, 1.12, 1.06, 1.05, 1.04, 1.11, 0.97, 1.08, 0.98, 1.04, 1.06, 1.08, 1.1, 1.13, 1.11, 1.11, 1.1, 1.07, 1.02, 1.01, 1.03
SANJOSE1 , D, 0, 0, 0, 0, 0, 0, 0, 0, 0, 0, 0, 0, 0, 0, 0, 0, 0, 0, 0, 0, 0, 0, 0, 0


AGENTE: GECELCA S.A. E.S.P
AUTOGCANTAYUS1 , D, 1.04, 1.13, 1.38, 1.41, 1.4, 1.4, 1.43, 1.5, 1.51, 1.5, 1.49, 1.5, 1.49, 1.48, 1.4, 1.46, 1.45, 1.44, 1.39, 1.36, 1.44, 1.43, 1.4, 1.4
AUTOGCANTAYUS2 , D, 1.04, 1.13, 1.38, 1.41, 1.4, 1.4, 1.43, 1.5, 1.51, 1.5, 1.49, 1.5, 1.49, 1.48, 1.4, 1.46, 1.45, 1.44, 1.39, 1.36, 1.44, 1.43, 1.4, 1.4
AUTOGECOPETROLORITO1 , D, 1, 1, 1, 1, 1, 1, 1, 1, 1, 1, 1, 1, 1, 1, 1, 1, 1, 1, 1, 1, 1, 1, 1, 1
AUTOGELCOPEY1 , D, 0, 0, 0, 0, 0, 0, 0.6, 2.7, 3.4, 3.5, 2.7, 1.8, 3.2, 3, 3.3, 2.7, 1.6, 0.4, 0, 0, 0, 0, 0, 0
AUTOGELCOPEY1 , INVD, 34, 34, 34, 34, 34, 34, 34, 34, 34, 34, 34, 34, 34, 34, 34, 34, 34, 34, 34, 34, 34, 34, 34, 34
AUTOGREFICAR1 , D, 0, 0, 0, 0, 0, 0, 0, 0, 0, 0, 0, 0, 0, 0, 0, 0, 0, 0, 0, 0, 0, 0, 0, 0
GECELCA3 , P, 272604
GECELCA3 , C, CARBON
GECELCA3 , PAPC01, 54504214
GECELCA3 , PAPF01, 128197841
GECELCA3 , PAPT01, 82629693
GECELCA3 , PAPUSDC01, 13199
GECELCA3 , PAPUSDF01, 31045
GECELCA3 , PAPUSDT01, 20010
GECELCA3 , CONF, 1
GECELCA3 , D, 164, 164, 164, 164, 164, 164, 164, 164, 164, 164, 164, 164, 164, 164, 164, 164, 164, 164, 164, 164, 164, 164, 164, 164
GECELCA32 , P, 278371
GECELCA32 , C, CARBON
GECELCA32 , PAPC01, 47224046
GECELCA32 , PAPT01, 72120319
GECELCA32 , PAPF01, 102632603
GECELCA32 , PAPUSDC01, 11436
GECELCA32 , PAPUSDT01, 17465
GECELCA32 , PAPUSDF01, 24854
GECELCA32 , CONF, 1
GECELCA32 , D, 0, 0, 0, 0, 0, 0, 0, 0, 0, 0, 0, 0, 0, 0, 0, 0, 0, 0, 0, 0, 0, 0, 0, 0
GUAJIRA1 , P, 551776
GUAJIRA1 , C, MEZCLA GAS - CARBON
GUAJIRA1 , PAPF01, 96157672
GUAJIRA1 , PAPT01, 49367215
GUAJIRA1 , PAPC01, 34984446
GUAJIRA1 , PAPC14, 34984446
GUAJIRA1 , PAPT14, 49367215
GUAJIRA1 , PAPF14, 96157672
GUAJIRA1 , PAPUSDF01, 23286
GUAJIRA1 , PAPUSDT01, 11955
GUAJIRA1 , PAPUSDC01, 8472
GUAJIRA1 , PAPUSDC14, 8472
GUAJIRA1 , PAPUSDT14, 11955
GUAJIRA1 , PAPUSDF14, 23286
GUAJIRA1 , CONF, 2
GUAJIRA1 , D, 145, 145, 145, 145, 145, 145, 145, 145, 145, 145, 145, 145, 145, 145, 145, 145, 145, 145, 145, 145, 145, 145, 145, 145
GUAJIRA2 , P, 531657
GUAJIRA2 , C, MEZCLA GAS - CARBON
GUAJIRA2 , PAPC01, 34984446
GUAJIRA2 , PAPT01, 49367215
GUAJIRA2 , PAPC14, 34984446
GUAJIRA2 , PAPT14, 49367215
GUAJIRA2 , PAPF14, 96157672
GUAJIRA2 , PAPF01, 96157672
GUAJIRA2 , PAPUSDC01, 8472
GUAJIRA2 , PAPUSDT01, 11955
GUAJIRA2 , PAPUSDC14, 8472
GUAJIRA2 , PAPUSDT14, 11955
GUAJIRA2 , PAPUSDF14, 23286
GUAJIRA2 , PAPUSDF01, 23286
GUAJIRA2 , CONF, 2
GUAJIRA2 , D, 130, 130, 130, 130, 130, 130, 130, 130, 130, 130, 130, 130, 130, 130, 130, 130, 130, 130, 130, 130, 130, 130, 130, 130


AGENTE: TCNG
TERMOCENTRO1 , PAPC02, 0
TERMOCENTRO1 , PAPT02, 0
TERMOCENTRO1 , PAPF02, 0
TERMOCENTRO2 , PAPC02, 0
TERMOCENTRO2 , PAPT02, 0
TERMOCENTRO2 , PAPF02, 0
TERMOCENTRO3 , PAPC02, 0
TERMOCENTRO3 , PAPT02, 0
TERMOCENTRO3 , PAPF02, 0
TERMOCENTROCC , P1, 1934432
TERMOCENTROCC , P2, 2202671
TERMOCENTROCC , P3, 2596176
TERMOCENTROCC , P4, 1958638
TERMOCENTROCC , P5, 2595975
TERMOCENTRO1 , PAPUSDC02, 0
TERMOCENTRO1 , PAPUSDT02, 0
TERMOCENTRO1 , PAPUSDF02, 0
TERMOCENTRO2 , PAPUSDC02, 0
TERMOCENTRO2 , PAPUSDT02, 0
TERMOCENTRO2 , PAPUSDF02, 0
TERMOCENTRO3 , PAPUSDC02, 0
TERMOCENTRO3 , PAPUSDT02, 0
TERMOCENTRO3 , PAPUSDF02, 0
TERMOCENTROCC , DISCONF1, 0, 0, 0, 0, 0, 0, 0, 0, 0, 0, 0, 0, 0, 0, 0, 0, 0, 0, 0, 0, 0, 0, 0, 0
TERMOCENTROCC , DISCONF2, 0, 0, 0, 0, 0, 0, 0, 0, 0, 0, 0, 0, 0, 0, 0, 0, 0, 0, 0, 0, 0, 0, 0, 0
TERMOCENTROCC , DISCONF3, 0, 0, 0, 0, 0, 0, 0, 0, 0, 0, 0, 0, 0, 0, 0, 0, 0, 0, 0, 0, 0, 0, 0, 0
TERMOCENTROCC , DISCONF4, 0, 0, 0, 0, 0, 0, 0, 0, 0, 0, 0, 0, 0, 0, 0, 0, 0, 0, 0, 0, 0, 0, 0, 0
TERMOCENTROCC , DISCONF5, 0, 0, 0, 0, 0, 0, 0, 0, 0, 0, 0, 0, 0, 0, 0, 0, 0, 0, 0, 0, 0, 0, 0, 0
TERMOCENTRO1 , D, 0, 0, 0, 0, 0, 0, 0, 0, 0, 0, 0, 0, 0, 0, 0, 0, 0, 0, 0, 0, 0, 0, 0, 0
TERMOCENTRO2 , D, 0, 0, 0, 0, 0, 0, 0, 0, 0, 0, 0, 0, 0, 0, 0, 0, 0, 0, 0, 0, 0, 0, 0, 0
TERMOCENTRO3 , D, 0, 0, 0, 0, 0, 0, 0, 0, 0, 0, 0, 0, 0, 0, 0, 0, 0, 0, 0, 0, 0, 0, 0, 0


AGENTE: GENERSA
AUTOGTERMOARAUCA1 , D, 4.9, 4.9, 4.9, 4.9, 4.9, 4.9, 4.9, 4.9, 4.9, 4.9, 4.9, 4.9, 4.9, 4.9, 4.9, 4.9, 4.9, 4.9, 4.9, 4.9, 4.9, 4.9, 4.9, 4.9
AUTOGTERMOCOROCITO1 , D, 4.9, 4.9, 4.9, 4.9, 4.9, 4.9, 4.9, 4.9, 4.9, 4.9, 4.9, 4.9, 4.9, 4.9, 4.9, 4.9, 4.9, 4.9, 4.9, 4.9, 4.9, 4.9, 4.9, 4.9
AUTOGTERMOMACAGUA1 , D, 4.9, 4.9, 4.9, 4.9, 4.9, 4.9, 4.9, 4.9, 4.9, 4.9, 4.9, 4.9, 4.9, 4.9, 4.9, 4.9, 4.9, 4.9, 4.9, 4.9, 4.9, 4.9, 4.9, 4.9
AUTOGTERMOTAME1 , D, 1, 1, 1, 1, 1, 1, 1, 1, 1, 1, 1, 1, 1, 1, 1, 1, 1, 1, 1, 1, 1, 1, 1, 1
AUTOGTERMOTAME2 , D, 1, 1, 1, 1, 1, 1, 1, 1, 1, 1, 1, 1, 1, 1, 1, 1, 1, 1, 1, 1, 1, 1, 1, 1
AUTOGTERMOTAME3 , D, 1, 1, 1, 1, 1, 1, 1, 1, 1, 1, 1, 1, 1, 1, 1, 1, 1, 1, 1, 1, 1, 1, 1, 1
TERMOBOLIVAR1 , D, 0, 0, 0, 0, 0, 0, 0, 0, 0, 0, 0, 0, 0, 0, 0, 0, 0, 0, 0, 0, 0, 0, 0, 0
TERMOCAPACHOS1 , D, 1.3, 1.3, 1.3, 1.3, 1.3, 1.3, 1.3, 1.3, 1.3, 1.3, 1.3, 1.3, 1.3, 1.3, 1.3, 1.3, 1.3, 1.3, 1.3, 1.3, 1.3, 1.3, 1.3, 1.3


AGENTE: GENERSOL
SUNNORTE , P, 85091
SUNNORTE1 , INVD, 109, 109, 109, 109, 109, 109, 109, 109, 109, 109, 109, 109, 109, 109, 109, 109, 109, 109, 109, 109, 109, 109, 109, 109
SUNNORTE1 , D, 0, 0, 0, 0, 0, 0, 2, 9, 17, 23, 26, 26, 23, 19, 14, 9, 5, 1, 0, 0, 0, 0, 0, 0


AGENTE: GENSA
PAIPA1 , P, 281328
PAIPA1 , C, CARBON
PAIPA1 , PAPT01, 27060089
PAIPA1 , PAPC01, 13172850
PAIPA1 , PAPF01, 43528215
PAIPA1 , PAPUSDT01, 6553
PAIPA1 , PAPUSDC01, 3190
PAIPA1 , PAPUSDF01, 10541
PAIPA1 , CONF, 1
PAIPA1 , D, 26, 26, 26, 26, 26, 26, 26, 26, 26, 26, 26, 26, 26, 26, 26, 26, 26, 26, 26, 26, 26, 26, 26, 26
PAIPA2 , P, 259460
PAIPA2 , C, CARBON
PAIPA2 , PAPF01, 72834709
PAIPA2 , PAPT01, 45394713
PAIPA2 , PAPC01, 31362944
PAIPA2 , PAPUSDF01, 17638
PAIPA2 , PAPUSDT01, 10993
PAIPA2 , PAPUSDC01, 7595
PAIPA2 , CONF, 1
PAIPA2 , D, 60, 60, 60, 60, 60, 60, 60, 60, 60, 60, 60, 60, 60, 60, 60, 60, 60, 60, 60, 60, 60, 60, 60, 60
PAIPA3 , P, 269715
PAIPA3 , C, CARBON
PAIPA3 , PAPC01, 31362944
PAIPA3 , PAPT01, 45394713
PAIPA3 , PAPF01, 72834709
PAIPA3 , PAPUSDC01, 7595
PAIPA3 , PAPUSDT01, 10993
PAIPA3 , PAPUSDF01, 17638
PAIPA3 , CONF, 1
PAIPA3 , D, 70, 70, 70, 70, 70, 70, 70, 70, 70, 70, 70, 70, 70, 70, 70, 70, 70, 70, 70, 70, 70, 70, 70, 70


AGENTE: GR POWER COLOMBIA
CENTROSOLAR1 , D, 0, 0, 0, 0, 0, 0, 2.6, 7.97, 9.28, 9.88, 9.9, 9.9, 9.9, 9.9, 9.9, 9.33, 8.29, 2.86, 0, 0, 0, 0, 0, 0
CENTROSOLAR1 , INVD, 8, 8, 8, 8, 8, 8, 8, 8, 8, 8, 8, 8, 8, 8, 8, 8, 8, 8, 8, 8, 8, 8, 8, 8


AGENTE: GREENYELLOW
CAIMANCIENAGUERO1 , D, 0, 0, 0, 0, 0, 0.01, 0.03, 0.24, 0.36, 0.51, 0.63, 0.54, 0.61, 0.2, 0.1, 0, 0, 0, 0, 0, 0, 0, 0, 0
CAIMANCIENAGUERO1 , INVD, 49, 49, 49, 49, 49, 49, 49, 49, 49, 49, 49, 49, 49, 49, 49, 49, 49, 49, 49, 49, 49, 49, 49, 49
GDFINCAISABELLOPEZ1 , D, 0, 0, 0, 0, 0, 0, 0.01, 0.04, 0.07, 0.12, 0.08, 0.07, 0.06, 0.05, 0.02, 0, 0, 0, 0, 0, 0, 0, 0, 0
GDFINCAISABELLOPEZ1 , INVD, 3, 3, 3, 3, 3, 3, 3, 3, 3, 3, 3, 3, 3, 3, 3, 3, 3, 3, 3, 3, 3, 3, 3, 3
GDFINCAJM1 , D, 0, 0, 0, 0, 0, 0, 0.01, 0.04, 0.07, 0.12, 0.08, 0.07, 0.06, 0.05, 0.02, 0, 0, 0, 0, 0, 0, 0, 0, 0
GDFINCAJM1 , INVD, 3, 3, 3, 3, 3, 3, 3, 3, 3, 3, 3, 3, 3, 3, 3, 3, 3, 3, 3, 3, 3, 3, 3, 3
GYSOLARAURORA1 , D, 0, 0, 0, 0, 0, 0.01, 0.03, 0.24, 0.36, 0.51, 0.63, 0.54, 0.61, 0.2, 0.1, 0, 0, 0, 0, 0, 0, 0, 0, 0
GYSOLARAURORA1 , INVD, 57, 57, 57, 57, 57, 57, 57, 57, 57, 57, 57, 57, 57, 57, 57, 57, 57, 57, 57, 57, 57, 57, 57, 57
JEQUES1 , D, 0, 0, 0, 0, 0, 0.01, 0.03, 0.24, 0.36, 0.51, 0.63, 0.54, 0.61, 0.2, 0.1, 0, 0, 0, 0, 0, 0, 0, 0, 0
JEQUES1 , INVD, 34, 34, 34, 34, 34, 34, 34, 34, 34, 34, 34, 34, 34, 34, 34, 34, 34, 34, 34, 34, 34, 34, 34, 34
PARQUESOLARDINAMARCA1 , D, 0, 0, 0, 0, 0, 0.01, 0.03, 0.24, 0.36, 0.51, 0.63, 0.54, 0.61, 0.2, 0.1, 0, 0, 0, 0, 0, 0, 0, 0, 0
PARQUESOLARDINAMARCA1 , INVD, 49, 49, 49, 49, 49, 49, 49, 49, 49, 49, 49, 49, 49, 49, 49, 49, 49, 49, 49, 49, 49, 49, 49, 49
PARQUESOLARLAMENA1 , D, 0, 0, 0, 0, 0, 0.01, 0.03, 0.24, 0.36, 0.51, 0.63, 0.54, 0.61, 0.2, 0.1, 0, 0, 0, 0, 0, 0, 0, 0, 0
PARQUESOLARLAMENA1 , INVD, 49, 49, 49, 49, 49, 49, 49, 49, 49, 49, 49, 49, 49, 49, 49, 49, 49, 49, 49, 49, 49, 49, 49, 49
PARQUESOLARVERSALLES1 , D, 0, 0, 0, 0, 0, 0.01, 0.03, 0.24, 0.36, 0.51, 0.63, 0.54, 0.61, 0.2, 0.1, 0, 0, 0, 0, 0, 0, 0, 0, 0
PARQUESOLARVERSALLES1 , INVD, 49, 49, 49, 49, 49, 49, 49, 49, 49, 49, 49, 49, 49, 49, 49, 49, 49, 49, 49, 49, 49, 49, 49, 49
SOLARALEJANDRIA1 , D, 0, 0, 0, 0, 0, 0.01, 0.03, 0.24, 0.36, 0.51, 0.63, 0.54, 0.61, 0.2, 0.1, 0, 0, 0, 0, 0, 0, 0, 0, 0
SOLARALEJANDRIA1 , INVD, 33, 33, 33, 33, 33, 33, 33, 33, 33, 33, 33, 33, 33, 33, 33, 33, 33, 33, 33, 33, 33, 33, 33, 33


AGENTE: HIDROBARRANCAS
HIDROBARRANCAS1 , D, 3.1, 3.1, 3.1, 3.1, 3.1, 3.1, 3.1, 3.1, 3.1, 3.1, 3.1, 3.1, 3.1, 3.1, 3.1, 3.1, 3.1, 3.1, 3.1, 3.1, 3.1, 3.1, 3.1, 3.1


AGENTE: HIDRALPOR SAS ESP
CARLOSLLERAS , P, 89000
CARLOSLLERAS1 , D, 39, 39, 39, 39, 39, 39, 39, 39, 39, 39, 39, 39, 39, 39, 39, 39, 39, 39, 39, 39, 39, 39, 39, 39
CARLOSLLERAS2 , D, 39, 39, 39, 39, 39, 39, 39, 39, 39, 39, 39, 39, 39, 39, 39, 39, 39, 39, 39, 39, 39, 39, 39, 39
ESCUELADEMINAS , P, 89000
ESCUELADEMINAS1 , D, 19, 19, 19, 19, 19, 19, 19, 19, 19, 19, 19, 19, 19, 19, 19, 19, 19, 19, 19, 19, 19, 19, 19, 19
ESCUELADEMINAS2 , D, 18, 18, 18, 18, 18, 18, 18, 18, 18, 18, 18, 18, 18, 18, 18, 18, 18, 18, 18, 18, 18, 18, 18, 18
ESCUELADEMINAS3 , D, 18, 18, 18, 18, 18, 18, 18, 18, 18, 18, 18, 18, 18, 18, 18, 18, 18, 18, 18, 18, 18, 18, 18, 18


AGENTE: HIDROMONT
LACHORRERA1 , D, 7, 7, 7, 7, 7, 7, 7, 7, 7, 7, 7, 7, 7, 7, 7, 7, 7, 7, 7, 7, 7, 7, 7, 7
LACHORRERA2 , D, 7, 7, 7, 7, 7, 7, 7, 7, 7, 7, 7, 7, 7, 7, 7, 7, 7, 7, 7, 7, 7, 7, 7, 7


AGENTE: HIDROTOLIMA
MIROLINDO1 , D, 2.63, 2.63, 2.63, 2.63, 2.63, 2.63, 2.63, 2.63, 2.63, 2.63, 2.63, 2.63, 2.63, 2.63, 2.63, 2.63, 2.63, 2.63, 2.63, 2.63, 2.63, 2.63, 2.63, 2.63
PASTALES1 , D, 0.65, 0.65, 0.65, 0.65, 0.65, 0.65, 0.65, 0.65, 0.65, 0.65, 0.65, 0.65, 0.65, 0.65, 0.65, 0.65, 0.65, 0.65, 0.65, 0.65, 0.65, 0.65, 0.65, 0.65
RIORECIO1 , D, 0.52, 0.52, 0.52, 0.52, 0.52, 0.52, 0.52, 0.52, 0.52, 0.52, 0.52, 0.52, 0.52, 0.52, 0.52, 0.52, 0.52, 0.52, 0.52, 0.52, 0.52, 0.52, 0.52, 0.52
SANTIAGO1 , D, 0.96, 0.96, 0.96, 0.96, 0.96, 0.96, 0.96, 0.96, 0.96, 0.96, 0.96, 0.96, 0.96, 0.96, 0.96, 0.96, 0.96, 0.96, 0.96, 0.96, 0.96, 0.96, 0.96, 0.96
VENTANAA1 , D, 0, 0, 0, 0, 0, 0, 0, 0, 0, 0, 0, 0, 0, 0, 0, 0, 0, 0, 0, 0, 0, 0, 0, 0
VENTANAB1 , D, 2.5, 2.5, 2.5, 2.5, 2.5, 2.5, 2.5, 2.5, 2.5, 2.5, 2.5, 2.5, 2.5, 2.5, 2.5, 2.5, 2.5, 2.5, 2.5, 2.5, 2.5, 2.5, 2.5, 2.5


AGENTE: HZ ENERGY
AMALFI1 , D, 0.3, 0.3, 0.3, 0.3, 0.3, 0.3, 0.3, 0.3, 0.3, 0.3, 0.3, 0.3, 0.3, 0.3, 0.3, 0.3, 0.3, 0.3, 0.3, 0.3, 0.3, 0.3, 0.3, 0.3
LAREBUSCA1 , D, 0.65, 0.65, 0.65, 0.65, 0.65, 0.65, 0.65, 0.65, 0.65, 0.65, 0.65, 0.65, 0.65, 0.65, 0.65, 0.65, 0.65, 0.65, 0.65, 0.65, 0.65, 0.65, 0.65, 0.65
PROVIDENCIA1 , D, 0.65, 0.65, 0.65, 0.65, 0.65, 0.65, 0.89, 0, 0, 0, 1.14, 0, 4.39, 4.9, 4.9, 1.9, 0, 0.65, 0.65, 0.65, 0.65, 0.65, 0.65, 0.65


AGENTE: IAC ENERGY
LANAVETA1 , D, 3, 3, 3, 3, 3, 3, 3, 3, 3, 3, 3, 3, 3, 3, 3, 3, 3, 3, 3, 3, 3, 3, 3, 3


AGENTE: ISAGEN
AMOYALAESPERANZA , P, 103860
AMOYALAESPERANZA1 , D, 38, 38, 38, 38, 38, 38, 38, 38, 38, 38, 38, 38, 38, 38, 38, 38, 38, 38, 38, 38, 38, 38, 38, 38
AMOYALAESPERANZA2 , D, 37, 37, 37, 37, 37, 37, 37, 37, 37, 37, 37, 37, 37, 37, 37, 37, 37, 37, 37, 37, 37, 37, 37, 37
BARROSO1 , D, 6.26, 6.26, 6.26, 6.26, 6.26, 6.26, 6.26, 6.26, 6.26, 6.26, 6.26, 6.26, 6.26, 6.26, 6.26, 6.26, 6.26, 6.26, 6.26, 6.26, 6.26, 6.26, 6.26, 6.26
BARROSO2 , D, 6.26, 6.26, 6.26, 6.26, 6.26, 6.26, 6.26, 6.26, 6.26, 6.26, 6.26, 6.26, 6.26, 6.26, 6.26, 6.26, 6.26, 6.26, 6.26, 6.26, 6.26, 6.26, 6.26, 6.26
BOSQUESSOLARESDELOSLLANOS41 , D, 0, 0, 0, 0, 0, 0, 2.02, 5.5, 9.26, 10.1, 12.14, 14.58, 13.41, 11.9, 12.22, 10.82, 6.46, 0, 0, 0, 0, 0, 0, 0
BOSQUESSOLARESDELOSLLANOS41 , INVD, 121, 121, 121, 121, 121, 121, 121, 121, 121, 121, 121, 121, 121, 121, 121, 121, 121, 121, 121, 121, 121, 121, 121, 121
BOSQUESSOLARESDELOSLLANOS51 , D, 0, 0, 0, 0, 0, 0, 0, 4.53, 7.44, 10.13, 10.98, 12.35, 12.35, 11.3, 10.2, 8.89, 6.36, 0, 0, 0, 0, 0, 0, 0
BOSQUESSOLARESDELOSLLANOS51 , INVD, 111, 111, 111, 111, 111, 111, 111, 111, 111, 111, 111, 111, 111, 111, 111, 111, 111, 111, 111, 111, 111, 111, 111, 111
BSB5001 , D, 0, 0, 0, 0, 0, 0, 2.22, 10.51, 14.96, 17.16, 17.55, 16.66, 16.94, 15.75, 14.48, 10.55, 7, 2.5, 0, 0, 0, 0, 0, 0
BSB5001 , INVD, 77, 77, 77, 77, 77, 77, 77, 77, 77, 77, 77, 77, 77, 77, 77, 77, 77, 77, 77, 77, 77, 77, 77, 77
BSB5011 , D, 0, 0, 0, 0, 0, 0, 2.22, 10.51, 14.96, 17.16, 17.55, 16.66, 16.94, 15.75, 14.48, 10.55, 7, 2.5, 0, 0, 0, 0, 0, 0
BSB5011 , INVD, 77, 77, 77, 77, 77, 77, 77, 77, 77, 77, 77, 77, 77, 77, 77, 77, 77, 77, 77, 77, 77, 77, 77, 77
BSB5021 , D, 0, 0, 0, 0, 0, 0, 2.22, 10.51, 14.96, 17.16, 17.55, 16.66, 16.94, 15.75, 14.48, 10.55, 7, 2.5, 0, 0, 0, 0, 0, 0
BSB5021 , INVD, 77, 77, 77, 77, 77, 77, 77, 77, 77, 77, 77, 77, 77, 77, 77, 77, 77, 77, 77, 77, 77, 77, 77, 77
BSB5031 , D, 0, 0, 0, 0, 0, 0, 2.22, 10.51, 14.96, 17.16, 17.55, 16.66, 16.94, 15.75, 14.48, 10.55, 7, 2.5, 0, 0, 0, 0, 0, 0
BSB5031 , INVD, 77, 77, 77, 77, 77, 77, 77, 77, 77, 77, 77, 77, 77, 77, 77, 77, 77, 77, 77, 77, 77, 77, 77, 77
BSB5041 , D, 0, 0, 0, 0, 0, 0, 2.22, 10.51, 14.96, 17.16, 17.55, 16.66, 16.94, 15.75, 14.48, 10.55, 7, 2.5, 0, 0, 0, 0, 0, 0
BSB5041 , INVD, 77, 77, 77, 77, 77, 77, 77, 77, 77, 77, 77, 77, 77, 77, 77, 77, 77, 77, 77, 77, 77, 77, 77, 77
CALDERAS1 , D, 3.4, 3.4, 3.4, 3.4, 3.4, 3.4, 5.2, 5.2, 3.4, 3.4, 3.4, 7.52, 7.52, 3.4, 3.4, 3.4, 3.4, 9.95, 9.95, 9.95, 3.4, 3.4, 3.4, 3.4
CALDERAS2 , D, 3.4, 3.4, 3.4, 3.4, 3.4, 3.4, 5.2, 5.2, 3.4, 3.4, 3.4, 7.52, 7.52, 3.4, 3.4, 3.4, 3.4, 9.95, 9.95, 9.95, 3.4, 3.4, 3.4, 3.4
CARUQUIA1 , D, 9.5, 9.5, 9.5, 9.5, 9.5, 9.5, 9.5, 9.5, 9.5, 9.5, 9.5, 9.5, 9.5, 9.5, 9.5, 9.5, 9.5, 9.5, 9.5, 9.5, 9.5, 9.5, 9.5, 9.5
ELMOLINO1 , D, 6.43, 6.43, 6.43, 6.43, 6.43, 6.43, 6.43, 6.43, 6.43, 6.43, 6.43, 6.43, 6.43, 6.43, 6.43, 6.43, 6.43, 6.43, 6.43, 6.43, 6.43, 6.43, 6.43, 6.43
ELMOLINO2 , D, 6.43, 6.43, 6.43, 6.43, 6.43, 6.43, 6.43, 6.43, 6.43, 6.43, 6.43, 6.43, 6.43, 6.43, 6.43, 6.43, 6.43, 6.43, 6.43, 6.43, 6.43, 6.43, 6.43, 6.43
ELPOPAL1 , D, 7.2, 7.2, 7.2, 7.2, 7.2, 7.2, 7.2, 7.2, 7.2, 7.2, 7.2, 7.2, 7.2, 7.2, 7.2, 7.2, 7.2, 7.2, 7.2, 7.2, 7.2, 7.2, 7.2, 7.2
ELPOPAL2 , D, 7.2, 7.2, 7.2, 7.2, 7.2, 7.2, 7.2, 7.2, 7.2, 7.2, 7.2, 7.2, 7.2, 7.2, 7.2, 7.2, 7.2, 7.2, 7.2, 7.2, 7.2, 7.2, 7.2, 7.2
GUANAQUITAS1 , D, 0, 0, 0, 0, 0, 0, 0, 0, 0, 0, 0, 0, 0, 0, 0, 0, 0, 0, 0, 0, 0, 0, 0, 0
JAGUAS , P, 96431
JAGUAS1 , D, 85, 85, 85, 85, 85, 85, 85, 85, 85, 85, 85, 85, 85, 85, 85, 85, 85, 85, 85, 85, 85, 85, 85, 85
JAGUAS2 , D, 85, 85, 85, 85, 85, 85, 85, 85, 85, 85, 85, 85, 85, 85, 85, 85, 85, 85, 85, 85, 85, 85, 85, 85
JAGUAS1 , AGCU, 70, 70, 70, 70, 70, 70, 70, 70, 70, 70, 70, 70, 70, 70, 70, 70, 70, 70, 70, 70, 70, 70, 70, 70
JAGUAS2 , AGCU, 70, 70, 70, 70, 70, 70, 70, 70, 70, 70, 70, 70, 70, 70, 70, 70, 70, 70, 70, 70, 70, 70, 70, 70
JAGUAS , AGCP, 140, 140, 140, 140, 140, 140, 140, 140, 140, 140, 140, 140, 140, 140, 140, 140, 140, 140, 140, 140, 140, 140, 140, 140
LUZMAI1 , D, 8.41, 8.41, 8.41, 8.41, 8.41, 8.41, 8.41, 8.41, 8.41, 8.41, 8.41, 8.41, 8.41, 8.41, 8.41, 8.41, 8.41, 8.41, 8.41, 8.41, 8.41, 8.41, 8.41, 8.41
LUZMAI2 , D, 8.41, 8.41, 8.41, 8.41, 8.41, 8.41, 8.41, 8.41, 8.41, 8.41, 8.41, 8.41, 8.41, 8.41, 8.41, 8.41, 8.41, 8.41, 8.41, 8.41, 8.41, 8.41, 8.41, 8.41
LUZMAII1 , D, 8.18, 8.18, 8.18, 8.18, 8.18, 8.18, 8.18, 8.18, 8.18, 8.18, 8.18, 8.18, 8.18, 8.18, 8.18, 8.18, 8.18, 8.18, 8.18, 8.18, 8.18, 8.18, 8.18, 8.18
LUZMAII2 , D, 8.18, 8.18, 8.18, 8.18, 8.18, 8.18, 8.18, 8.18, 8.18, 8.18, 8.18, 8.18, 8.18, 8.18, 8.18, 8.18, 8.18, 8.18, 8.18, 8.18, 8.18, 8.18, 8.18, 8.18
MIELI , P, 182000
MIELI , MO, 32, 32, 32, 32, 32, 32, 32, 32, 32, 32, 32, 32, 32, 32, 32, 32, 32, 32, 32, 32, 32, 32, 32, 32
MIELI1 , D, 127, 127, 127, 127, 127, 127, 127, 127, 127, 127, 127, 127, 127, 127, 127, 127, 127, 127, 127, 127, 127, 127, 127, 127
MIELI2 , D, 127, 127, 127, 127, 127, 127, 127, 127, 127, 127, 127, 127, 127, 127, 127, 127, 127, 127, 127, 127, 127, 127, 127, 127
MIELI3 , D, 127, 127, 127, 127, 127, 127, 127, 127, 127, 127, 127, 127, 127, 127, 127, 127, 127, 127, 127, 127, 127, 127, 127, 127
MIELI1 , AGCU, 73, 73, 73, 73, 73, 73, 73, 73, 73, 73, 73, 73, 73, 73, 73, 73, 73, 73, 73, 73, 73, 73, 73, 73
MIELI2 , AGCU, 73, 73, 73, 73, 73, 73, 73, 73, 73, 73, 73, 73, 73, 73, 73, 73, 73, 73, 73, 73, 73, 73, 73, 73
MIELI3 , AGCU, 73, 73, 73, 73, 73, 73, 73, 73, 73, 73, 73, 73, 73, 73, 73, 73, 73, 73, 73, 73, 73, 73, 73, 73
MIELI , AGCP, 219, 219, 219, 219, 219, 219, 219, 219, 219, 219, 219, 219, 219, 219, 219, 219, 219, 219, 219, 219, 219, 219, 219, 219
PARQUEEOLICOGUAJIRAI1 , D, 13.93, 13.93, 13.93, 13.93, 13.93, 13.43, 10.89, 13.93, 13.93, 13.93, 13.93, 13.93, 13.93, 13.93, 13.93, 13.93, 13.93, 13.93, 13.93, 13.93, 13.93, 13.93, 13.93, 13.93
PARQUEEOLICOGUAJIRAI1 , INVD, 7, 7, 7, 7, 7, 7, 7, 7, 7, 7, 7, 7, 7, 7, 7, 7, 7, 7, 7, 7, 7, 7, 7, 7
PARQUEEOLICOWESP011 , D, 11.54, 11.58, 11.26, 10.62, 9.2, 7.26, 5.59, 7.33, 9.78, 11.14, 11.76, 11.35, 11.4, 11.45, 11.58, 11.66, 11.66, 11.81, 11.9, 11.75, 11.46, 10.97, 10.24, 9.59
PARQUEEOLICOWESP011 , INVD, 4, 4, 4, 4, 4, 4, 4, 4, 4, 4, 4, 4, 4, 4, 4, 4, 4, 4, 4, 4, 4, 4, 4, 4
SANCARLOS , P, 96431
SANCARLOS1 , D, 0, 0, 0, 0, 0, 0, 0, 0, 155, 155, 155, 155, 155, 155, 155, 155, 155, 155, 155, 155, 155, 155, 155, 155
SANCARLOS2 , D, 155, 155, 155, 155, 155, 155, 155, 155, 155, 155, 155, 155, 155, 155, 155, 155, 155, 155, 155, 155, 155, 155, 155, 155
SANCARLOS3 , D, 0, 0, 0, 0, 0, 0, 0, 0, 0, 0, 0, 0, 0, 0, 0, 0, 0, 0, 0, 0, 0, 0, 0, 0
SANCARLOS4 , D, 155, 155, 155, 155, 155, 155, 155, 155, 155, 155, 155, 155, 155, 155, 155, 155, 155, 155, 155, 155, 155, 155, 155, 155
SANCARLOS5 , D, 155, 155, 155, 155, 155, 155, 155, 155, 155, 155, 155, 155, 155, 155, 155, 155, 155, 155, 155, 155, 155, 155, 155, 155
SANCARLOS6 , D, 155, 155, 155, 155, 155, 155, 155, 155, 155, 155, 155, 155, 155, 155, 155, 155, 155, 155, 155, 155, 155, 155, 155, 155
SANCARLOS7 , D, 155, 155, 155, 155, 155, 155, 155, 155, 155, 155, 155, 155, 155, 155, 155, 155, 155, 155, 155, 155, 155, 155, 155, 155
SANCARLOS8 , D, 155, 155, 155, 155, 155, 155, 155, 155, 155, 155, 155, 155, 155, 155, 155, 155, 155, 155, 155, 155, 155, 155, 155, 155
SANCARLOS2 , AGCU, 130, 130, 130, 130, 130, 130, 130, 130, 130, 130, 130, 130, 130, 130, 130, 130, 130, 130, 130, 130, 130, 130, 130, 130
SANCARLOS3 , AGCU, 0, 0, 0, 0, 0, 0, 0, 0, 0, 0, 0, 0, 0, 0, 0, 0, 0, 0, 0, 0, 0, 0, 0, 0
SANCARLOS4 , AGCU, 130, 130, 130, 130, 130, 130, 130, 130, 130, 130, 130, 130, 130, 130, 130, 130, 130, 130, 130, 130, 130, 130, 130, 130
SANCARLOS5 , AGCU, 130, 130, 130, 130, 130, 130, 130, 130, 130, 130, 130, 130, 130, 130, 130, 130, 130, 130, 130, 130, 130, 130, 130, 130
SANCARLOS6 , AGCU, 130, 130, 130, 130, 130, 130, 130, 130, 130, 130, 130, 130, 130, 130, 130, 130, 130, 130, 130, 130, 130, 130, 130, 130
SANCARLOS7 , AGCU, 130, 130, 130, 130, 130, 130, 130, 130, 130, 130, 130, 130, 130, 130, 130, 130, 130, 130, 130, 130, 130, 130, 130, 130
SANCARLOS8 , AGCU, 130, 130, 130, 130, 130, 130, 130, 130, 130, 130, 130, 130, 130, 130, 130, 130, 130, 130, 130, 130, 130, 130, 130, 130
SANCARLOS , AGCP, 780, 780, 780, 780, 780, 780, 780, 780, 780, 780, 780, 780, 780, 780, 780, 780, 780, 780, 780, 780, 780, 780, 780, 780
SANCARLOS1 , PRU, 0, 0, 0, 0, 0, 0, 0, 0, 5, 5, 5, 5, 5, 5, 5, 5, 5, 0, 0, 0, 0, 0, 0, 0
SANMATIAS1 , D, 6.65, 6.65, 6.65, 6.65, 6.65, 6.65, 6.65, 6.65, 6.65, 6.65, 6.65, 6.65, 6.65, 6.65, 6.65, 6.65, 6.65, 6.65, 6.65, 6.65, 6.65, 6.65, 6.65, 6.65
SANMATIAS2 , D, 6.65, 6.65, 6.65, 6.65, 6.65, 6.65, 6.65, 6.65, 6.65, 6.65, 6.65, 6.65, 6.65, 6.65, 6.65, 6.65, 6.65, 6.65, 6.65, 6.65, 6.65, 6.65, 6.65, 6.65
SANMIGUEL , P, 96431
SANMIGUEL1 , D, 24, 24, 24, 24, 24, 24, 24, 24, 24, 24, 24, 24, 24, 24, 24, 24, 24, 24, 24, 24, 24, 24, 24, 24
SANMIGUEL2 , D, 23, 23, 23, 23, 23, 23, 23, 23, 23, 23, 23, 23, 23, 23, 23, 23, 23, 23, 23, 23, 23, 23, 23, 23
SOGAMOSO , P, 96431
SOGAMOSO , MO, 120, 120, 120, 120, 120, 120, 120, 120, 120, 120, 120, 120, 120, 120, 120, 120, 120, 120, 120, 120, 120, 120, 120, 120
SOGAMOSO1 , D, 273, 273, 273, 273, 273, 273, 273, 273, 273, 273, 273, 273, 273, 273, 273, 273, 273, 273, 273, 273, 273, 273, 273, 273
SOGAMOSO2 , D, 273, 273, 273, 273, 273, 273, 273, 273, 273, 273, 273, 273, 273, 273, 273, 273, 273, 273, 273, 273, 273, 273, 273, 273
SOGAMOSO3 , D, 0, 0, 0, 0, 0, 0, 0, 0, 0, 0, 0, 0, 0, 0, 0, 0, 0, 0, 0, 0, 0, 0, 0, 0
SOGAMOSO1 , AGCU, 153, 153, 153, 153, 153, 153, 153, 153, 153, 153, 153, 153, 153, 153, 153, 153, 153, 153, 153, 153, 153, 153, 153, 153
SOGAMOSO2 , AGCU, 153, 153, 153, 153, 153, 153, 153, 153, 153, 153, 153, 153, 153, 153, 153, 153, 153, 153, 153, 153, 153, 153, 153, 153
SOGAMOSO3 , AGCU, 0, 0, 0, 0, 0, 0, 0, 0, 0, 0, 0, 0, 0, 0, 0, 0, 0, 0, 0, 0, 0, 0, 0, 0
SOGAMOSO , AGCP, 306, 306, 306, 306, 306, 306, 306, 306, 306, 306, 306, 306, 306, 306, 306, 306, 306, 306, 306, 306, 306, 306, 306, 306
TRINA-VATIABSLI1 , D, 0, 0, 0, 0, 0, 0, 2.02, 5.5, 9.26, 10.1, 12.14, 14.58, 13.41, 11.9, 12.22, 10.82, 6.46, 0, 0, 0, 0, 0, 0, 0
TRINA-VATIABSLI1 , INVD, 126, 126, 126, 126, 126, 126, 126, 126, 126, 126, 126, 126, 126, 126, 126, 126, 126, 126, 126, 126, 126, 126, 126, 126
TRINA-VATIABSLII1 , D, 0, 0, 0, 0, 0, 0, 2.02, 5.5, 9.26, 10.1, 12.14, 14.58, 13.41, 11.9, 12.22, 10.82, 6.46, 0, 0, 0, 0, 0, 0, 0
TRINA-VATIABSLII1 , INVD, 126, 126, 126, 126, 126, 126, 126, 126, 126, 126, 126, 126, 126, 126, 126, 126, 126, 126, 126, 126, 126, 126, 126, 126
TRINA-VATIABSLIII1 , D, 0, 0, 0, 0, 0, 0, 2.02, 5.5, 9.26, 10.1, 12.14, 14.58, 13.41, 11.9, 12.22, 10.82, 6.46, 0, 0, 0, 0, 0, 0, 0
TRINA-VATIABSLIII1 , INVD, 126, 126, 126, 126, 126, 126, 126, 126, 126, 126, 126, 126, 126, 126, 126, 126, 126, 126, 126, 126, 126, 126, 126, 126


AGENTE: NITRO ENERGY
AUTOGBIODIANA1 , D, 3, 3, 3, 3, 3, 3, 3, 3, 3, 3, 3, 3, 3, 3, 3, 3, 3, 3, 3, 3, 3, 3, 3, 3
CARTAGENA1 , P, 1734435
CARTAGENA1 , C, COMBUSTOLEO
CARTAGENA1 , PAPT02, 65538024
CARTAGENA1 , PAPC02, 46063679
CARTAGENA1 , PAPF02, 107769601
CARTAGENA1 , PAPF13, 126240496
CARTAGENA1 , PAPT13, 82130033
CARTAGENA1 , PAPT09, 88518245
CARTAGENA1 , PAPF09, 152177383
CARTAGENA1 , PAPC09, 65740365
CARTAGENA1 , PAPC13, 54198636
CARTAGENA1 , PAPUSDT02, 15871
CARTAGENA1 , PAPUSDC02, 11155
CARTAGENA1 , PAPUSDF02, 26098
CARTAGENA1 , PAPUSDF13, 30571
CARTAGENA1 , PAPUSDT13, 19889
CARTAGENA1 , PAPUSDT09, 21436
CARTAGENA1 , PAPUSDF09, 36852
CARTAGENA1 , PAPUSDC09, 15920
CARTAGENA1 , PAPUSDC13, 13125
CARTAGENA1 , CONF, 1
CARTAGENA1 , D, 30, 30, 30, 30, 30, 30, 30, 30, 30, 30, 30, 30, 30, 30, 30, 30, 30, 30, 30, 30, 30, 30, 30, 30
CARTAGENA2 , P, 1732356
CARTAGENA2 , C, COMBUSTOLEO
CARTAGENA2 , PAPT02, 61313627
CARTAGENA2 , PAPF02, 101674577
CARTAGENA2 , PAPT09, 80288312
CARTAGENA2 , PAPC13, 53137376
CARTAGENA2 , PAPT13, 74057017
CARTAGENA2 , PAPF13, 113848107
CARTAGENA2 , PAPC02, 43057462
CARTAGENA2 , PAPC09, 58802940
CARTAGENA2 , PAPF09, 120459309
CARTAGENA2 , PAPUSDT02, 14848
CARTAGENA2 , PAPUSDF02, 24622
CARTAGENA2 , PAPUSDT09, 19443
CARTAGENA2 , PAPUSDC13, 12868
CARTAGENA2 , PAPUSDT13, 17934
CARTAGENA2 , PAPUSDF13, 27570
CARTAGENA2 , PAPUSDC02, 10427
CARTAGENA2 , PAPUSDC09, 14240
CARTAGENA2 , PAPUSDF09, 29171
CARTAGENA2 , CONF, 1
CARTAGENA2 , D, 39, 39, 39, 39, 39, 39, 39, 39, 39, 39, 39, 39, 39, 39, 39, 39, 39, 39, 39, 39, 39, 39, 39, 39
CARTAGENA3 , P, 1463352
CARTAGENA3 , C, COMBUSTOLEO
CARTAGENA3 , PAPC09, 44981771
CARTAGENA3 , PAPF02, 93700667
CARTAGENA3 , PAPT09, 83282141
CARTAGENA3 , PAPT02, 54132566
CARTAGENA3 , PAPC02, 60553814
CARTAGENA3 , PAPF09, 121908735
CARTAGENA3 , PAPUSDC09, 10893
CARTAGENA3 , PAPUSDF02, 22691
CARTAGENA3 , PAPUSDT09, 20168
CARTAGENA3 , PAPUSDT02, 13109
CARTAGENA3 , PAPUSDC02, 14664
CARTAGENA3 , PAPUSDF09, 29522
CARTAGENA3 , CONF, 1
CARTAGENA3 , D, 0, 0, 0, 0, 0, 0, 0, 0, 0, 0, 0, 0, 0, 0, 0, 0, 0, 0, 0, 0, 0, 0, 0, 0
INCAUCA1 , D, 22.5, 22.5, 22.5, 22.5, 22.5, 22.5, 22.5, 22.5, 22.5, 22.5, 22.5, 22.5, 22.5, 22.5, 22.5, 22.5, 22.5, 22.5, 22.5, 22.5, 22.5, 22.5, 22.5, 22.5
INGENIOPROVIDENCIA2 , D, 14, 14, 14, 14, 14, 14, 14, 14, 14, 14, 14, 14, 14, 14, 14, 14, 14, 14, 14, 14, 14, 14, 14, 14
MINIGRANJASANPEDRO1 , D, 0, 0, 0, 0, 0, 0, 0.14, 0.32, 0.32, 0.55, 0.64, 0.73, 0.82, 0.73, 0.64, 0.55, 0.32, 0.14, 0, 0, 0, 0, 0, 0
MINIGRANJASANPEDRO1 , INVD, 11, 11, 11, 11, 11, 11, 11, 11, 11, 11, 11, 11, 11, 11, 11, 11, 11, 11, 11, 11, 11, 11, 11, 11


AGENTE: OPERADORA SHANGRI-LA
SHANGRILA1 , INVD, 28, 28, 28, 28, 28, 28, 28, 28, 28, 28, 28, 28, 28, 28, 28, 28, 28, 28, 28, 28, 28, 28, 28, 28
SHANGRILA1 , D, 0, 0, 0, 0, 0, 0, 0, 0, 0, 0, 0, 0, 0, 0, 0, 0, 0, 0, 0, 0, 0, 0, 0, 0
SHANGRILA1 , PRU, 100, 100, 100, 100, 100, 100, 100, 100, 100, 100, 100, 100, 100, 100, 100, 100, 100, 100, 100, 100, 100, 100, 100, 100


AGENTE: PCH EL COCUYO
ELCOCUYO1 , D, 0.45, 0.45, 0.45, 0.45, 0.45, 0.45, 0.45, 0.45, 0.45, 0.45, 0.45, 0.45, 0.45, 0.45, 0.45, 0.45, 0.45, 0.45, 0.45, 0.45, 0.45, 0.45, 0.45, 0.45
LASVIOLETAS1 , D, 0.45, 0.45, 0.45, 0.45, 0.45, 0.45, 0.45, 0.45, 0.45, 0.45, 0.45, 0.45, 0.45, 0.45, 0.45, 0.45, 0.45, 0.45, 0.45, 0.45, 0.45, 0.45, 0.45, 0


AGENTE: PLSG
LOSGIRASOLES1 , D, 0, 0, 0, 0, 0, 0.51, 3.03, 5.59, 7.73, 9.17, 9.5, 9.5, 8.96, 7.55, 5.57, 3.08, 0.65, 0, 0, 0, 0, 0, 0, 0
LOSGIRASOLES1 , INVD, 48, 48, 48, 48, 48, 48, 48, 48, 48, 48, 48, 48, 48, 48, 48, 48, 48, 48, 48, 48, 48, 48, 48, 48


AGENTE: PCH ALEJANDRÍA
ALEJANDRIA1 , D, 0, 0, 0, 0, 0, 0, 0, 0, 0, 0, 0, 0, 0, 0, 0, 0, 0, 0, 0, 0, 0, 0, 0, 0
ALEJANDRIA2 , D, 5.42, 5.42, 5.42, 5.42, 5.42, 5.42, 5.42, 5.42, 5.42, 5.42, 5.42, 5.42, 5.42, 5.42, 5.42, 5.42, 5.42, 5.42, 5.42, 5.42, 5.42, 5.42, 5.42, 5.42
ALEJANDRIA3 , D, 0.72, 0.67, 0.67, 0.67, 0.67, 0.67, 0.67, 0.67, 0.67, 0.67, 0.67, 0.67, 0.67, 0.67, 0.67, 0.67, 0.67, 0.67, 0.67, 0.67, 0.67, 0.67, 0.67, 0.67


AGENTE: PDS
PORTONDELSOL , P, 86000
PORTONDELSOL1 , INVD, 26, 26, 26, 26, 26, 26, 26, 26, 26, 26, 26, 26, 26, 26, 26, 26, 26, 26, 26, 26, 26, 26, 26, 26
PORTONDELSOL1 , D, 0, 0, 0, 0, 0, 0, 6, 25, 44, 60, 71, 75, 76, 74, 68, 56, 35, 11, 1, 0, 0, 0, 0, 0
PORTONDELSOL1 , PRU, 0, 0, 0, 0, 0, 0, 0, 0, 0, 0, 0, 0, 0, 0, 0, 0, 0, 0, 0, 0, 0, 0, 0, 0


AGENTE: PROELECTRICA
AUTOGGRANCOLOMBIAGOLD1 , D, 0, 0, 0, 0, 0, 0, 0, 0, 0, 0, 0, 0, 0, 0, 0, 0, 0, 0, 0, 0, 0, 0, 0, 0
ELEDEN1 , D, 2, 2, 2, 2, 2, 2, 2, 2, 2, 2, 2, 2, 2, 2, 2, 2, 2, 5, 5, 5, 5, 2, 2, 2
ELEDEN2 , D, 0, 0, 0, 0, 0, 0, 0, 0, 0, 0, 0, 0, 0, 0, 0, 0, 0, 0, 0, 0, 0, 0, 0, 0
GDELROBLE1 , D, 0, 0, 0, 0, 0, 0.06, 0.22, 0.41, 0.6, 0.74, 0.83, 0.85, 0.79, 0.66, 0.48, 0.25, 0.05, 0, 0, 0, 0, 0, 0, 0
GDELROBLE1 , INVD, 0, 0, 0, 0, 0, 5, 5, 5, 5, 5, 5, 5, 5, 5, 5, 5, 5, 0, 0, 0, 0, 0, 0, 0
PROELECTRICA , P, 896830
PROELECTRICA , C, GAS
PROELECTRICA1 , PAPT02, 111556279
PROELECTRICA1 , PAPC02, 98499053
PROELECTRICA1 , PAPF02, 119418695
PROELECTRICA2 , PAPF02, 119418695
PROELECTRICA2 , PAPC02, 98499053
PROELECTRICA2 , PAPT02, 111556279
PROELECTRICA1 , PAPUSDT02, 27015
PROELECTRICA1 , PAPUSDC02, 23853
PROELECTRICA1 , PAPUSDF02, 28919
PROELECTRICA2 , PAPUSDF02, 28919
PROELECTRICA2 , PAPUSDC02, 23853
PROELECTRICA2 , PAPUSDT02, 27015
PROELECTRICA , CONF, 1
PROELECTRICA1 , D, 45, 45, 45, 45, 45, 45, 45, 45, 45, 45, 45, 45, 45, 45, 45, 45, 45, 45, 45, 45, 45, 45, 45, 45
PROELECTRICA2 , D, 45, 45, 45, 45, 45, 45, 45, 45, 45, 45, 45, 45, 45, 45, 45, 45, 45, 45, 45, 45, 45, 45, 45, 45


AGENTE: PROENCA 
COGENERADORPROENCA1 , D, 13, 13, 13, 13, 13, 13, 13, 13, 13, 13, 13, 13, 13, 13, 13, 13, 13, 13, 13, 13, 13, 13, 13, 13
PROENCAII1 , D, 0, 0, 0, 0, 0, 0, 0, 0, 0, 0, 0, 0, 0, 0, 0, 0, 0, 0, 0, 0, 0, 0, 0, 0


AGENTE: REFOENERGY
VILLANUEVA , C, BIOMASA
VILLANUEVA , CONF, 1
VILLANUEVA1 , D, 0, 0, 0, 0, 0, 0, 0, 0, 0, 0, 0, 0, 0, 0, 0, 0, 0, 0, 0, 0, 0, 0, 0, 0
VILLANUEVA1 , PRU, 100, 100, 100, 100, 100, 100, 100, 100, 100, 100, 100, 100, 100, 100, 100, 100, 100, 100, 100, 100, 100, 100, 100, 100


AGENTE: RIO PIEDRAS
AGUAFRESCA1 , D, 5.87, 5.87, 5.87, 5.87, 5.87, 5.87, 5.87, 5.87, 5.87, 5.87, 5.87, 5.87, 5.87, 5.87, 5.87, 5.87, 5.87, 5.87, 5.87, 5.87, 5.87, 5.87, 5.87, 5.87


AGENTE: RIOEN SAS  E.S.P.
CENTRALCASTILLA1 , D, 3, 3, 3, 3, 3, 3, 3, 3, 3, 3, 3, 3, 3, 3, 3, 3, 3, 3, 3, 3, 3, 3, 3, 3
INGENIORIOPAILA1 , D, 16, 16, 16, 16, 16, 16, 16, 16, 16, 16, 16, 16, 16, 16, 16, 16, 16, 16, 16, 16, 16, 16, 16, 16


AGENTE: RISARALDA
MORROAZUL1 , D, 9, 9, 9, 9, 9, 9, 9, 9, 9, 9, 9, 9, 9, 9, 9, 9, 9, 9, 9, 9, 9, 9, 9, 9


AGENTE: SAN BARTOLOME
OIBITA1 , D, 9.5, 9.5, 9.5, 9.5, 9.5, 9.5, 0, 0, 0, 0, 0, 0, 0, 0, 9.5, 9.5, 9.5, 9.5, 9.5, 9.5, 9.5, 9.5, 9.5, 9.5
OIBITA2 , D, 9.5, 9.5, 9.5, 9.5, 9.5, 9.5, 0, 0, 0, 0, 0, 0, 0, 0, 9.5, 9.5, 9.5, 9.5, 9.5, 9.5, 9.5, 9.5, 9.5, 9.5
SANBARTOLOME1 , D, 9.5, 9.5, 9.5, 9.5, 9.5, 9.5, 0, 0, 0, 0, 0, 0, 0, 0, 9.5, 9.5, 9.5, 9.5, 9.5, 9.5, 9.5, 9.5, 9.5, 9.5
SANBARTOLOME2 , D, 9.5, 9.5, 9.5, 9.5, 9.5, 9.5, 0, 0, 0, 0, 0, 0, 0, 0, 9.5, 9.5, 9.5, 9.5, 9.5, 9.5, 9.5, 9.5, 9.5, 9.5


AGENTE: SANTA FE ENERGY
CAUYA1 , D, 0.1, 0.1, 0.1, 0.1, 0.1, 0.1, 0.1, 0.1, 0.1, 0.1, 0.1, 0.1, 0.1, 0.1, 0.1, 0.1, 0.1, 0.1, 0.1, 0.1, 0.1, 0.1, 0.1, 0.1
CAUYA2 , D, 0.1, 0.1, 0.1, 0.1, 0.1, 0.1, 0.1, 0.1, 0.1, 0.1, 0.1, 0.1, 0.1, 0.1, 0.1, 0.1, 0.1, 0.1, 0.1, 0.1, 0.1, 0.1, 0.1, 0.1
LACASCADADEGRANADA1 , D, 0.7, 0.7, 0.7, 0.7, 0.7, 0.7, 0.7, 0.7, 0.7, 0.7, 0.7, 0.7, 0.7, 0.7, 0.7, 0.7, 0.7, 0.7, 0.7, 0.7, 0.7, 0.7, 0.7, 0.7
URRAO1 , D, 0.4, 0.4, 0.4, 0.4, 0.4, 0.4, 0.4, 0.4, 0.4, 0.4, 0.4, 0.4, 0.4, 0.4, 0.4, 0.4, 0.4, 0.4, 0.4, 0.4, 0.4, 0.4, 0.4, 0.4


AGENTE: SIGMA2 SAS ESP
LAFRISOLERA1 , D, 0.29, 0.29, 0.29, 0.29, 0.29, 0.29, 0.29, 0.29, 0.29, 0.29, 0.29, 0.29, 0.29, 0.29, 0.29, 0.29, 0.29, 0.29, 0.29, 0.29, 0.29, 0.29, 0.29, 0.29
SANFRANCISCO(PUTUMAYO)1 , D, 0.35, 0.35, 0.35, 0.35, 0.35, 0.35, 0.35, 0.35, 0.35, 0.35, 0.35, 0.35, 0.35, 0.35, 0.35, 0.35, 0.35, 0.35, 0.35, 0.35, 0.35, 0.35, 0.35, 0.35


AGENTE: SOL DE LAS CIENAGAS
CARACOLII , P, 88000
CARACOLII1 , INVD, 15, 15, 15, 15, 15, 15, 15, 15, 15, 15, 15, 15, 15, 15, 15, 15, 15, 15, 15, 15, 15, 15, 15, 15
CARACOLII1 , D, 0, 0, 0, 0, 0, 0, 3, 11, 20, 26, 30, 31, 28, 24, 19, 14, 8, 2, 0, 0, 0, 0, 0, 0
CARACOLII1 , PRU, 0, 0, 0, 0, 0, 0, 0, 0, 0, 0, 0, 0, 0, 0, 0, 0, 0, 0, 0, 0, 0, 0, 0, 0


AGENTE: SPECTRUM
POCUNE1 , D, 1, 1, 1, 1, 1, 1, 1, 1, 1, 1, 1, 1, 1, 1, 1, 1, 1, 1, 1, 1, 1, 1, 1, 1


AGENTE: SPK LA MATA
LAMATA , P, 87000
LAMATA1 , INVD, 27, 27, 27, 27, 27, 27, 27, 27, 27, 27, 27, 27, 27, 27, 27, 27, 27, 27, 27, 27, 27, 27, 27, 27
LAMATA1 , D, 0, 0, 0, 0, 0, 0, 0, 28, 46, 61, 73, 70, 63, 60, 55, 42, 24, 10, 0, 0, 0, 0, 0, 0


AGENTE: SPK LA UNIÓN
PARQUESOLARLAUNION , P, 87000
PARQUESOLARLAUNION1 , INVD, 32, 32, 32, 32, 32, 32, 32, 32, 32, 32, 32, 32, 32, 32, 32, 32, 32, 32, 32, 32, 32, 32, 32, 32
PARQUESOLARLAUNION1 , D, 0, 0, 0, 0, 0, 0, 10, 28, 48, 65, 72, 74, 79, 85, 77, 66, 35, 17, 0, 0, 0, 0, 0, 0


AGENTE: TEBSA S.A. (E.S.P.)
BARRANQUILLA3 , P, 1219451
BARRANQUILLA3 , C, GAS
BARRANQUILLA3 , PAPC02, 73933134
BARRANQUILLA3 , PAPT02, 105770962
BARRANQUILLA3 , PAPF02, 116338147
BARRANQUILLA3 , PAPUSDC02, 17904
BARRANQUILLA3 , PAPUSDT02, 25614
BARRANQUILLA3 , PAPUSDF02, 28173
BARRANQUILLA3 , CONF, 1
BARRANQUILLA3 , D, 60, 60, 60, 60, 60, 60, 60, 60, 60, 60, 60, 60, 60, 60, 60, 60, 60, 60, 60, 60, 60, 60, 60, 60
BARRANQUILLA4 , P, 1212903
BARRANQUILLA4 , C, GAS
BARRANQUILLA4 , PAPF02, 116338147
BARRANQUILLA4 , PAPT02, 105770962
BARRANQUILLA4 , PAPC02, 73933134
BARRANQUILLA4 , PAPUSDF02, 28173
BARRANQUILLA4 , PAPUSDT02, 25614
BARRANQUILLA4 , PAPUSDC02, 17904
BARRANQUILLA4 , CONF, 1
BARRANQUILLA4 , D, 60, 60, 60, 60, 60, 60, 60, 60, 60, 60, 60, 60, 60, 60, 60, 60, 60, 60, 60, 60, 60, 60, 60, 60
TEBSA11 , PAPC02, 76125856
TEBSA11 , PAPT02, 76125856
TEBSA11 , PAPF02, 76125856
TEBSA12 , PAPC02, 76125856
TEBSA12 , PAPF02, 76125856
TEBSA12 , PAPT02, 76125856
TEBSA13 , PAPT02, 76125856
TEBSA13 , PAPC02, 76125856
TEBSA13 , PAPF02, 76125856
TEBSA14 , PAPC02, 26713217
TEBSA14 , PAPT02, 26713217
TEBSA14 , PAPF02, 36760096
TEBSA21 , PAPF02, 76125856
TEBSA21 , PAPT02, 76125856
TEBSA21 , PAPC02, 76125856
TEBSA22 , PAPC02, 76125856
TEBSA22 , PAPT02, 76125856
TEBSA22 , PAPF02, 76125856
TEBSA24 , PAPF02, 36760096
TEBSA24 , PAPT02, 26713217
TEBSA24 , PAPC02, 26713217
TEBSABCC , P1, 1664260
TEBSABCC , P2, 801793
TEBSABCC , P3, 1856924
TEBSABCC , P4, 819662
TEBSABCC , P5, 1716567
TEBSABCC , P6, 864280
TEBSABCC , P7, 725168
TEBSABCC , P8, 1599399
TEBSABCC , P9, 878339
TEBSABCC , P10, 734349
TEBSA11 , PAPUSDC02, 18435
TEBSA11 , PAPUSDT02, 18435
TEBSA11 , PAPUSDF02, 18435
TEBSA12 , PAPUSDC02, 18435
TEBSA12 , PAPUSDF02, 18435
TEBSA12 , PAPUSDT02, 18435
TEBSA13 , PAPUSDT02, 18435
TEBSA13 , PAPUSDC02, 18435
TEBSA13 , PAPUSDF02, 18435
TEBSA14 , PAPUSDC02, 6469
TEBSA14 , PAPUSDT02, 6469
TEBSA14 , PAPUSDF02, 8902
TEBSA21 , PAPUSDF02, 18435
TEBSA21 , PAPUSDT02, 18435
TEBSA21 , PAPUSDC02, 18435
TEBSA22 , PAPUSDC02, 18435
TEBSA22 , PAPUSDT02, 18435
TEBSA22 , PAPUSDF02, 18435
TEBSA24 , PAPUSDF02, 8902
TEBSA24 , PAPUSDT02, 6469
TEBSA24 , PAPUSDC02, 6469
TEBSABCC , DISCONF1, 182, 182, 182, 182, 182, 182, 182, 182, 182, 182, 182, 182, 182, 182, 182, 182, 182, 182, 182, 182, 182, 182, 182, 182
TEBSABCC , DISCONF2, 319, 319, 319, 319, 319, 319, 319, 319, 319, 319, 319, 319, 319, 319, 319, 319, 319, 319, 319, 319, 319, 319, 319, 319
TEBSABCC , DISCONF3, 276, 276, 276, 276, 276, 276, 276, 276, 276, 276, 276, 276, 276, 276, 276, 276, 276, 276, 276, 276, 276, 276, 276, 276
TEBSABCC , DISCONF4, 436, 436, 436, 436, 436, 436, 436, 436, 436, 436, 436, 436, 436, 436, 436, 436, 436, 436, 436, 436, 436, 436, 436, 436
TEBSABCC , DISCONF5, 370, 370, 370, 370, 370, 370, 370, 370, 370, 370, 370, 370, 370, 370, 370, 370, 370, 370, 370, 370, 370, 370, 370, 370
TEBSABCC , DISCONF6, 530, 530, 530, 530, 530, 530, 530, 530, 530, 530, 530, 530, 530, 530, 530, 530, 530, 530, 530, 530, 530, 530, 530, 530
TEBSABCC , DISCONF7, 642, 642, 642, 642, 642, 642, 642, 642, 642, 642, 642, 642, 642, 642, 642, 642, 642, 642, 642, 642, 642, 642, 642, 642
TEBSABCC , DISCONF8, 464, 464, 464, 464, 464, 464, 464, 464, 464, 464, 464, 464, 464, 464, 464, 464, 464, 464, 464, 464, 464, 464, 464, 464
TEBSABCC , DISCONF9, 624, 624, 624, 624, 624, 624, 624, 624, 624, 624, 624, 624, 624, 624, 624, 624, 624, 624, 624, 624, 624, 624, 624, 624
TEBSABCC , DISCONF10, 791, 791, 791, 791, 791, 791, 791, 791, 791, 791, 791, 791, 791, 791, 791, 791, 791, 791, 791, 791, 791, 791, 791, 791
TEBSA11 , D, 92, 92, 92, 92, 92, 92, 92, 92, 92, 92, 92, 92, 92, 92, 92, 92, 92, 92, 92, 92, 92, 92, 92, 92
TEBSA12 , D, 92, 92, 92, 92, 92, 92, 92, 92, 92, 92, 92, 92, 92, 92, 92, 92, 92, 92, 92, 92, 92, 92, 92, 92
TEBSA13 , D, 92, 92, 92, 92, 92, 92, 92, 92, 92, 92, 92, 92, 92, 92, 92, 92, 92, 92, 92, 92, 92, 92, 92, 92
TEBSA14 , D, 166, 166, 166, 166, 166, 166, 166, 166, 166, 166, 166, 166, 166, 166, 166, 166, 166, 166, 166, 166, 166, 166, 166, 166
TEBSA21 , D, 92, 92, 92, 92, 92, 92, 92, 92, 92, 92, 92, 92, 92, 92, 92, 92, 92, 92, 92, 92, 92, 92, 92, 92
TEBSA22 , D, 92, 92, 92, 92, 92, 92, 92, 92, 92, 92, 92, 92, 92, 92, 92, 92, 92, 92, 92, 92, 92, 92, 92, 92
TEBSA24 , D, 165, 165, 165, 165, 165, 165, 165, 165, 165, 165, 165, 165, 165, 165, 165, 165, 165, 165, 165, 165, 165, 165, 165, 165


AGENTE: TERMOCARIBE
TERMOCARIBEIII , P, 890000
TERMOCARIBEIII , C, GAS
TERMOCARIBEIII1 , PAPC02, 80854042
TERMOCARIBEIII1 , PAPT02, 80854042
TERMOCARIBEIII1 , PAPF02, 80854042
TERMOCARIBEIII1 , PAPC21, 119133765
TERMOCARIBEIII1 , PAPT21, 119133765
TERMOCARIBEIII1 , PAPF21, 119133765
TERMOCARIBEIII1 , PAPUSDC02, 19580
TERMOCARIBEIII1 , PAPUSDT02, 19580
TERMOCARIBEIII1 , PAPUSDF02, 19580
TERMOCARIBEIII1 , PAPUSDC21, 28850
TERMOCARIBEIII1 , PAPUSDT21, 28850
TERMOCARIBEIII1 , PAPUSDF21, 28850
TERMOCARIBEIII , CONF, 2
TERMOCARIBEIII1 , D, 0, 0, 0, 0, 0, 0, 0, 0, 0, 0, 0, 0, 0, 0, 0, 0, 0, 0, 0, 0, 0, 0, 0, 0


AGENTE: TERMO MECHERO MORRO
TERMOMECHERO4 , D, 18.4, 18.4, 18.4, 18.4, 18.4, 18.4, 18.4, 18.4, 18.4, 18.4, 18.4, 18.4, 18.4, 18.4, 18.4, 18.4, 18.4, 18.4, 18.4, 18.4, 18.4, 18.4, 9.3, 9.3
TERMOMECHERO5 , D, 18.4, 18.4, 18.4, 18.4, 18.4, 18.4, 18.4, 18.4, 18.4, 18.4, 18.4, 18.4, 18.4, 18.4, 18.4, 18.4, 18.4, 18.4, 18.4, 18.4, 18.4, 18.4, 18.4, 18.4
TERMOMECHERO6 , D, 18.4, 18.4, 18.4, 18.4, 18.4, 18.4, 18.4, 18.4, 18.4, 18.4, 18.4, 18.4, 18.4, 18.4, 18.4, 18.4, 18.4, 18.4, 18.4, 18.4, 18.4, 18.4, 18.4, 18.4


AGENTE: TERMOCANDELARIA
TERMOCANDELARIACC , P1, 1208142
TERMOCANDELARIACC , P2, 1101199
TERMOCANDELARIACC , P3, 742898
TERMOCANDELARIACC , P4, 710080
TERMOCANDELARIACC1 , PAPT02, 111242443
TERMOCANDELARIACC1 , PAPC02, 111242443
TERMOCANDELARIACC1 , PAPF02, 111242443
TERMOCANDELARIACC2 , PAPF02, 111242443
TERMOCANDELARIACC2 , PAPC02, 111242443
TERMOCANDELARIACC2 , PAPT02, 111242443
TERMOCANDELARIACC3 , PAPT02, 28356727
TERMOCANDELARIACC3 , PAPF02, 33976867
TERMOCANDELARIACC3 , PAPC02, 28356727
TERMOCANDELARIACC1 , PAPUSDT02, 26939
TERMOCANDELARIACC1 , PAPUSDC02, 26939
TERMOCANDELARIACC1 , PAPUSDF02, 26939
TERMOCANDELARIACC2 , PAPUSDF02, 26939
TERMOCANDELARIACC2 , PAPUSDC02, 26939
TERMOCANDELARIACC2 , PAPUSDT02, 26939
TERMOCANDELARIACC3 , PAPUSDT02, 6867
TERMOCANDELARIACC3 , PAPUSDF02, 8228
TERMOCANDELARIACC3 , PAPUSDC02, 6867
TERMOCANDELARIACC , DISCONF1, 179, 179, 179, 179, 179, 179, 179, 179, 179, 179, 179, 179, 179, 179, 179, 179, 179, 179, 179, 179, 179, 179, 179, 179
TERMOCANDELARIACC , DISCONF2, 358, 358, 358, 358, 358, 358, 358, 358, 358, 358, 358, 358, 358, 358, 358, 358, 358, 358, 358, 358, 358, 358, 358, 358
TERMOCANDELARIACC , DISCONF3, 260, 260, 260, 260, 260, 260, 260, 260, 260, 260, 260, 260, 260, 260, 260, 260, 260, 260, 260, 260, 260, 260, 260, 260
TERMOCANDELARIACC , DISCONF4, 555, 555, 555, 555, 555, 555, 555, 555, 555, 555, 555, 555, 555, 555, 555, 555, 555, 555, 555, 555, 555, 555, 555, 555
TERMOCANDELARIACC1 , D, 179, 179, 179, 179, 179, 179, 179, 179, 179, 179, 179, 179, 179, 179, 179, 179, 179, 179, 179, 179, 179, 179, 179, 179
TERMOCANDELARIACC2 , D, 179, 179, 179, 179, 179, 179, 179, 179, 179, 179, 179, 179, 179, 179, 179, 179, 179, 179, 179, 179, 179, 179, 179, 179
TERMOCANDELARIACC3 , D, 197, 197, 197, 197, 197, 197, 197, 197, 197, 197, 197, 197, 197, 197, 197, 197, 197, 197, 197, 197, 197, 197, 197, 197


AGENTE: TERMOEMCALI
TERMOEMCALI1GAS , PAPC02, 182673149
TERMOEMCALI1GAS , PAPC07, 231759564
TERMOEMCALI1GAS , PAPF02, 222154533
TERMOEMCALI1GAS , PAPF07, 272326985
TERMOEMCALI1GAS , PAPT02, 189973964
TERMOEMCALI1GAS , PAPT07, 237953694
TERMOEMCALI1VAPOR , PAPC02, 0
TERMOEMCALI1VAPOR , PAPT02, 0
TERMOEMCALI1VAPOR , PAPF02, 0
TERMOEMCALI1VAPOR , PAPC07, 0
TERMOEMCALI1VAPOR , PAPT07, 0
TERMOEMCALI1VAPOR , PAPF07, 0
TERMOEMCALICC , P2, 1486455
TERMOEMCALICC , P1, 1486455
TERMOEMCALI1GAS , PAPUSDC02, 44237
TERMOEMCALI1GAS , PAPUSDC07, 56124
TERMOEMCALI1GAS , PAPUSDF02, 53798
TERMOEMCALI1GAS , PAPUSDF07, 65948
TERMOEMCALI1GAS , PAPUSDT02, 46005
TERMOEMCALI1GAS , PAPUSDT07, 57624
TERMOEMCALI1VAPOR , PAPUSDC02, 0
TERMOEMCALI1VAPOR , PAPUSDT02, 0
TERMOEMCALI1VAPOR , PAPUSDF02, 0
TERMOEMCALI1VAPOR , PAPUSDC07, 0
TERMOEMCALI1VAPOR , PAPUSDT07, 0
TERMOEMCALI1VAPOR , PAPUSDF07, 0
TERMOEMCALICC , DISCONF1, 0, 0, 0, 0, 0, 0, 0, 0, 0, 0, 0, 0, 0, 0, 0, 0, 0, 0, 0, 0, 0, 0, 0, 0
TERMOEMCALICC , DISCONF2, 213, 213, 213, 213, 213, 213, 213, 213, 213, 213, 213, 213, 213, 213, 213, 213, 213, 213, 213, 213, 213, 213, 213, 213
TERMOEMCALI1GAS , D, 138, 138, 138, 138, 138, 138, 138, 138, 138, 138, 138, 138, 138, 138, 138, 138, 138, 138, 138, 138, 138, 138, 138, 138
TERMOEMCALI1VAPOR , D, 75, 75, 75, 75, 75, 75, 75, 75, 75, 75, 75, 75, 75, 75, 75, 75, 75, 75, 75, 75, 75, 75, 75, 75


AGENTE: TERMONORTE
TERMONORTE , P, 942000
TERMONORTE , C, ACPM
TERMONORTE1 , PAPT07, 18512190
TERMONORTE1 , PAPC09, 11372422
TERMONORTE1 , PAPF07, 18512190
TERMONORTE1 , PAPF09, 11372422
TERMONORTE1 , PAPT09, 11372422
TERMONORTE1 , PAPF02, 5620141
TERMONORTE1 , PAPC07, 18512190
TERMONORTE1 , PAPT02, 5620141
TERMONORTE1 , PAPC02, 5620141
TERMONORTE2 , PAPF02, 5620141
TERMONORTE2 , PAPF09, 11372422
TERMONORTE2 , PAPT07, 18512190
TERMONORTE2 , PAPC07, 18512190
TERMONORTE2 , PAPC02, 5620141
TERMONORTE2 , PAPC09, 11372422
TERMONORTE2 , PAPF07, 18512190
TERMONORTE2 , PAPT02, 5620141
TERMONORTE2 , PAPT09, 11372422
TERMONORTE3 , PAPT02, 5620141
TERMONORTE3 , PAPF07, 18512190
TERMONORTE3 , PAPT07, 18512190
TERMONORTE3 , PAPC09, 11372422
TERMONORTE3 , PAPT09, 11372422
TERMONORTE3 , PAPC02, 5620141
TERMONORTE3 , PAPF09, 11372422
TERMONORTE3 , PAPC07, 18512190
TERMONORTE3 , PAPF02, 5620141
TERMONORTE4 , PAPC09, 11372422
TERMONORTE4 , PAPF09, 11372422
TERMONORTE4 , PAPT09, 11372422
TERMONORTE4 , PAPC02, 5620141
TERMONORTE4 , PAPT02, 5620141
TERMONORTE4 , PAPT07, 18512190
TERMONORTE4 , PAPF07, 18512190
TERMONORTE4 , PAPC07, 18512190
TERMONORTE4 , PAPF02, 5620141
TERMONORTE5 , PAPC07, 18512190
TERMONORTE5 , PAPF02, 5620141
TERMONORTE5 , PAPT07, 18512190
TERMONORTE5 , PAPF07, 18512190
TERMONORTE5 , PAPC09, 11372422
TERMONORTE5 , PAPT09, 11372422
TERMONORTE5 , PAPF09, 11372422
TERMONORTE5 , PAPT02, 5620141
TERMONORTE5 , PAPC02, 5620141
TERMONORTE6 , PAPF09, 11372422
TERMONORTE6 , PAPT07, 18512190
TERMONORTE6 , PAPT09, 11372422
TERMONORTE6 , PAPC09, 11372422
TERMONORTE6 , PAPC07, 18512190
TERMONORTE6 , PAPT02, 5620141
TERMONORTE6 , PAPF07, 18512190
TERMONORTE6 , PAPC02, 5620141
TERMONORTE6 , PAPF02, 5620141
TERMONORTE7 , PAPC02, 5620141
TERMONORTE7 , PAPT02, 5620141
TERMONORTE7 , PAPF02, 5620141
TERMONORTE7 , PAPC07, 18512190
TERMONORTE7 , PAPT07, 18512190
TERMONORTE7 , PAPF07, 18512190
TERMONORTE7 , PAPF09, 11372422
TERMONORTE7 , PAPC09, 11372422
TERMONORTE7 , PAPT09, 11372422
TERMONORTE8 , PAPT09, 11372422
TERMONORTE8 , PAPC09, 11372422
TERMONORTE8 , PAPF09, 11372422
TERMONORTE8 , PAPF02, 5620141
TERMONORTE8 , PAPF07, 18512190
TERMONORTE8 , PAPT02, 5620141
TERMONORTE8 , PAPT07, 18512190
TERMONORTE8 , PAPC07, 18512190
TERMONORTE8 , PAPC02, 5620141
TERMONORTE9 , PAPC02, 5620141
TERMONORTE9 , PAPT02, 5620141
TERMONORTE9 , PAPF09, 11372422
TERMONORTE9 , PAPT09, 11372422
TERMONORTE9 , PAPF02, 5620141
TERMONORTE9 , PAPC07, 18512190
TERMONORTE9 , PAPC09, 11372422
TERMONORTE9 , PAPF07, 18512190
TERMONORTE9 , PAPT07, 18512190
TERMONORTE10 , PAPT02, 5620141
TERMONORTE10 , PAPC02, 5620141
TERMONORTE10 , PAPF02, 5620141
TERMONORTE10 , PAPC07, 18512190
TERMONORTE10 , PAPT07, 18512190
TERMONORTE10 , PAPF07, 18512190
TERMONORTE10 , PAPC09, 11372422
TERMONORTE10 , PAPF09, 11372422
TERMONORTE10 , PAPT09, 11372422
TERMONORTE1 , PAPUSDT07, 4483
TERMONORTE1 , PAPUSDC09, 2754
TERMONORTE1 , PAPUSDF07, 4483
TERMONORTE1 , PAPUSDF09, 2754
TERMONORTE1 , PAPUSDT09, 2754
TERMONORTE1 , PAPUSDF02, 1361
TERMONORTE1 , PAPUSDC07, 4483
TERMONORTE1 , PAPUSDT02, 1361
TERMONORTE1 , PAPUSDC02, 1361
TERMONORTE2 , PAPUSDF02, 1361
TERMONORTE2 , PAPUSDF09, 2754
TERMONORTE2 , PAPUSDT07, 4483
TERMONORTE2 , PAPUSDC07, 4483
TERMONORTE2 , PAPUSDC02, 1361
TERMONORTE2 , PAPUSDC09, 2754
TERMONORTE2 , PAPUSDF07, 4483
TERMONORTE2 , PAPUSDT02, 1361
TERMONORTE2 , PAPUSDT09, 2754
TERMONORTE3 , PAPUSDT02, 1361
TERMONORTE3 , PAPUSDF07, 4483
TERMONORTE3 , PAPUSDT07, 4483
TERMONORTE3 , PAPUSDC09, 2754
TERMONORTE3 , PAPUSDT09, 2754
TERMONORTE3 , PAPUSDC02, 1361
TERMONORTE3 , PAPUSDF09, 2754
TERMONORTE3 , PAPUSDC07, 4483
TERMONORTE3 , PAPUSDF02, 1361
TERMONORTE4 , PAPUSDC09, 2754
TERMONORTE4 , PAPUSDF09, 2754
TERMONORTE4 , PAPUSDT09, 2754
TERMONORTE4 , PAPUSDC02, 1361
TERMONORTE4 , PAPUSDT02, 1361
TERMONORTE4 , PAPUSDT07, 4483
TERMONORTE4 , PAPUSDF07, 4483
TERMONORTE4 , PAPUSDC07, 4483
TERMONORTE4 , PAPUSDF02, 1361
TERMONORTE5 , PAPUSDC07, 4483
TERMONORTE5 , PAPUSDF02, 1361
TERMONORTE5 , PAPUSDT07, 4483
TERMONORTE5 , PAPUSDF07, 4483
TERMONORTE5 , PAPUSDC09, 2754
TERMONORTE5 , PAPUSDT09, 2754
TERMONORTE5 , PAPUSDF09, 2754
TERMONORTE5 , PAPUSDT02, 1361
TERMONORTE5 , PAPUSDC02, 1361
TERMONORTE6 , PAPUSDF09, 2754
TERMONORTE6 , PAPUSDT07, 4483
TERMONORTE6 , PAPUSDT09, 2754
TERMONORTE6 , PAPUSDC09, 2754
TERMONORTE6 , PAPUSDC07, 4483
TERMONORTE6 , PAPUSDT02, 1361
TERMONORTE6 , PAPUSDF07, 4483
TERMONORTE6 , PAPUSDC02, 1361
TERMONORTE6 , PAPUSDF02, 1361
TERMONORTE7 , PAPUSDC02, 1361
TERMONORTE7 , PAPUSDT02, 1361
TERMONORTE7 , PAPUSDF02, 1361
TERMONORTE7 , PAPUSDC07, 4483
TERMONORTE7 , PAPUSDT07, 4483
TERMONORTE7 , PAPUSDF07, 4483
TERMONORTE7 , PAPUSDF09, 2754
TERMONORTE7 , PAPUSDC09, 2754
TERMONORTE7 , PAPUSDT09, 2754
TERMONORTE8 , PAPUSDT09, 2754
TERMONORTE8 , PAPUSDC09, 2754
TERMONORTE8 , PAPUSDF09, 2754
TERMONORTE8 , PAPUSDF02, 1361
TERMONORTE8 , PAPUSDF07, 4483
TERMONORTE8 , PAPUSDT02, 1361
TERMONORTE8 , PAPUSDT07, 4483
TERMONORTE8 , PAPUSDC07, 4483
TERMONORTE8 , PAPUSDC02, 1361
TERMONORTE9 , PAPUSDC02, 1361
TERMONORTE9 , PAPUSDT02, 1361
TERMONORTE9 , PAPUSDF09, 2754
TERMONORTE9 , PAPUSDT09, 2754
TERMONORTE9 , PAPUSDF02, 1361
TERMONORTE9 , PAPUSDC07, 4483
TERMONORTE9 , PAPUSDC09, 2754
TERMONORTE9 , PAPUSDF07, 4483
TERMONORTE9 , PAPUSDT07, 4483
TERMONORTE10 , PAPUSDT02, 1361
TERMONORTE10 , PAPUSDC02, 1361
TERMONORTE10 , PAPUSDF02, 1361
TERMONORTE10 , PAPUSDC07, 4483
TERMONORTE10 , PAPUSDT07, 4483
TERMONORTE10 , PAPUSDF07, 4483
TERMONORTE10 , PAPUSDC09, 2754
TERMONORTE10 , PAPUSDF09, 2754
TERMONORTE10 , PAPUSDT09, 2754
TERMONORTE , CONF, 4
TERMONORTE1 , D, 9, 9, 9, 9, 9, 9, 9, 9, 9, 9, 9, 9, 9, 9, 9, 9, 9, 9, 9, 9, 9, 9, 9, 9
TERMONORTE2 , D, 9, 9, 9, 9, 9, 9, 9, 9, 9, 9, 9, 9, 9, 9, 9, 9, 9, 9, 9, 9, 9, 9, 9, 9
TERMONORTE3 , D, 9, 9, 9, 9, 9, 9, 9, 9, 9, 9, 9, 9, 9, 9, 9, 9, 9, 9, 9, 9, 9, 9, 9, 9
TERMONORTE4 , D, 9, 9, 9, 9, 9, 9, 9, 9, 9, 9, 9, 9, 9, 9, 9, 9, 9, 9, 9, 9, 9, 9, 9, 9
TERMONORTE5 , D, 9, 9, 9, 9, 9, 9, 9, 9, 9, 9, 9, 9, 9, 9, 9, 9, 9, 9, 9, 9, 9, 9, 9, 9
TERMONORTE6 , D, 0, 0, 0, 0, 0, 0, 0, 0, 0, 0, 0, 0, 0, 0, 0, 0, 0, 0, 0, 0, 0, 0, 0, 0
TERMONORTE7 , D, 9, 9, 9, 9, 9, 9, 9, 9, 9, 9, 9, 9, 9, 9, 9, 9, 9, 9, 9, 9, 9, 9, 9, 9
TERMONORTE8 , D, 9, 9, 9, 9, 9, 9, 9, 9, 9, 9, 9, 9, 9, 9, 9, 9, 9, 9, 9, 9, 9, 9, 9, 9
TERMONORTE9 , D, 9, 9, 9, 9, 9, 9, 9, 9, 9, 9, 9, 9, 9, 9, 9, 9, 9, 9, 9, 9, 9, 9, 9, 9
TERMONORTE10 , D, 8, 8, 8, 8, 8, 8, 8, 8, 8, 8, 8, 8, 8, 8, 8, 8, 8, 8, 8, 8, 8, 8, 8, 8


AGENTE: TERMOPIEDRAS S.A.
AUTOGTURGAS1 , D, 3.5, 3.5, 3.5, 3.5, 3.5, 3.5, 3.5, 3.5, 3.5, 3.5, 3.5, 3.5, 3.5, 3.5, 3.5, 3.5, 3.5, 3.5, 3.5, 3.5, 3.5, 3.5, 3.5, 3.5
TERMOPIEDRAS1 , D, 3.75, 3.75, 3.75, 3.75, 3.75, 3.75, 3.75, 3.75, 3.75, 3.75, 3.75, 3.75, 3.75, 3.75, 3.75, 3.75, 3.75, 3.75, 3.75, 3.75, 3.75, 3.75, 3.75, 3.75


AGENTE: TERMOTASAJERO DOS
TASAJERO2 , P, 345000
TASAJERO2 , C, CARBON
TASAJERO2 , PAPC01, 89249153
TASAJERO2 , PAPF01, 149406542
TASAJERO2 , PAPT01, 117457220
TASAJERO2 , PAPUSDC01, 21613
TASAJERO2 , PAPUSDF01, 36181
TASAJERO2 , PAPUSDT01, 28444
TASAJERO2 , CONF, 1
TASAJERO2 , D, 0, 0, 0, 0, 0, 0, 0, 0, 0, 0, 0, 0, 0, 0, 0, 0, 0, 0, 0, 0, 0, 0, 0, 0
TERMOTASAJERODOSSOLAR1 , D, 0, 0, 0, 0, 0, 0, 0.3, 0.5, 1.7, 2.7, 3.4, 3.4, 3.4, 3.4, 2.7, 1.7, 0.4, 0.2, 0, 0, 0, 0, 0, 0
TERMOTASAJERODOSSOLAR1 , INVD, 21, 21, 21, 21, 21, 21, 21, 21, 21, 21, 21, 21, 21, 21, 21, 21, 21, 21, 21, 21, 21, 21, 21, 21


AGENTE: TERMOTASAJERO
TASAJERO1 , P, 287000
TASAJERO1 , C, CARBON
TASAJERO1 , PAPC01, 43437368
TASAJERO1 , PAPF01, 160498164
TASAJERO1 , PAPT01, 88381975
TASAJERO1 , PAPUSDC01, 10519
TASAJERO1 , PAPUSDF01, 38867
TASAJERO1 , PAPUSDT01, 21403
TASAJERO1 , CONF, 1
TASAJERO1 , D, 165, 165, 165, 165, 165, 165, 165, 165, 165, 165, 165, 165, 165, 165, 165, 165, 165, 165, 165, 165, 165, 165, 165, 165


AGENTE: TERMOYOPAL
TERMOYOPAL1 , P, 898000
TERMOYOPAL1 , C, GAS
TERMOYOPAL1 , PAPC02, 4009667
TERMOYOPAL1 , PAPT02, 4009667
TERMOYOPAL1 , PAPF02, 4009667
TERMOYOPAL1 , PAPUSDC02, 971
TERMOYOPAL1 , PAPUSDT02, 971
TERMOYOPAL1 , PAPUSDF02, 971
TERMOYOPAL1 , CONF, 1
TERMOYOPAL1 , D, 8, 8, 8, 8, 8, 8, 8, 8, 8, 8, 8, 8, 8, 8, 8, 8, 8, 8, 8, 8, 8, 8, 8, 8
TERMOYOPAL2 , P, 93000
TERMOYOPAL2 , C, GAS
TERMOYOPAL2 , PAPC02, 2667605
TERMOYOPAL2 , PAPF02, 2667605
TERMOYOPAL2 , PAPT02, 2667605
TERMOYOPAL2 , PAPUSDC02, 646
TERMOYOPAL2 , PAPUSDF02, 646
TERMOYOPAL2 , PAPUSDT02, 646
TERMOYOPAL2 , CONF, 1
TERMOYOPAL2 , D, 28, 28, 28, 28, 28, 28, 22, 22, 22, 22, 22, 22, 22, 22, 22, 22, 22, 22, 22, 22, 22, 28, 28, 28
TERMOYOPAL2 , PRU, 21, 21, 21, 21, 21, 21, 0, 0, 0, 0, 0, 0, 0, 0, 0, 0, 0, 0, 0, 0, 0, 0, 0, 0
TERMOYOPALG3 , P, 93000
TERMOYOPALG3 , C, GAS
TERMOYOPALG3 , PAPT02, 2473523
TERMOYOPALG3 , PAPF02, 2473523
TERMOYOPALG3 , PAPC02, 2473523
TERMOYOPALG3 , PAPUSDT02, 599
TERMOYOPALG3 , PAPUSDF02, 599
TERMOYOPALG3 , PAPUSDC02, 599
TERMOYOPALG3 , CONF, 1
TERMOYOPALG3 , D, 50, 50, 50, 50, 50, 50, 50, 46, 46, 46, 46, 46, 46, 46, 46, 46, 46, 49, 50, 50, 50, 50, 50, 50
TERMOYOPALG4 , P, 898000
TERMOYOPALG4 , C, GAS
TERMOYOPALG4 , PAPF02, 2473523
TERMOYOPALG4 , PAPT02, 2473523
TERMOYOPALG4 , PAPC02, 2473523
TERMOYOPALG4 , PAPUSDF02, 599
TERMOYOPALG4 , PAPUSDT02, 599
TERMOYOPALG4 , PAPUSDC02, 599
TERMOYOPALG4 , CONF, 1
TERMOYOPALG4 , D, 0, 0, 0, 0, 0, 0, 0, 0, 0, 0, 0, 0, 0, 0, 0, 0, 0, 0, 0, 0, 0, 0, 0, 0
TERMOYOPALG5 , P, 94500
TERMOYOPALG5 , C, GAS
TERMOYOPALG5 , PAPC02, 2473523
TERMOYOPALG5 , PAPT02, 2473523
TERMOYOPALG5 , PAPF02, 2473523
TERMOYOPALG5 , PAPUSDC02, 599
TERMOYOPALG5 , PAPUSDT02, 599
TERMOYOPALG5 , PAPUSDF02, 599
TERMOYOPALG5 , CONF, 1
TERMOYOPALG5 , D, 0, 0, 0, 0, 0, 0, 0, 0, 0, 0, 0, 0, 0, 0, 0, 0, 0, 0, 0, 0, 0, 0, 0, 0


AGENTE: UNERGY
BARAYA1 , D, 0, 0, 0, 0, 0, 0.01, 0.3, 0.6, 0.6, 0.7, 0.7, 0.8, 0.7, 0.7, 0.7, 0.3, 0.01, 0.05, 0, 0, 0, 0, 0, 0
BARAYA1 , INVD, 0, 0, 0, 0, 0, 11, 11, 11, 11, 11, 11, 11, 11, 11, 11, 11, 11, 11, 0, 0, 0, 0, 0, 0
CANAHUATE1 , D, 0, 0, 0, 0, 0, 0.01, 0.3, 0.6, 0.6, 0.7, 0.7, 0.8, 0.7, 0.7, 0.7, 0.3, 0.01, 0.05, 0, 0, 0, 0, 0, 0
CANAHUATE1 , INVD, 0, 0, 0, 0, 0, 5, 5, 5, 5, 5, 5, 5, 5, 5, 5, 5, 5, 5, 0, 0, 0, 0, 0, 0
DELTAI1 , D, 0, 0, 0, 0, 0, 0.01, 0.3, 0.6, 0.6, 0.7, 0.7, 0.8, 0.7, 0.7, 0.7, 0.3, 0.1, 0.05, 0, 0, 0, 0, 0, 0
DELTAI1 , INVD, 0, 0, 0, 0, 0, 6, 6, 6, 6, 6, 6, 6, 6, 6, 6, 6, 6, 6, 0, 0, 0, 0, 0, 0
GANDALF1 , D, 0, 0, 0, 0, 0, 0.01, 0.3, 0.6, 0.6, 0.7, 0.7, 0.8, 0.7, 0.7, 0.7, 0.3, 0.01, 0.05, 0, 0, 0, 0, 0, 0
GANDALF1 , INVD, 0, 0, 0, 0, 0, 5, 5, 5, 5, 5, 5, 5, 5, 5, 5, 5, 5, 5, 0, 0, 0, 0, 0, 0
GDNAOSI1 , D, 0, 0, 0, 0, 0, 0.01, 0.3, 0.6, 0.6, 0.7, 0.7, 0.8, 0.7, 0.7, 0.7, 0.3, 0.01, 0.05, 0, 0, 0, 0, 0, 0
GDNAOSI1 , INVD, 0, 0, 0, 0, 0, 4, 4, 4, 4, 4, 4, 4, 4, 4, 4, 4, 4, 4, 0, 0, 0, 0, 0, 0
GDNAOSII1 , D, 0, 0, 0, 0, 0, 0.01, 0.3, 0.6, 0.6, 0.7, 0.7, 0.8, 0.7, 0.7, 0.7, 0.3, 0.1, 0.05, 0, 0, 0, 0, 0, 0
GDNAOSII1 , INVD, 0, 0, 0, 0, 0, 4, 4, 4, 4, 4, 4, 4, 4, 4, 4, 4, 4, 4, 0, 0, 0, 0, 0, 0
GDNAOSIII1 , D, 0, 0, 0, 0, 0, 0.01, 0.3, 0.6, 0.7, 0.7, 0.7, 0.8, 0.7, 0.7, 0.7, 0.3, 0.1, 0.05, 0, 0, 0, 0, 0, 0
GDNAOSIII1 , INVD, 0, 0, 0, 0, 0, 5, 5, 5, 5, 5, 5, 5, 5, 5, 5, 5, 5, 5, 0, 0, 0, 0, 0, 0
LAINGLESA1 , D, 0, 0, 0, 0, 0, 0.01, 0.3, 0.6, 0.6, 0.7, 0.7, 0.8, 0.7, 0.7, 0.7, 0.3, 0.01, 0.05, 0, 0, 0, 0, 0, 0
LAINGLESA1 , INVD, 0, 0, 0, 0, 0, 5, 5, 5, 5, 5, 5, 5, 5, 5, 5, 5, 5, 5, 0, 0, 0, 0, 0, 0
MINIGRANJAELMERENGUE1 , D, 0, 0, 0, 0, 0, 0.01, 0.3, 0.6, 0.6, 0.7, 0.8, 0.9, 0.8, 0.7, 0.7, 0.3, 0.1, 0.05, 0, 0, 0, 0, 0, 0
MINIGRANJAELMERENGUE1 , INVD, 0, 0, 0, 0, 0, 5, 5, 5, 5, 5, 5, 5, 5, 5, 5, 5, 5, 5, 0, 0, 0, 0, 0, 0
MINIGRANJAELMOLINO1 , D, 0, 0, 0, 0, 0, 0.01, 0.3, 0.6, 0.6, 0.7, 0.7, 0.8, 0.7, 0.7, 0.7, 0.3, 0.01, 0.05, 0, 0, 0, 0, 0, 0
MINIGRANJAELMOLINO1 , INVD, 0, 0, 0, 0, 0, 5, 5, 5, 5, 5, 5, 5, 5, 5, 5, 5, 5, 5, 0, 0, 0, 0, 0, 0
MINIGRANJAELOLIMPO1 , D, 0, 0, 0, 0, 0, 0.01, 0.3, 0.6, 0.6, 0.7, 0.7, 0.8, 0.7, 0.7, 0.7, 0.3, 0.1, 0.05, 0, 0, 0, 0, 0, 0
MINIGRANJAELOLIMPO1 , INVD, 0, 0, 0, 0, 0, 5, 5, 5, 5, 5, 5, 5, 5, 5, 5, 5, 5, 5, 0, 0, 0, 0, 0, 0
MINIGRANJAELSON1 , D, 0, 0, 0, 0, 0, 0.01, 0.3, 0.6, 0.6, 0.7, 0.7, 0.8, 0.7, 0.7, 0.7, 0.3, 0.1, 0.05, 0, 0, 0, 0, 0, 0
MINIGRANJAELSON1 , INVD, 0, 0, 0, 0, 0, 5, 5, 5, 5, 5, 5, 5, 5, 5, 5, 5, 5, 5, 0, 0, 0, 0, 0, 0
MINIGRANJAIBIRICO1 , D, 0, 0, 0, 0, 0, 0.01, 0.3, 0.6, 0.6, 0.7, 0.7, 0.8, 0.7, 0.7, 0.7, 0.3, 0.1, 0.05, 0, 0, 0, 0, 0, 0
MINIGRANJAIBIRICO1 , INVD, 0, 0, 0, 0, 0, 5, 5, 5, 5, 5, 5, 5, 5, 5, 5, 5, 5, 5, 0, 0, 0, 0, 0, 0
MINIGRANJALAPAZESMERALDA1 , D, 0, 0, 0, 0, 0, 0.01, 0.3, 0.6, 0.6, 0.7, 0.7, 0.8, 0.7, 0.7, 0.7, 0.3, 0.1, 0.05, 0, 0, 0, 0, 0, 0
MINIGRANJALAPAZESMERALDA1 , INVD, 0, 0, 0, 0, 0, 5, 5, 5, 5, 5, 5, 5, 5, 5, 5, 5, 5, 5, 0, 0, 0, 0, 0, 0
MINIGRANJALAPAZLEYENDA1 , D, 0, 0, 0, 0, 0, 0.01, 0.3, 0.6, 0.6, 0.7, 0.7, 0.8, 0.7, 0.7, 0.7, 0.3, 0.01, 0.05, 0, 0, 0, 0, 0, 0
MINIGRANJALAPAZLEYENDA1 , INVD, 0, 0, 0, 0, 0, 5, 5, 5, 5, 5, 5, 5, 5, 5, 5, 5, 5, 5, 0, 0, 0, 0, 0, 0
MINIGRANJALAPAZVALLENATA1 , D, 0, 0, 0, 0, 0, 0.01, 0.3, 0.6, 0.6, 0.7, 0.7, 0.8, 0.7, 0.7, 0.7, 0.3, 0.01, 0.05, 0, 0, 0, 0, 0, 0
MINIGRANJALAPAZVALLENATA1 , INVD, 0, 0, 0, 0, 0, 5, 5, 5, 5, 5, 5, 5, 5, 5, 5, 5, 5, 5, 0, 0, 0, 0, 0, 0
MINIGRANJALAPAZVERSO1 , D, 0, 0, 0, 0, 0, 0.01, 0.3, 0.6, 0.6, 0.7, 0.7, 0.8, 0.7, 0.7, 0.7, 0.3, 0.1, 0.05, 0, 0, 0, 0, 0, 0
MINIGRANJALAPAZVERSO1 , INVD, 0, 0, 0, 0, 0, 5, 5, 5, 5, 5, 5, 5, 5, 5, 5, 5, 5, 5, 0, 0, 0, 0, 0, 0
MINIGRANJALAPUYA1 , D, 0, 0, 0, 0, 0, 0.01, 0.3, 0.6, 0.6, 0.7, 0.7, 0.8, 0.7, 0.7, 0.7, 0.3, 0.1, 0.05, 0, 0, 0, 0, 0, 0
MINIGRANJALAPUYA1 , INVD, 0, 0, 0, 0, 0, 5, 5, 5, 5, 5, 5, 5, 5, 5, 5, 5, 5, 5, 0, 0, 0, 0, 0, 0
MINIGRANJALARESERVA1 , D, 0, 0, 0, 0, 0, 0.01, 0.3, 0.6, 0.6, 0.7, 0.7, 0.8, 0.7, 0.7, 0.7, 0.3, 0.1, 0.05, 0, 0, 0, 0, 0, 0
MINIGRANJALARESERVA1 , INVD, 0, 0, 0, 0, 0, 5, 5, 5, 5, 5, 5, 5, 5, 5, 5, 5, 5, 5, 0, 0, 0, 0, 0, 0
MINIGRANJAVILLANUEVA1 , D, 0, 0, 0, 0, 0, 0.01, 0.3, 0.6, 0.6, 0.7, 0.8, 0.9, 0.8, 0.7, 0.7, 0.3, 0.1, 0.05, 0, 0, 0, 0, 0, 0
MINIGRANJAVILLANUEVA1 , INVD, 0, 0, 0, 0, 0, 5, 5, 5, 5, 5, 5, 5, 5, 5, 5, 5, 5, 5, 0, 0, 0, 0, 0, 0
PLANTASOLARBAYUNCAI1 , D, 0, 0, 0, 0, 0, 0.1, 0.7, 1.6, 2.1, 2.2, 2.1, 2.4, 2.4, 2.2, 1.8, 1, 0.3, 0, 0, 0, 0, 0, 0, 0
PLANTASOLARBAYUNCAI1 , INVD, 2, 2, 2, 2, 2, 2, 2, 2, 2, 2, 2, 2, 2, 2, 2, 2, 2, 2, 2, 2, 2, 2, 2, 2
POLARISI1 , D, 0, 0, 0, 0, 0, 0.01, 0.3, 0.6, 0.6, 0.7, 0.7, 0.8, 0.7, 0.7, 0.7, 0.3, 0.1, 0.05, 0, 0, 0, 0, 0, 0
POLARISI1 , INVD, 0, 0, 0, 0, 0, 5, 5, 5, 5, 5, 5, 5, 5, 5, 5, 5, 5, 5, 0, 0, 0, 0, 0, 0
SANONOFRE1 , D, 0, 0, 0, 0, 0, 0.01, 0.3, 0.6, 0.6, 0.7, 0.7, 0.8, 0.7, 0.7, 0.7, 0.3, 0.1, 0.05, 0, 0, 0, 0, 0, 0
SANONOFRE1 , INVD, 0, 0, 0, 0, 0, 3, 3, 3, 3, 3, 3, 3, 3, 3, 3, 3, 3, 3, 0, 0, 0, 0, 0, 0
URUACO1 , D, 0, 0, 0, 0, 0, 0.01, 0.3, 0.6, 0.6, 0.7, 0.7, 0.8, 0.7, 0.7, 0.7, 0.3, 0.01, 0.05, 0, 0, 0, 0, 0, 0
URUACO1 , INVD, 0, 0, 0, 0, 0, 11, 11, 11, 11, 11, 11, 11, 11, 11, 11, 11, 11, 11, 0, 0, 0, 0, 0, 0


AGENTE: URRA
PARQUESOLARINTII1 , D, 0, 0, 0, 0, 0, 0, 0, 0, 0, 0, 0, 0, 0, 0, 0, 0, 0, 0, 0, 0, 0, 0, 0, 0
PARQUESOLARINTII1 , INVD, 39, 39, 39, 39, 39, 39, 39, 39, 39, 39, 39, 39, 39, 39, 39, 39, 39, 39, 39, 39, 39, 39, 39, 39
URRA , P, 97000
URRA , MO, 156, 156, 156, 156, 156, 156, 156, 156, 156, 156, 156, 156, 228, 228, 228, 228, 228, 228, 228, 228, 228, 228, 156, 156
URRA1 , D, 78, 78, 78, 78, 78, 78, 78, 78, 78, 78, 78, 78, 76, 76, 76, 76, 76, 76, 76, 76, 76, 76, 78, 78
URRA2 , D, 78, 78, 78, 78, 78, 78, 78, 78, 78, 78, 78, 78, 76, 76, 76, 76, 76, 76, 76, 76, 76, 76, 78, 78
URRA3 , D, 0, 0, 0, 0, 0, 0, 0, 0, 0, 0, 0, 0, 0, 0, 0, 0, 0, 0, 0, 0, 0, 0, 0, 0
URRA4 , D, 0, 0, 0, 0, 0, 0, 0, 0, 0, 0, 0, 0, 76, 76, 76, 76, 76, 76, 76, 76, 76, 76, 0, 0


AGENTE: VATIA S.A.
ASNAZU1 , D, 0.45, 0.45, 0.45, 0.45, 0.45, 0.45, 0.45, 0.45, 0.45, 0.45, 0.45, 0.45, 0.45, 0.45, 0.45, 0.45, 0.45, 0.45, 0.45, 0.45, 0.45, 0.45, 0.45, 0.45
FLORIDA21 , D, 8, 8, 8, 8, 8, 8, 8, 8, 8, 8, 8, 8, 8, 8, 8, 8, 9.5, 9.5, 9.5, 9.5, 9.5, 9.5, 9.5, 8
FLORIDA22 , D, 8, 8, 8, 8, 8, 8, 8, 8, 8, 8, 8, 8, 8, 8, 8, 8, 9.5, 9.5, 9.5, 9.5, 9.5, 9.5, 9.5, 8
INZA1 , D, 0, 0, 0, 0, 0, 0, 0, 0, 0, 0, 0, 0, 0, 0, 0, 0, 0, 0, 0, 0, 0, 0, 0, 0
JUMI1 , D, 0, 0, 0, 0, 0, 0.67, 2.6, 4.88, 6.91, 8.59, 9.58, 9.69, 8.88, 7.63, 5.62, 3.12, 0.95, 0.02, 0, 0, 0, 0, 0, 0
JUMI1 , INVD, 37, 37, 37, 37, 37, 37, 37, 37, 37, 37, 37, 37, 37, 37, 37, 37, 37, 37, 37, 37, 37, 37, 37, 37
LACASCADA(ANTIOQUIA)1 , D, 1.33, 1.33, 1.33, 1.33, 1.33, 1.33, 1.33, 1.33, 1.33, 1.33, 1.33, 1.33, 1.33, 1.33, 1.33, 1.33, 1.33, 1.33, 1.33, 1.33, 1.33, 1.33, 1.33, 1.33
LASPALMAS1 , D, 1.4, 1.4, 1.4, 1.4, 1.4, 1.4, 1.4, 1.4, 1.4, 1.4, 1.4, 1.4, 1.4, 1.4, 1.4, 1.4, 1.4, 1.4, 1.4, 1.4, 1.4, 1.4, 1.4, 1.4
LASPALMAS2 , D, 1.4, 1.4, 1.4, 1.4, 1.4, 1.4, 1.4, 1.4, 1.4, 1.4, 1.4, 1.4, 1.4, 1.4, 1.4, 1.4, 1.4, 1.4, 1.4, 1.4, 1.4, 1.4, 1.4, 1.4
MONDOMO1 , D, 0.45, 0.45, 0.45, 0.45, 0.45, 0.45, 0.45, 0.45, 0.45, 0.45, 0.45, 0.45, 0.45, 0.45, 0.45, 0.45, 0.45, 0.45, 0.45, 0.45, 0.45, 0.45, 0.45, 0.45
OVEJAS1 , D, 0.82, 0.82, 0.82, 0.82, 0.82, 0.82, 0.82, 0.82, 0.82, 0.82, 0.82, 0.82, 0.82, 0.82, 0.82, 0.82, 0.82, 0.82, 0.82, 0.82, 0.82, 0.82, 0.82, 0.82
RIOPALO1 , D, 0.95, 0.95, 0.95, 0.95, 0.95, 0.95, 0.95, 0.95, 0.95, 0.95, 0.95, 0.95, 0.95, 0.95, 0.95, 0.95, 0.95, 0.95, 0.95, 0.95, 0.95, 0.95, 0.95, 0.95
SAJANDI1 , D, 0, 0, 0, 0, 0, 0, 0, 0, 0, 0, 0, 0, 0, 0, 0, 0, 0, 0, 0, 0, 0, 0, 0, 0
SILVIA1 , D, 0.34, 0.34, 0.34, 0.34, 0.34, 0.34, 0.34, 0.34, 0.34, 0.34, 0.34, 0.34, 0.34, 0.34, 0.34, 0.34, 0.34, 0.34, 0.34, 0.34, 0.34, 0.34, 0.34, 0.34
SOLAROLDT1 , D, 0, 0, 0, 0, 0, 0.66, 2.56, 4.8, 6.79, 8.45, 9.42, 9.53, 8.73, 7.5, 5.52, 3.07, 0.93, 0.02, 0, 0, 0, 0, 0, 0
SOLAROLDT1 , INVD, 37, 37, 37, 37, 37, 37, 37, 37, 37, 37, 37, 37, 37, 37, 37, 37, 37, 37, 37, 37, 37, 37, 37, 37


AGENTE: VOLTAJE EMPRESARIAL
AUTOGPALMERASDELACOSTA1 , D, 0, 0, 0, 0, 0, 0, 0, 0, 0, 0, 0, 0, 0, 0, 0, 0, 0, 0, 0, 0, 0, 0, 0, 0
AUTOGPALMERASDELACOSTA1 , INVD, 17, 17, 17, 17, 17, 17, 17, 17, 17, 17, 17, 17, 17, 17, 17, 17, 17, 17, 17, 17, 17, 17, 17, 17
TEQUENDAMABIOGAS1 , D, 0, 0, 0, 0, 0, 0, 0, 0, 0, 0, 0, 0, 0, 0, 0, 0, 0, 0, 0, 0, 0, 0, 0, 0


